codice_belfiore,nome,provincia,regione,codice_istat
A001,Abano Terme,PD,Veneto,028001
A004,Abbadia Cerreto,LO,Lombardia,098001
A005,Abbadia Lariana,LC,Lombardia,097001
A006,Abbadia San Salvatore,SI,Toscana,052001
A007,Abbasanta,OR,Sardegna,115001
A008,Abbateggio,PE,Abruzzo,068001
A010,Abbiategrasso,MI,Lombardia,015002
M376,Abetone Cutigliano,PT,Toscana,047023
A013,Abriola,PZ,Basilicata,076001
A014,Acate,RG,Sicilia,088001
A015,Accadia,FG,Puglia,071001
A016,Acceglio,CN,Piemonte,004001
A017,Accettura,MT,Basilicata,077001
A018,Acciano,AQ,Abruzzo,066001
A019,Accumoli,RI,Lazio,057001
A020,Acerenza,PZ,Basilicata,076002
A023,Acerno,SA,Campania,065001
A024,Acerra,,Campania,063001
A025,Aci Bonaccorsi,CT,Sicilia,087001
A026,Aci Castello,CT,Sicilia,087002
A027,Aci Catena,CT,Sicilia,087003
A029,Aci Sant'Antonio,CT,Sicilia,087005
A028,Acireale,CT,Sicilia,087004
A032,Acquafondata,FR,Lazio,060001
A033,Acquaformosa,CS,Calabria,078001
A034,Acquafredda,BS,Lombardia,017001
A035,Acqualagna,PU,Marche,041001
A039,Acquanegra Cremonese,CR,Lombardia,019001
A038,Acquanegra sul Chiese,MN,Lombardia,020001
A040,Acquapendente,VT,Lazio,056001
A041,Acquappesa,CS,Calabria,078002
A043,Acquaro,VV,Calabria,102001
A044,Acquasanta Terme,AP,Marche,044001
A045,Acquasparta,TR,Umbria,055001
A050,Acquaviva Collecroce,CB,Molise,070001
A047,Acquaviva Picena,AP,Marche,044002
A049,Acquaviva Platani,CL,Sicilia,085001
A051,Acquaviva d'Isernia,IS,Molise,094001
A048,Acquaviva delle Fonti,BA,Puglia,072001
M211,Acquedolci,ME,Sicilia,083107
A052,Acqui Terme,AL,Piemonte,006001
A053,Acri,CS,Calabria,078003
A054,Acuto,FR,Lazio,060002
A055,Adelfia,BA,Puglia,072002
A056,Adrano,CT,Sicilia,087006
A057,Adrara San Martino,BG,Lombardia,016001
A058,Adrara San Rocco,BG,Lombardia,016002
A059,Adria,RO,Veneto,029001
A060,Adro,BS,Lombardia,017002
A061,Affi,VR,Veneto,023001
A062,Affile,RM,Lazio,058001
A064,Afragola,,Campania,063002
A065,Africo,RC,Calabria,080001
A067,Agazzano,PC,Emilia-Romagna,033001
A068,Agerola,,Campania,063003
A069,Aggius,OT,Sardegna,113001
A070,Agira,EN,Sicilia,086001
A071,Agliana,PT,Toscana,047002
A072,Agliano Terme,AT,Piemonte,005001
H848,Aglientu,OT,Sardegna,113002
A074,Agliè,TO,Piemonte,001001
A075,Agna,PD,Veneto,028002
A076,Agnadello,CR,Lombardia,019002
A077,Agnana Calabra,RC,Calabria,080002
A080,Agnone,IS,Molise,094002
A082,Agnosine,BS,Lombardia,017003
A083,Agordo,BL,Veneto,025001
A084,Agosta,RM,Lazio,058002
A085,Agra,VA,Lombardia,012001
A087,Agrate Brianza,MB,Lombardia,108001
A088,Agrate Conturbia,NO,Piemonte,003001
A089,Agrigento,AG,Sicilia,084001
A091,Agropoli,SA,Campania,065002
A092,Agugliano,AN,Marche,042001
A093,Agugliaro,VI,Veneto,024001
A096,Aicurzio,MB,Lombardia,108002
A097,Aidomaggiore,OR,Sardegna,115002
A098,Aidone,EN,Sicilia,086002
A100,Aielli,AQ,Abruzzo,066002
A102,Aiello Calabro,CS,Calabria,078004
A103,Aiello del Friuli,UD,Friuli-Venezia Giulia,030001
A101,Aiello del Sabato,AV,Campania,064001
A105,Aieta,CS,Calabria,078005
A106,Ailano,CE,Campania,061001
A107,Ailoche,BI,Piemonte,096001
A109,Airasca,TO,Piemonte,001002
A110,Airola,BN,Campania,062001
A111,Airole,IM,Liguria,008001
A112,Airuno,LC,Lombardia,097002
A113,Aisone,CN,Piemonte,004002
A116,Ala,TN,Trentino-Alto Adige/Südtirol,022001
A117,Ala di Stura,TO,Piemonte,001003
A118,Alagna,PV,Lombardia,018001
A119,Alagna Valsesia,VC,Piemonte,002002
A120,Alanno,PE,Abruzzo,068002
A122,Alassio,SV,Liguria,009001
A123,Alatri,FR,Lazio,060003
A124,Alba,CN,Piemonte,004003
A125,Alba Adriatica,TE,Abruzzo,067001
A126,Albagiara,OR,Sardegna,115003
A127,Albairate,MI,Lombardia,015005
A128,Albanella,SA,Campania,065003
A132,Albano Laziale,RM,Lazio,058003
A129,Albano Sant'Alessandro,BG,Lombardia,016003
A130,Albano Vercellese,VC,Piemonte,002003
A131,Albano di Lucania,PZ,Basilicata,076003
A137,Albaredo d'Adige,VR,Veneto,023002
A135,Albaredo per San Marco,SO,Lombardia,014001
A138,Albareto,PR,Emilia-Romagna,034001
A139,Albaretto della Torre,CN,Piemonte,004004
A143,Albavilla,CO,Lombardia,013003
A145,Albenga,SV,Liguria,009002
A146,Albera Ligure,AL,Piemonte,006002
A149,Alberobello,BA,Puglia,072003
A150,Alberona,FG,Puglia,071002
A153,Albese con Cassano,CO,Lombardia,013004
A154,Albettone,VI,Veneto,024002
A155,Albi,CZ,Calabria,079002
A158,Albiano,TN,Trentino-Alto Adige/Südtirol,022002
A157,Albiano d'Ivrea,TO,Piemonte,001004
A159,Albiate,MB,Lombardia,108003
A160,Albidona,CS,Calabria,078006
A161,Albignasego,PD,Veneto,028003
A162,Albinea,RE,Emilia-Romagna,035001
A163,Albino,BG,Lombardia,016004
A164,Albiolo,CO,Lombardia,013005
A166,Albisola Superiore,SV,Liguria,009004
A165,Albissola Marina,SV,Liguria,009003
A167,Albizzate,VA,Lombardia,012002
A171,Albonese,PV,Lombardia,018003
A172,Albosaggia,SO,Lombardia,014002
A173,Albugnano,AT,Piemonte,005002
A175,Albuzzano,PV,Lombardia,018004
A176,Alcamo,TP,Sicilia,081001
A177,Alcara li Fusi,ME,Sicilia,083001
A178,Aldeno,TN,Trentino-Alto Adige/Südtirol,022003
A179,Aldino,BZ,Trentino-Alto Adige/Südtirol,021001
A180,Ales,OR,Sardegna,115004
A182,Alessandria,AL,Piemonte,006003
A183,Alessandria del Carretto,CS,Calabria,078007
A181,Alessandria della Rocca,AG,Sicilia,084002
A184,Alessano,LE,Puglia,075002
A185,Alezio,LE,Puglia,075003
A186,Alfano,SA,Campania,065004
A187,Alfedena,AQ,Abruzzo,066003
A188,Alfianello,BS,Lombardia,017004
A189,Alfiano Natta,AL,Piemonte,006004
A191,Alfonsine,RA,Emilia-Romagna,039001
A192,Alghero,SS,Sardegna,112001
A193,Algua,BG,Lombardia,016248
A195,Alia,PA,Sicilia,082001
A196,Aliano,MT,Basilicata,077002
A197,Alice Bel Colle,AL,Piemonte,006005
A198,Alice Castello,VC,Piemonte,002004
A200,Alife,CE,Campania,061002
A202,Alimena,PA,Sicilia,082002
A203,Aliminusa,PA,Sicilia,082003
A204,Allai,OR,Sardegna,115005
A206,Alleghe,BL,Veneto,025003
A205,Allein,AO,Valle d'Aosta/Vallée d'Aoste,007001
A207,Allerona,TR,Umbria,055002
A208,Alliste,LE,Puglia,075004
A210,Allumiere,RM,Lazio,058004
M397,Alluvioni Piovera,AL,Piemonte,006192
A216,Almenno San Bartolomeo,BG,Lombardia,016006
A217,Almenno San Salvatore,BG,Lombardia,016007
A218,Almese,TO,Piemonte,001006
A214,Almè,BG,Lombardia,016005
A220,Alonte,VI,Veneto,024003
M375,Alpago,BL,Veneto,025072
A221,Alpette,TO,Piemonte,001007
A222,Alpignano,TO,Piemonte,001008
A223,Alseno,PC,Emilia-Romagna,033002
A224,Alserio,CO,Lombardia,013006
M386,Alta Val Tidone,PC,Emilia-Romagna,033049
M383,Alta Valle Intelvi,CO,Lombardia,013253
A225,Altamura,BA,Puglia,072004
A226,Altare,SV,Liguria,009005
M349,Altavalle,TN,Trentino-Alto Adige/Südtirol,022235
A228,Altavilla Irpina,AV,Campania,064002
A229,Altavilla Milicia,PA,Sicilia,082004
A227,Altavilla Monferrato,AL,Piemonte,006007
A230,Altavilla Silentina,SA,Campania,065005
A231,Altavilla Vicentina,VI,Veneto,024004
A233,Altidona,FM,Marche,109001
A234,Altilia,CS,Calabria,078008
A235,Altino,CH,Abruzzo,069001
A236,Altissimo,VI,Veneto,024005
A237,Altivole,TV,Veneto,026001
A238,Alto,CN,Piemonte,004005
M369,Alto Reno Terme,BO,Emilia-Romagna,037062
M389,Alto Sermenza,VC,Piemonte,002170
A239,Altofonte,PA,Sicilia,082005
A240,Altomonte,CS,Calabria,078009
A241,Altopascio,LU,Toscana,046001
M350,Altopiano della Vigolana,TN,Trentino-Alto Adige/Südtirol,022236
A242,Alviano,TR,Umbria,055003
A243,Alvignano,CE,Campania,061003
A244,Alvito,FR,Lazio,060004
A246,Alzano Lombardo,BG,Lombardia,016008
A245,Alzano Scrivia,AL,Piemonte,006008
A249,Alzate Brianza,CO,Lombardia,013007
A115,Alà dei Sardi,OT,Sardegna,113003
A194,Alì,ME,Sicilia,083002
A201,Alì Terme,ME,Sicilia,083003
A251,Amalfi,SA,Campania,065006
A252,Amandola,FM,Marche,109002
A253,Amantea,CS,Calabria,078010
A254,Amaro,UD,Friuli-Venezia Giulia,030002
A255,Amaroni,CZ,Calabria,079003
A256,Amaseno,FR,Lazio,060005
A257,Amato,CZ,Calabria,079004
A258,Amatrice,RI,Lazio,057002
A259,Ambivere,BG,Lombardia,016009
M351,Amblar-Don,TN,Trentino-Alto Adige/Südtirol,022237
A261,Ameglia,SP,Liguria,011001
A262,Amelia,TR,Umbria,055004
A263,Amendolara,CS,Calabria,078011
A264,Ameno,NO,Piemonte,003002
A265,Amorosi,BN,Campania,062002
A267,Ampezzo,UD,Friuli-Venezia Giulia,030003
A268,Anacapri,,Campania,063004
A269,Anagni,FR,Lazio,060006
A270,Ancarano,TE,Abruzzo,067002
A271,Ancona,AN,Marche,042002
A272,Andali,CZ,Calabria,079005
A274,Andalo,TN,Trentino-Alto Adige/Südtirol,022005
A273,Andalo Valtellino,SO,Lombardia,014003
A275,Andezeno,TO,Piemonte,001009
A278,Andora,SV,Liguria,009006
A280,Andorno Micca,BI,Piemonte,096002
A281,Andrano,LE,Puglia,075005
A282,Andrate,TO,Piemonte,001010
A283,Andreis,PN,Friuli-Venezia Giulia,093001
A284,Andretta,AV,Campania,064003
A285,Andria,BT,Puglia,110001
A286,Andriano,BZ,Trentino-Alto Adige/Südtirol,021002
A287,Anela,SS,Sardegna,112002
A288,Anfo,BS,Lombardia,017005
A290,Angera,VA,Lombardia,012003
A291,Anghiari,AR,Toscana,051001
A292,Angiari,VR,Veneto,023003
A293,Angolo Terme,BS,Lombardia,017006
A294,Angri,SA,Campania,065007
A295,Angrogna,TO,Piemonte,001011
A297,Anguillara Sabazia,RM,Lazio,058005
A296,Anguillara Veneta,PD,Veneto,028004
A299,Annicco,CR,Lombardia,019003
A302,Annone Veneto,VE,Veneto,027001
A301,Annone di Brianza,LC,Lombardia,097003
A303,Anoia,RC,Calabria,080003
A304,Antegnate,BG,Lombardia,016010
A306,Anterivo,BZ,Trentino-Alto Adige/Südtirol,021003
A305,Antey-Saint-André,AO,Valle d'Aosta/Vallée d'Aoste,007002
A309,Anticoli Corrado,RM,Lazio,058006
A312,Antignano,AT,Piemonte,005003
A313,Antillo,ME,Sicilia,083004
A314,Antonimina,RC,Calabria,080004
A315,Antrodoco,RI,Lazio,057003
A317,Antrona Schieranco,VB,Piemonte,103001
A318,Anversa degli Abruzzi,AQ,Abruzzo,066004
A319,Anzano del Parco,CO,Lombardia,013009
A320,Anzano di Puglia,FG,Puglia,071003
A321,Anzi,PZ,Basilicata,076004
A323,Anzio,RM,Lazio,058007
A325,Anzola d'Ossola,VB,Piemonte,103002
A324,Anzola dell'Emilia,BO,Emilia-Romagna,037001
A326,Aosta,AO,Valle d'Aosta/Vallée d'Aoste,007003
A327,Apecchio,PU,Marche,041002
A328,Apice,BN,Campania,062003
A329,Apiro,MC,Marche,043002
A330,Apollosa,BN,Campania,062004
A333,Appiano Gentile,CO,Lombardia,013010
A332,Appiano sulla strada del vino,BZ,Trentino-Alto Adige/Südtirol,021004
A334,Appignano,MC,Marche,043003
A335,Appignano del Tronto,AP,Marche,044005
A337,Aprica,SO,Lombardia,014004
A338,Apricale,IM,Liguria,008002
A339,Apricena,FG,Puglia,071004
A340,Aprigliano,CS,Calabria,078012
A341,Aprilia,LT,Lazio,059001
A343,Aquara,SA,Campania,065008
A344,Aquila d'Arroscia,IM,Liguria,008003
A346,Aquileia,UD,Friuli-Venezia Giulia,030004
A347,Aquilonia,AV,Campania,064004
A348,Aquino,FR,Lazio,060007
A350,Aradeo,LE,Puglia,075006
A351,Aragona,AG,Sicilia,084003
A352,Aramengo,AT,Piemonte,005004
A354,Arba,PN,Friuli-Venezia Giulia,093002
A357,Arborea,OR,Sardegna,115006
A358,Arborio,VC,Piemonte,002006
A359,Arbus,VS,Sardegna,117001
A360,Arcade,TV,Veneto,026002
A363,Arce,FR,Lazio,060008
A365,Arcene,BG,Lombardia,016011
A366,Arcevia,AN,Marche,042003
A367,Archi,CH,Abruzzo,069002
A369,Arcidosso,GR,Toscana,053001
A370,Arcinazzo Romano,RM,Lazio,058008
A371,Arcisate,VA,Lombardia,012004
A372,Arco,TN,Trentino-Alto Adige/Südtirol,022006
A373,Arcola,SP,Liguria,011002
A374,Arcole,VR,Veneto,023004
A375,Arconate,MI,Lombardia,015007
A376,Arcore,MB,Lombardia,108004
A377,Arcugnano,VI,Veneto,024006
A379,Ardara,SS,Sardegna,112003
A380,Ardauli,OR,Sardegna,115007
M213,Ardea,RM,Lazio,058117
A382,Ardenno,SO,Lombardia,014005
A383,Ardesio,BG,Lombardia,016012
A385,Ardore,RC,Calabria,080005
A386,Arena,VV,Calabria,102002
A387,Arena Po,PV,Lombardia,018005
A388,Arenzano,GE,Liguria,010001
A389,Arese,MI,Lombardia,015009
A390,Arezzo,AR,Toscana,051002
A391,Argegno,CO,Lombardia,013011
A392,Argelato,BO,Emilia-Romagna,037002
A393,Argenta,FE,Emilia-Romagna,038001
A394,Argentera,CN,Piemonte,004006
A396,Arguello,CN,Piemonte,004007
A397,Argusto,CZ,Calabria,079007
A398,Ari,CH,Abruzzo,069003
A399,Ariano Irpino,AV,Campania,064005
A400,Ariano nel Polesine,RO,Veneto,029002
A401,Ariccia,RM,Lazio,058009
A402,Arielli,CH,Abruzzo,069004
A403,Arienzo,CE,Campania,061004
A405,Arignano,TO,Piemonte,001012
A407,Aritzo,NU,Sardegna,114001
A409,Arizzano,VB,Piemonte,103003
A412,Arlena di Castro,VT,Lazio,056002
A413,Arluno,MI,Lombardia,015010
A414,Armeno,NO,Piemonte,003006
A415,Armento,PZ,Basilicata,076005
A418,Armo,IM,Liguria,008004
A419,Armungia,CA,Sardegna,118001
A424,Arnad,AO,Valle d'Aosta/Vallée d'Aoste,007004
A421,Arnara,FR,Lazio,060009
A422,Arnasco,SV,Liguria,009007
A425,Arnesano,LE,Puglia,075007
A427,Arola,VB,Piemonte,103004
A429,Arona,NO,Piemonte,003008
A430,Arosio,CO,Lombardia,013012
A431,Arpaia,BN,Campania,062005
A432,Arpaise,BN,Campania,062006
A433,Arpino,FR,Lazio,060010
A436,Arquata Scrivia,AL,Piemonte,006009
A437,Arquata del Tronto,AP,Marche,044006
A434,Arquà Petrarca,PD,Veneto,028005
A435,Arquà Polesine,RO,Veneto,029003
A438,Arre,PD,Veneto,028006
A439,Arrone,TR,Umbria,055005
A441,Arsago Seprio,VA,Lombardia,012005
A444,Arsiero,VI,Veneto,024007
A445,Arsita,TE,Abruzzo,067003
A443,Arsiè,BL,Veneto,025004
A446,Arsoli,RM,Lazio,058010
A447,Arta Terme,UD,Friuli-Venezia Giulia,030005
A448,Artegna,UD,Friuli-Venezia Giulia,030006
A449,Artena,RM,Lazio,058011
A451,Artogne,BS,Lombardia,017007
A452,Arvier,AO,Valle d'Aosta/Vallée d'Aoste,007005
A453,Arzachena,OT,Sardegna,113004
A440,Arzago d'Adda,BG,Lombardia,016013
A454,Arzana,OG,Sardegna,116001
A455,Arzano,,Campania,063005
A458,Arzergrande,PD,Veneto,028007
A459,Arzignano,VI,Veneto,024008
A460,Ascea,SA,Campania,065009
A461,Asciano,SI,Toscana,052002
A462,Ascoli Piceno,AP,Marche,044007
A463,Ascoli Satriano,FG,Puglia,071005
A464,Ascrea,RI,Lazio,057004
A465,Asiago,VI,Veneto,024009
A467,Asigliano Veneto,VI,Veneto,024010
A466,Asigliano Vercellese,VC,Piemonte,002007
A470,Asola,MN,Lombardia,020002
A471,Asolo,TV,Veneto,026003
A473,Assago,MI,Lombardia,015011
A474,Assemini,CA,Sardegna,118002
A475,Assisi,PG,Umbria,054001
A476,Asso,CO,Lombardia,013013
A477,Assolo,OR,Sardegna,115008
A478,Assoro,EN,Sicilia,086003
A479,Asti,AT,Piemonte,005005
A480,Asuni,OR,Sardegna,115009
A481,Ateleta,AQ,Abruzzo,066005
A482,Atella,PZ,Basilicata,076006
A484,Atena Lucana,SA,Campania,065010
A485,Atessa,CH,Abruzzo,069005
A486,Atina,FR,Lazio,060011
A487,Atrani,SA,Campania,065011
A488,Atri,TE,Abruzzo,067004
A489,Atripalda,AV,Campania,064006
A490,Attigliano,TR,Umbria,055006
A491,Attimis,UD,Friuli-Venezia Giulia,030007
A492,Atzara,NU,Sardegna,114002
A494,Augusta,SR,Sicilia,089001
A495,Auletta,SA,Campania,065012
A496,Aulla,MS,Toscana,045001
A497,Aurano,VB,Piemonte,103005
A499,Aurigo,IM,Liguria,008005
A501,Auronzo di Cadore,BL,Veneto,025005
A502,Ausonia,FR,Lazio,060012
A503,Austis,NU,Sardegna,114003
A506,Avegno,GE,Liguria,010002
A507,Avelengo,BZ,Trentino-Alto Adige/Südtirol,021005
A508,Avella,AV,Campania,064007
A509,Avellino,AV,Campania,064008
A511,Averara,BG,Lombardia,016014
A512,Aversa,CE,Campania,061005
A514,Avetrana,TA,Puglia,073001
A515,Avezzano,AQ,Abruzzo,066006
A516,Aviano,PN,Friuli-Venezia Giulia,093004
A517,Aviatico,BG,Lombardia,016015
A518,Avigliana,TO,Piemonte,001013
A519,Avigliano,PZ,Basilicata,076007
M258,Avigliano Umbro,TR,Umbria,055033
A520,Avio,TN,Trentino-Alto Adige/Südtirol,022007
A521,Avise,AO,Valle d'Aosta/Vallée d'Aoste,007006
A522,Avola,SR,Sicilia,089002
A523,Avolasca,AL,Piemonte,006010
A094,Ayas,AO,Valle d'Aosta/Vallée d'Aoste,007007
A108,Aymavilles,AO,Valle d'Aosta/Vallée d'Aoste,007008
A525,Azeglio,TO,Piemonte,001014
A526,Azzanello,CR,Lombardia,019004
A530,Azzano Decimo,PN,Friuli-Venezia Giulia,093005
A529,Azzano Mella,BS,Lombardia,017008
A528,Azzano San Paolo,BG,Lombardia,016016
A527,Azzano d'Asti,AT,Piemonte,005006
A531,Azzate,VA,Lombardia,012006
A532,Azzio,VA,Lombardia,012007
A533,Azzone,BG,Lombardia,016017
A534,Baceno,VB,Piemonte,103006
A535,Bacoli,,Campania,063006
A536,Badalucco,IM,Liguria,008006
M214,Badesi,OT,Sardegna,113005
A537,Badia,BZ,Trentino-Alto Adige/Südtirol,021006
A540,Badia Calavena,VR,Veneto,023005
A538,Badia Pavese,PV,Lombardia,018006
A539,Badia Polesine,RO,Veneto,029004
A541,Badia Tedalda,AR,Toscana,051003
A542,Badolato,CZ,Calabria,079008
A544,Bagaladi,RC,Calabria,080006
A546,Bagheria,PA,Sicilia,082006
A547,Bagnacavallo,RA,Emilia-Romagna,039002
A552,Bagnara Calabra,RC,Calabria,080007
A551,Bagnara di Romagna,RA,Emilia-Romagna,039003
A550,Bagnaria,PV,Lombardia,018007
A553,Bagnaria Arsa,UD,Friuli-Venezia Giulia,030008
A555,Bagnasco,CN,Piemonte,004008
A557,Bagnatica,BG,Lombardia,016018
A560,Bagni di Lucca,LU,Toscana,046002
A564,Bagno a Ripoli,FI,Toscana,048001
A565,Bagno di Romagna,FC,Emilia-Romagna,040001
A566,Bagnoli Irpino,AV,Campania,064009
A567,Bagnoli del Trigno,IS,Molise,094003
A568,Bagnoli di Sopra,PD,Veneto,028008
A570,Bagnolo Cremasco,CR,Lombardia,019005
A569,Bagnolo Mella,BS,Lombardia,017009
A571,Bagnolo Piemonte,CN,Piemonte,004009
A575,Bagnolo San Vito,MN,Lombardia,020003
A572,Bagnolo del Salento,LE,Puglia,075008
A574,Bagnolo di Po,RO,Veneto,029005
A573,Bagnolo in Piano,RE,Emilia-Romagna,035002
A576,Bagnone,MS,Toscana,045002
A577,Bagnoregio,VT,Lazio,056003
A578,Bagolino,BS,Lombardia,017010
A579,Baia e Latina,CE,Campania,061006
A580,Baiano,AV,Campania,064010
A584,Bairo,TO,Piemonte,001015
A586,Baiso,RE,Emilia-Romagna,035003
A581,Bajardo,IM,Liguria,008007
A587,Balangero,TO,Piemonte,001016
A588,Baldichieri d'Asti,AT,Piemonte,005007
A590,Baldissero Canavese,TO,Piemonte,001017
A591,Baldissero Torinese,TO,Piemonte,001018
A589,Baldissero d'Alba,CN,Piemonte,004010
A592,Balestrate,PA,Sicilia,082007
A593,Balestrino,SV,Liguria,009008
A594,Ballabio,LC,Lombardia,097004
A597,Ballao,CA,Sardegna,118003
A599,Balme,TO,Piemonte,001019
A600,Balmuccia,VC,Piemonte,002008
A601,Balocco,VC,Piemonte,002009
A603,Balsorano,AQ,Abruzzo,066007
A604,Balvano,PZ,Basilicata,076008
A605,Balzola,AL,Piemonte,006011
A606,Banari,SS,Sardegna,112004
A607,Banchette,TO,Piemonte,001020
A610,Bannio Anzino,VB,Piemonte,103007
A612,Banzi,PZ,Basilicata,076009
A613,Baone,PD,Veneto,028009
A614,Baradili,OR,Sardegna,115010
A615,Baragiano,PZ,Basilicata,076010
A616,Baranello,CB,Molise,070002
A617,Barano d'Ischia,,Campania,063007
A618,Baranzate,MI,Lombardia,015250
A619,Barasso,VA,Lombardia,012008
A621,Baratili San Pietro,OR,Sardegna,115011
A625,Barbania,TO,Piemonte,001021
A626,Barbara,AN,Marche,042004
M401,Barbarano Mossano,VI,Veneto,024124
A628,Barbarano Romano,VT,Lazio,056004
A629,Barbaresco,CN,Piemonte,004011
A630,Barbariga,BS,Lombardia,017011
A631,Barbata,BG,Lombardia,016019
M408,Barberino Tavarnelle,FI,Toscana,048054
A632,Barberino di Mugello,FI,Toscana,048002
A634,Barbianello,PV,Lombardia,018008
A635,Barbiano,BZ,Trentino-Alto Adige/Südtirol,021007
A637,Barbona,PD,Veneto,028010
A638,Barcellona Pozzo di Gotto,ME,Sicilia,083005
A640,Barcis,PN,Friuli-Venezia Giulia,093006
A643,Bard,AO,Valle d'Aosta/Vallée d'Aoste,007009
M433,Bardello con Malgesso e Bregano,VA,Lombardia,012144
A646,Bardi,PR,Emilia-Romagna,034002
A647,Bardineto,SV,Liguria,009009
A650,Bardolino,VR,Veneto,023006
A651,Bardonecchia,TO,Piemonte,001022
A652,Bareggio,MI,Lombardia,015012
A653,Barengo,NO,Piemonte,003012
A655,Baressa,OR,Sardegna,115012
A656,Barete,AQ,Abruzzo,066008
A657,Barga,LU,Toscana,046003
A658,Bargagli,GE,Liguria,010003
A660,Barge,CN,Piemonte,004012
A661,Barghe,BS,Lombardia,017012
A662,Bari,BA,Puglia,072006
A663,Bari Sardo,OG,Sardegna,116002
A664,Bariano,BG,Lombardia,016020
A665,Baricella,BO,Emilia-Romagna,037003
A666,Barile,PZ,Basilicata,076011
A667,Barisciano,AQ,Abruzzo,066009
A668,Barlassina,MB,Lombardia,108005
A669,Barletta,BT,Puglia,110002
A670,Barni,CO,Lombardia,013015
A671,Barolo,CN,Piemonte,004013
A673,Barone Canavese,TO,Piemonte,001023
A674,Baronissi,SA,Campania,065013
A676,Barrafranca,EN,Sicilia,086004
A677,Barrali,CA,Sardegna,118004
A678,Barrea,AQ,Abruzzo,066010
A681,Barumini,VS,Sardegna,117002
A683,Barzago,LC,Lombardia,097005
A684,Barzana,BG,Lombardia,016021
A686,Barzanò,LC,Lombardia,097006
A687,Barzio,LC,Lombardia,097007
A689,Basaluzzo,AL,Piemonte,006012
A690,Bascapè,PV,Lombardia,018009
A691,Baschi,TR,Umbria,055007
A692,Basciano,TE,Abruzzo,067005
A694,Baselga di Pinè,TN,Trentino-Alto Adige/Südtirol,022009
A696,Baselice,BN,Campania,062007
A697,Basiano,MI,Lombardia,015014
A698,Basicò,ME,Sicilia,083006
A699,Basiglio,MI,Lombardia,015015
A700,Basiliano,UD,Friuli-Venezia Giulia,030009
A702,Bassano Bresciano,BS,Lombardia,017013
A704,Bassano Romano,VT,Lazio,056005
A703,Bassano del Grappa,VI,Veneto,024012
A706,Bassano in Teverina,VT,Lazio,056006
A707,Bassiano,LT,Lazio,059002
A708,Bassignana,AL,Piemonte,006013
A709,Bastia Mondovì,CN,Piemonte,004014
A710,Bastia Umbra,PG,Umbria,054002
A712,Bastida Pancarana,PV,Lombardia,018011
A713,Bastiglia,MO,Emilia-Romagna,036001
A714,Battaglia Terme,PD,Veneto,028011
A716,Battifollo,CN,Piemonte,004015
A717,Battipaglia,SA,Campania,065014
A718,Battuda,PV,Lombardia,018012
A719,Baucina,PA,Sicilia,082008
A721,Bauladu,OR,Sardegna,115013
A722,Baunei,OG,Sardegna,116003
A725,Baveno,VB,Piemonte,103008
A728,Bedero Valcuvia,VA,Lombardia,012010
A729,Bedizzole,BS,Lombardia,017014
A730,Bedollo,TN,Trentino-Alto Adige/Südtirol,022011
A731,Bedonia,PR,Emilia-Romagna,034003
A732,Bedulita,BG,Lombardia,016022
A733,Bee,VB,Piemonte,103009
A734,Beinasco,TO,Piemonte,001024
A735,Beinette,CN,Piemonte,004016
A736,Belcastro,CZ,Calabria,079009
A737,Belfiore,VR,Veneto,023007
A738,Belforte Monferrato,AL,Piemonte,006014
A740,Belforte all'Isauro,PU,Marche,041005
A739,Belforte del Chienti,MC,Marche,043004
A741,Belgioioso,PV,Lombardia,018013
A742,Belgirate,VB,Piemonte,103010
A743,Bella,PZ,Basilicata,076012
M335,Bellagio,CO,Lombardia,013250
A745,Bellano,LC,Lombardia,097008
A746,Bellante,TE,Abruzzo,067006
A747,Bellaria-Igea Marina,RN,Emilia-Romagna,099001
A749,Bellegra,RM,Lazio,058012
A750,Bellino,CN,Piemonte,004017
A751,Bellinzago Lombardo,MI,Lombardia,015016
A752,Bellinzago Novarese,NO,Piemonte,003016
M294,Bellizzi,SA,Campania,065158
A755,Bellona,CE,Campania,061007
A756,Bellosguardo,SA,Campania,065015
A757,Belluno,BL,Veneto,025006
A759,Bellusco,MB,Lombardia,108006
A762,Belmonte Calabro,CS,Calabria,078013
A763,Belmonte Castello,FR,Lazio,060013
A764,Belmonte Mezzagno,PA,Sicilia,082009
A760,Belmonte Piceno,FM,Marche,109003
A761,Belmonte del Sannio,IS,Molise,094004
A765,Belmonte in Sabina,RI,Lazio,057005
A766,Belpasso,CT,Sicilia,087007
A768,Belsito,CS,Calabria,078014
A774,Belvedere Langhe,CN,Piemonte,004018
A773,Belvedere Marittimo,CS,Calabria,078015
A769,Belvedere Ostrense,AN,Marche,042005
A772,Belvedere di Spinello,KR,Calabria,101001
A770,Belveglio,AT,Piemonte,005008
A776,Belvì,NU,Sardegna,114004
A777,Bema,SO,Lombardia,014006
A778,Bene Lario,CO,Lombardia,013021
A779,Bene Vagienna,CN,Piemonte,004019
A780,Benestare,RC,Calabria,080008
A781,Benetutti,SS,Sardegna,112005
A782,Benevello,CN,Piemonte,004020
A783,Benevento,BN,Campania,062008
A784,Benna,BI,Piemonte,096003
A785,Bentivoglio,BO,Emilia-Romagna,037005
A786,Berbenno,BG,Lombardia,016023
A787,Berbenno di Valtellina,SO,Lombardia,014007
A788,Berceto,PR,Emilia-Romagna,034004
A789,Berchidda,OT,Sardegna,113006
A791,Beregazzo con Figliaro,CO,Lombardia,013022
A792,Bereguardo,PV,Lombardia,018014
A793,Bergamasco,AL,Piemonte,006015
A794,Bergamo,BG,Lombardia,016024
A795,Bergantino,RO,Veneto,029006
A796,Bergeggi,SV,Liguria,009010
A798,Bergolo,CN,Piemonte,004021
A799,Berlingo,BS,Lombardia,017015
A801,Bernalda,MT,Basilicata,077003
A802,Bernareggio,MB,Lombardia,108007
A804,Bernate Ticino,MI,Lombardia,015019
A805,Bernezzo,CN,Piemonte,004022
A809,Bertinoro,FC,Emilia-Romagna,040003
A810,Bertiolo,UD,Friuli-Venezia Giulia,030010
A811,Bertonico,LO,Lombardia,098002
A812,Berzano di San Pietro,AT,Piemonte,005009
A813,Berzano di Tortona,AL,Piemonte,006016
A816,Berzo Demo,BS,Lombardia,017016
A817,Berzo Inferiore,BS,Lombardia,017017
A815,Berzo San Fermo,BG,Lombardia,016025
A818,Besana in Brianza,MB,Lombardia,108008
A819,Besano,VA,Lombardia,012011
A820,Besate,MI,Lombardia,015022
A821,Besenello,TN,Trentino-Alto Adige/Südtirol,022013
A823,Besenzone,PC,Emilia-Romagna,033003
A825,Besnate,VA,Lombardia,012012
A826,Besozzo,VA,Lombardia,012013
A827,Bessude,SS,Sardegna,112006
A831,Bettola,PC,Emilia-Romagna,033004
A832,Bettona,PG,Umbria,054003
A834,Beura-Cardezza,VB,Piemonte,103011
A835,Bevagna,PG,Umbria,054004
A836,Beverino,SP,Liguria,011003
A837,Bevilacqua,VR,Veneto,023008
A841,Biancavilla,CT,Sicilia,087008
A842,Bianchi,CS,Calabria,078016
A843,Bianco,RC,Calabria,080009
A844,Biandrate,NO,Piemonte,003018
A845,Biandronno,VA,Lombardia,012014
A846,Bianzano,BG,Lombardia,016026
A848,Bianzone,SO,Lombardia,014008
A847,Bianzè,VC,Piemonte,002011
A849,Biassono,MB,Lombardia,108009
A850,Bibbiano,RE,Emilia-Romagna,035004
A851,Bibbiena,AR,Toscana,051004
A852,Bibbona,LI,Toscana,049001
A853,Bibiana,TO,Piemonte,001025
A854,Biccari,FG,Puglia,071006
A855,Bicinicco,UD,Friuli-Venezia Giulia,030011
A856,Bidonì,OR,Sardegna,115014
A859,Biella,BI,Piemonte,096004
A861,Bienno,BS,Lombardia,017018
A863,Bieno,TN,Trentino-Alto Adige/Südtirol,022015
A864,Bientina,PI,Toscana,050001
A870,Binago,CO,Lombardia,013023
A872,Binasco,MI,Lombardia,015024
A874,Binetto,BA,Puglia,072008
A876,Bioglio,BI,Piemonte,096005
A877,Bionaz,AO,Valle d'Aosta/Vallée d'Aoste,007010
A878,Bione,BS,Lombardia,017019
A880,Birori,NU,Sardegna,114005
A881,Bisaccia,AV,Campania,064011
A882,Bisacquino,PA,Sicilia,082010
A883,Bisceglie,BT,Puglia,110003
A884,Bisegna,AQ,Abruzzo,066011
A885,Bisenti,TE,Abruzzo,067007
A887,Bisignano,CS,Calabria,078017
A889,Bistagno,AL,Piemonte,006017
A891,Bisuschio,VA,Lombardia,012015
A892,Bitetto,BA,Puglia,072010
A893,Bitonto,BA,Puglia,072011
A894,Bitritto,BA,Puglia,072012
A895,Bitti,NU,Sardegna,114006
A896,Bivona,AG,Sicilia,084004
A897,Bivongi,RC,Calabria,080010
A898,Bizzarone,CO,Lombardia,013024
A902,Bleggio Superiore,TN,Trentino-Alto Adige/Südtirol,022017
A903,Blello,BG,Lombardia,016027
A857,Blera,VT,Lazio,056007
A904,Blessagno,CO,Lombardia,013025
A905,Blevio,CO,Lombardia,013026
M268,Blufi,PA,Sicilia,082082
A906,Boara Pisani,PD,Veneto,028012
A909,Bobbio,PC,Emilia-Romagna,033005
A910,Bobbio Pellice,TO,Piemonte,001026
A911,Boca,NO,Piemonte,003019
A912,Bocchigliero,CS,Calabria,078018
A914,Boccioleto,VC,Piemonte,002014
A916,Bocenago,TN,Trentino-Alto Adige/Südtirol,022018
A918,Bodio Lomnago,VA,Lombardia,012016
A919,Boffalora d'Adda,LO,Lombardia,098003
A920,Boffalora sopra Ticino,MI,Lombardia,015026
A922,Bogliasco,GE,Liguria,010004
A925,Bognanco,VB,Piemonte,103012
A929,Bogogno,NO,Piemonte,003021
A931,Boissano,SV,Liguria,009011
A930,Bojano,CB,Molise,070003
A932,Bolano,SP,Liguria,011004
A937,Bolgare,BG,Lombardia,016028
A940,Bollate,MI,Lombardia,015027
A941,Bollengo,TO,Piemonte,001027
A944,Bologna,BO,Emilia-Romagna,037006
A945,Bolognano,PE,Abruzzo,068003
A946,Bolognetta,PA,Sicilia,082011
A947,Bolognola,MC,Marche,043005
A948,Bolotana,NU,Sardegna,114007
A949,Bolsena,VT,Lazio,056008
A950,Boltiere,BG,Lombardia,016029
A952,Bolzano,BZ,Trentino-Alto Adige/Südtirol,021008
A953,Bolzano Novarese,NO,Piemonte,003022
A954,Bolzano Vicentino,VI,Veneto,024013
A955,Bomarzo,VT,Lazio,056009
A956,Bomba,CH,Abruzzo,069006
A957,Bompensiere,CL,Sicilia,085002
A958,Bompietro,PA,Sicilia,082012
A959,Bomporto,MO,Emilia-Romagna,036002
A960,Bonarcado,OR,Sardegna,115015
A961,Bonassola,SP,Liguria,011005
A963,Bonate Sopra,BG,Lombardia,016030
A962,Bonate Sotto,BG,Lombardia,016031
A964,Bonavigo,VR,Veneto,023009
A965,Bondeno,FE,Emilia-Romagna,038003
A968,Bondone,TN,Trentino-Alto Adige/Südtirol,022021
A970,Bonea,BN,Campania,062009
A971,Bonefro,CB,Molise,070004
A972,Bonemerse,CR,Lombardia,019006
A973,Bonifati,CS,Calabria,078019
A975,Bonito,AV,Campania,064012
A976,Bonnanaro,SS,Sardegna,112007
A977,Bono,SS,Sardegna,112008
A978,Bonorva,SS,Sardegna,112009
A979,Bonvicino,CN,Piemonte,004023
A981,Borbona,RI,Lazio,057006
A982,Borca di Cadore,BL,Veneto,025007
A983,Bordano,UD,Friuli-Venezia Giulia,030012
A984,Bordighera,IM,Liguria,008008
A986,Bordolano,CR,Lombardia,019007
A987,Bore,PR,Emilia-Romagna,034005
A988,Boretto,RE,Emilia-Romagna,035005
A989,Borgarello,PV,Lombardia,018015
A990,Borgaro Torinese,TO,Piemonte,001028
A991,Borgetto,PA,Sicilia,082013
A995,Borghetto Lodigiano,LO,Lombardia,098004
A999,Borghetto Santo Spirito,SV,Liguria,009012
A993,Borghetto d'Arroscia,IM,Liguria,008009
A998,Borghetto di Borbera,AL,Piemonte,006018
A992,Borghetto di Vara,SP,Liguria,011006
B001,Borghi,FC,Emilia-Romagna,040004
B002,Borgia,CZ,Calabria,079011
B003,Borgiallo,TO,Piemonte,001029
B005,Borgio Verezzi,SV,Liguria,009013
M352,Borgo Chiese,TN,Trentino-Alto Adige/Südtirol,022238
M353,Borgo Lares,TN,Trentino-Alto Adige/Südtirol,022239
M396,Borgo Mantovano,MN,Lombardia,020072
B026,Borgo Pace,PU,Marche,041006
B028,Borgo Priolo,PV,Lombardia,018016
B033,Borgo San Dalmazzo,CN,Piemonte,004025
B035,Borgo San Giacomo,BS,Lombardia,017020
B017,Borgo San Giovanni,LO,Lombardia,098005
B036,Borgo San Lorenzo,FI,Toscana,048004
B037,Borgo San Martino,AL,Piemonte,006020
B038,Borgo San Siro,PV,Lombardia,018018
B043,Borgo Ticino,NO,Piemonte,003025
B044,Borgo Tossignano,BO,Emilia-Romagna,037007
B042,Borgo Val di Taro,PR,Emilia-Romagna,034006
M421,Borgo Valbelluna,BL,Veneto,025074
B006,Borgo Valsugana,TN,Trentino-Alto Adige/Südtirol,022022
A996,Borgo Velino,RI,Lazio,057008
M402,Borgo Veneto,PD,Veneto,028107
B046,Borgo Vercelli,VC,Piemonte,002017
M340,Borgo Virgilio,MN,Lombardia,020071
B007,Borgo a Mozzano,LU,Toscana,046004
B009,Borgo d'Ale,VC,Piemonte,002015
M429,Borgo d'Anaunia,TN,Trentino-Alto Adige/Südtirol,022252
B010,Borgo di Terzo,BG,Lombardia,016032
M406,Borgocarbonara,MN,Lombardia,020073
B015,Borgofranco d'Ivrea,TO,Piemonte,001030
B016,Borgolavezzaro,NO,Piemonte,003023
B018,Borgomale,CN,Piemonte,004024
B019,Borgomanero,NO,Piemonte,003024
B020,Borgomaro,IM,Liguria,008010
B021,Borgomasino,TO,Piemonte,001031
M370,Borgomezzavalle,VB,Piemonte,103078
B024,Borgone Susa,TO,Piemonte,001032
B025,Borgonovo Val Tidone,PC,Emilia-Romagna,033006
B029,Borgoratto Alessandrino,AL,Piemonte,006019
B030,Borgoratto Mormorolo,PV,Lombardia,018017
B031,Borgoricco,PD,Veneto,028013
B008,Borgorose,RI,Lazio,057007
B040,Borgosatollo,BS,Lombardia,017021
B041,Borgosesia,VC,Piemonte,002016
B048,Bormida,SV,Liguria,009014
B049,Bormio,SO,Lombardia,014009
B051,Bornasco,PV,Lombardia,018019
B054,Borno,BS,Lombardia,017022
B055,Boroneddu,OR,Sardegna,115016
B056,Borore,NU,Sardegna,114008
B057,Borrello,CH,Abruzzo,069007
B058,Borriana,BI,Piemonte,096006
B061,Borso del Grappa,TV,Veneto,026004
B062,Bortigali,NU,Sardegna,114009
B063,Bortigiadas,OT,Sardegna,113007
B064,Borutta,SS,Sardegna,112010
B067,Borzonasca,GE,Liguria,010005
B068,Bosa,OR,Sardegna,115017
B069,Bosaro,RO,Veneto,029007
B070,Boschi Sant'Anna,VR,Veneto,023010
B073,Bosco Chiesanuova,VR,Veneto,023011
B071,Bosco Marengo,AL,Piemonte,006021
B075,Bosconero,TO,Piemonte,001033
B076,Boscoreale,,Campania,063008
B077,Boscotrecase,,Campania,063009
B079,Bosia,CN,Piemonte,004026
B080,Bosio,AL,Piemonte,006022
B081,Bosisio Parini,LC,Lombardia,097009
B082,Bosnasco,PV,Lombardia,018020
B083,Bossico,BG,Lombardia,016033
B084,Bossolasco,CN,Piemonte,004027
B085,Botricello,CZ,Calabria,079012
B086,Botrugno,LE,Puglia,075009
B088,Bottanuco,BG,Lombardia,016034
B091,Botticino,BS,Lombardia,017023
B094,Bottidda,SS,Sardegna,112011
B097,Bova,RC,Calabria,080011
B099,Bova Marina,RC,Calabria,080013
B098,Bovalino,RC,Calabria,080012
B100,Bovegno,BS,Lombardia,017024
B101,Boves,CN,Piemonte,004028
B102,Bovezzo,BS,Lombardia,017025
A720,Boville Ernica,FR,Lazio,060014
B104,Bovino,FG,Puglia,071007
B105,Bovisio-Masciago,MB,Lombardia,108010
B106,Bovolenta,PD,Veneto,028014
B107,Bovolone,VR,Veneto,023012
B109,Bozzole,AL,Piemonte,006023
B110,Bozzolo,MN,Lombardia,020007
B111,Bra,CN,Piemonte,004029
B112,Bracca,BG,Lombardia,016035
B114,Bracciano,RM,Lazio,058013
B115,Bracigliano,SA,Campania,065016
B116,Braies,BZ,Trentino-Alto Adige/Südtirol,021009
B117,Brallo di Pregola,PV,Lombardia,018021
B118,Brancaleone,RC,Calabria,080014
B120,Brandico,BS,Lombardia,017026
B121,Brandizzo,TO,Piemonte,001034
B123,Branzi,BG,Lombardia,016036
B124,Braone,BS,Lombardia,017027
B126,Brebbia,VA,Lombardia,012017
B128,Breda di Piave,TV,Veneto,026005
B132,Breganze,VI,Veneto,024014
B134,Bregnano,CO,Lombardia,013028
B137,Brembate,BG,Lombardia,016037
B138,Brembate di Sopra,BG,Lombardia,016038
B141,Brembio,LO,Lombardia,098006
B142,Breme,PV,Lombardia,018022
B143,Brendola,VI,Veneto,024015
B144,Brenna,CO,Lombardia,013029
B145,Brennero,BZ,Trentino-Alto Adige/Südtirol,021010
B149,Breno,BS,Lombardia,017028
B150,Brenta,VA,Lombardia,012019
B152,Brentino Belluno,VR,Veneto,023013
B153,Brentonico,TN,Trentino-Alto Adige/Südtirol,022025
B154,Brenzone sul Garda,VR,Veneto,023014
B156,Brescello,RE,Emilia-Romagna,035006
B157,Brescia,BS,Lombardia,017029
B158,Bresimo,TN,Trentino-Alto Adige/Südtirol,022026
B159,Bressana Bottarone,PV,Lombardia,018023
B160,Bressanone,BZ,Trentino-Alto Adige/Südtirol,021011
B161,Bressanvido,VI,Veneto,024016
B162,Bresso,MI,Lombardia,015032
B166,Brezzo di Bedero,VA,Lombardia,012020
B167,Briaglia,CN,Piemonte,004030
B169,Briatico,VV,Calabria,102003
B171,Bricherasio,TO,Piemonte,001035
B172,Brienno,CO,Lombardia,013030
B173,Brienza,PZ,Basilicata,076013
B175,Briga Alta,CN,Piemonte,004031
B176,Briga Novarese,NO,Piemonte,003026
B178,Brignano Gera d'Adda,BG,Lombardia,016040
B179,Brignano-Frascata,AL,Piemonte,006024
B180,Brindisi,BR,Puglia,074001
B181,Brindisi Montagna,PZ,Basilicata,076014
B182,Brinzio,VA,Lombardia,012021
B183,Briona,NO,Piemonte,003027
B184,Brione,BS,Lombardia,017030
B187,Briosco,MB,Lombardia,108011
B188,Brisighella,RA,Emilia-Romagna,039004
B191,Brissago-Valtravaglia,VA,Lombardia,012022
B192,Brissogne,AO,Valle d'Aosta/Vallée d'Aoste,007011
B193,Brittoli,PE,Abruzzo,068004
B194,Brivio,LC,Lombardia,097010
B195,Broccostella,FR,Lazio,060015
B196,Brogliano,VI,Veneto,024017
B197,Brognaturo,VV,Calabria,102004
B198,Brolo,ME,Sicilia,083007
B200,Brondello,CN,Piemonte,004032
B201,Broni,PV,Lombardia,018024
B202,Bronte,CT,Sicilia,087009
B203,Bronzolo,BZ,Trentino-Alto Adige/Südtirol,021012
B204,Brossasco,CN,Piemonte,004033
B205,Brosso,TO,Piemonte,001036
B207,Brovello-Carpugnino,VB,Piemonte,103013
B209,Brozolo,TO,Piemonte,001037
B212,Brugherio,MB,Lombardia,108012
B213,Brugine,PD,Veneto,028015
B214,Brugnato,SP,Liguria,011007
B215,Brugnera,PN,Friuli-Venezia Giulia,093007
B216,Bruino,TO,Piemonte,001038
B217,Brumano,BG,Lombardia,016041
B218,Brunate,CO,Lombardia,013032
B219,Brunello,VA,Lombardia,012023
B220,Brunico,BZ,Trentino-Alto Adige/Südtirol,021013
B221,Bruno,AT,Piemonte,005010
B223,Brusaporto,BG,Lombardia,016042
B225,Brusasco,TO,Piemonte,001039
B227,Brusciano,,Campania,063010
B228,Brusimpiano,VA,Lombardia,012024
B229,Brusnengo,BI,Piemonte,096007
B230,Brusson,AO,Valle d'Aosta/Vallée d'Aoste,007012
B232,Bruzolo,TO,Piemonte,001040
B234,Bruzzano Zeffirio,RC,Calabria,080015
B235,Bubbiano,MI,Lombardia,015035
B236,Bubbio,AT,Piemonte,005011
B237,Buccheri,SR,Sicilia,089003
B238,Bucchianico,CH,Abruzzo,069008
B239,Bucciano,BN,Campania,062010
B240,Buccinasco,MI,Lombardia,015036
B242,Buccino,SA,Campania,065017
B243,Bucine,AR,Toscana,051005
B246,Buddusò,OT,Sardegna,113008
B247,Budoia,PN,Friuli-Venezia Giulia,093008
B248,Budoni,OT,Sardegna,113009
B249,Budrio,BO,Emilia-Romagna,037008
B250,Buggerru,CI,Sardegna,119001
B251,Buggiano,PT,Toscana,047003
B255,Buglio in Monte,SO,Lombardia,014010
B256,Bugnara,AQ,Abruzzo,066012
B258,Buguggiate,VA,Lombardia,012025
B259,Buja,UD,Friuli-Venezia Giulia,030013
B261,Bulciago,LC,Lombardia,097011
B262,Bulgarograsso,CO,Lombardia,013034
B264,Bultei,SS,Sardegna,112012
B265,Bulzi,SS,Sardegna,112013
B266,Buonabitacolo,SA,Campania,065018
B267,Buonalbergo,BN,Campania,062011
B269,Buonconvento,SI,Toscana,052003
B270,Buonvicino,CS,Calabria,078020
B272,Burago di Molgora,MB,Lombardia,108013
B274,Burcei,CA,Sardegna,118005
B275,Burgio,AG,Sicilia,084005
B276,Burgos,SS,Sardegna,112014
B278,Buriasco,TO,Piemonte,001041
B279,Burolo,TO,Piemonte,001042
B280,Buronzo,VC,Piemonte,002021
B281,Busachi,OR,Sardegna,115018
B282,Busalla,GE,Liguria,010006
B284,Busano,TO,Piemonte,001043
B285,Busca,CN,Piemonte,004034
B286,Buscate,MI,Lombardia,015038
B287,Buscemi,SR,Sicilia,089004
B288,Buseto Palizzolo,TP,Sicilia,081002
B289,Busnago,MB,Lombardia,108051
B292,Bussero,MI,Lombardia,015040
B293,Busseto,PR,Emilia-Romagna,034007
B294,Bussi sul Tirino,PE,Abruzzo,068005
B295,Busso,CB,Molise,070005
B296,Bussolengo,VR,Veneto,023015
B297,Bussoleno,TO,Piemonte,001044
B300,Busto Arsizio,VA,Lombardia,012026
B301,Busto Garolfo,MI,Lombardia,015041
B302,Butera,CL,Sicilia,085003
B303,Buti,PI,Toscana,050002
B304,Buttapietra,VR,Veneto,023016
B305,Buttigliera Alta,TO,Piemonte,001045
B306,Buttigliera d'Asti,AT,Piemonte,005012
B309,Buttrio,UD,Friuli-Venezia Giulia,030014
B311,Cabella Ligure,AL,Piemonte,006025
B313,Cabiate,CO,Lombardia,013035
B314,Cabras,OR,Sardegna,115019
B315,Caccamo,PA,Sicilia,082014
B319,Caccuri,KR,Calabria,101002
B326,Cadegliano-Viconago,VA,Lombardia,012027
B328,Cadelbosco di Sopra,RE,Emilia-Romagna,035008
B332,Cadeo,PC,Emilia-Romagna,033007
B335,Caderzone Terme,TN,Trentino-Alto Adige/Südtirol,022029
B345,Cadoneghe,PD,Veneto,028016
B346,Cadorago,CO,Lombardia,013036
M425,Cadrezzate con Osmate,VA,Lombardia,012143
B349,Caerano di San Marco,TV,Veneto,026006
B350,Cafasse,TO,Piemonte,001046
B351,Caggiano,SA,Campania,065019
B352,Cagli,PU,Marche,041007
B354,Cagliari,CA,Sardegna,118006
B355,Caglio,CO,Lombardia,013037
B358,Cagnano Amiterno,AQ,Abruzzo,066013
B357,Cagnano Varano,FG,Puglia,071008
B361,Caianello,CE,Campania,061008
B362,Caiazzo,CE,Campania,061009
B364,Caines,BZ,Trentino-Alto Adige/Südtirol,021014
B365,Caino,BS,Lombardia,017031
B366,Caiolo,SO,Lombardia,014011
B367,Cairano,AV,Campania,064013
B368,Cairate,VA,Lombardia,012029
B369,Cairo Montenotte,SV,Liguria,009015
B371,Caivano,,Campania,063011
B374,Calabritto,AV,Campania,064014
B375,Calalzo di Cadore,BL,Veneto,025008
B376,Calamandrana,AT,Piemonte,005013
B377,Calamonaci,AG,Sicilia,084006
B378,Calangianus,OT,Sardegna,113010
B379,Calanna,RC,Calabria,080016
B380,Calasca-Castiglione,VB,Piemonte,103014
B381,Calascibetta,EN,Sicilia,086005
B382,Calascio,AQ,Abruzzo,066014
B383,Calasetta,CI,Sardegna,119002
B384,Calatabiano,CT,Sicilia,087010
B385,Calatafimi-Segesta,TP,Sicilia,081003
B388,Calcata,VT,Lazio,056010
B389,Calceranica al Lago,TN,Trentino-Alto Adige/Südtirol,022032
B390,Calci,PI,Toscana,050003
B391,Calciano,MT,Basilicata,077004
B392,Calcinaia,PI,Toscana,050004
B393,Calcinate,BG,Lombardia,016043
B394,Calcinato,BS,Lombardia,017032
B395,Calcio,BG,Lombardia,016044
B396,Calco,LC,Lombardia,097012
B397,Caldaro sulla strada del vino,BZ,Trentino-Alto Adige/Südtirol,021015
B398,Caldarola,MC,Marche,043006
B399,Calderara di Reno,BO,Emilia-Romagna,037009
B400,Caldes,TN,Trentino-Alto Adige/Südtirol,022033
B402,Caldiero,VR,Veneto,023017
B403,Caldogno,VI,Veneto,024018
B404,Caldonazzo,TN,Trentino-Alto Adige/Südtirol,022034
B405,Calendasco,PC,Emilia-Romagna,033008
B406,Calenzano,FI,Toscana,048005
B408,Calestano,PR,Emilia-Romagna,034008
B409,Calice Ligure,SV,Liguria,009016
B410,Calice al Cornoviglio,SP,Liguria,011008
B413,Calimera,LE,Puglia,075010
B415,Calitri,AV,Campania,064015
B416,Calizzano,SV,Liguria,009017
B417,Callabiana,BI,Piemonte,096008
B419,Calliano,TN,Trentino-Alto Adige/Südtirol,022035
B418,Calliano Monferrato,AT,Piemonte,005014
B423,Calolziocorte,LC,Lombardia,097013
B424,Calopezzati,CS,Calabria,078021
B425,Calosso,AT,Piemonte,005015
B426,Caloveto,CS,Calabria,078022
B427,Caltabellotta,AG,Sicilia,084007
B428,Caltagirone,CT,Sicilia,087011
B429,Caltanissetta,CL,Sicilia,085004
B430,Caltavuturo,PA,Sicilia,082015
B431,Caltignaga,NO,Piemonte,003030
B432,Calto,RO,Veneto,029008
B433,Caltrano,VI,Veneto,024019
B434,Calusco d'Adda,BG,Lombardia,016046
B435,Caluso,TO,Piemonte,001047
B436,Calvagese della Riviera,BS,Lombardia,017033
B437,Calvanico,SA,Campania,065020
B439,Calvatone,CR,Lombardia,019009
B440,Calvello,PZ,Basilicata,076015
B441,Calvene,VI,Veneto,024020
B442,Calvenzano,BG,Lombardia,016047
B443,Calvera,PZ,Basilicata,076016
B444,Calvi,BN,Campania,062012
B445,Calvi Risorta,CE,Campania,061010
B446,Calvi dell'Umbria,TR,Umbria,055008
B447,Calvignano,PV,Lombardia,018025
B448,Calvignasco,MI,Lombardia,015042
B450,Calvisano,BS,Lombardia,017034
B452,Calvizzano,,Campania,063012
B453,Camagna Monferrato,AL,Piemonte,006026
B455,Camaiore,LU,Toscana,046005
B457,Camandona,BI,Piemonte,096009
B460,Camastra,AG,Sicilia,084008
B461,Cambiago,MI,Lombardia,015044
B462,Cambiano,TO,Piemonte,001048
B463,Cambiasca,VB,Piemonte,103015
B465,Camburzano,BI,Piemonte,096010
B467,Camerana,CN,Piemonte,004035
B468,Camerano,AN,Marche,042006
B469,Camerano Casasco,AT,Piemonte,005016
B471,Camerata Cornello,BG,Lombardia,016048
B472,Camerata Nuova,RM,Lazio,058014
B470,Camerata Picena,AN,Marche,042007
B473,Cameri,NO,Piemonte,003032
B474,Camerino,MC,Marche,043007
B476,Camerota,SA,Campania,065021
B477,Camigliano,CE,Campania,061011
B481,Camini,RC,Calabria,080017
B482,Camino,AL,Piemonte,006027
B483,Camino al Tagliamento,UD,Friuli-Venezia Giulia,030015
B484,Camisano,CR,Lombardia,019010
B485,Camisano Vicentino,VI,Veneto,024021
B486,Cammarata,AG,Sicilia,084009
B490,Camogli,GE,Liguria,010007
B492,Campagna,SA,Campania,065022
B493,Campagna Lupia,VE,Veneto,027002
B496,Campagnano di Roma,RM,Lazio,058015
B497,Campagnatico,GR,Toscana,053002
B498,Campagnola Cremasca,CR,Lombardia,019011
B499,Campagnola Emilia,RE,Emilia-Romagna,035009
B500,Campana,CS,Calabria,078023
B501,Camparada,MB,Lombardia,108014
B502,Campegine,RE,Emilia-Romagna,035010
B504,Campello sul Clitunno,PG,Umbria,054005
B505,Campertogno,VC,Piemonte,002025
B507,Campi Bisenzio,FI,Toscana,048006
B506,Campi Salentina,LE,Puglia,075011
M373,Campiglia Cervo,BI,Piemonte,096086
B509,Campiglia Marittima,LI,Toscana,049002
B511,Campiglia dei Berici,VI,Veneto,024022
B512,Campiglione Fenile,TO,Piemonte,001049
B513,Campione d'Italia,CO,Lombardia,013040
B514,Campitello di Fassa,TN,Trentino-Alto Adige/Südtirol,022036
B515,Campli,TE,Abruzzo,067008
B516,Campo Calabro,RC,Calabria,080018
B538,Campo Ligure,GE,Liguria,010008
B564,Campo San Martino,PD,Veneto,028020
B570,Campo Tures,BZ,Trentino-Alto Adige/Südtirol,021017
B526,Campo di Giove,AQ,Abruzzo,066015
B529,Campo di Trens,BZ,Trentino-Alto Adige/Südtirol,021016
B553,Campo nell'Elba,LI,Toscana,049003
B519,Campobasso,CB,Molise,070006
B520,Campobello di Licata,AG,Sicilia,084010
B521,Campobello di Mazara,TP,Sicilia,081004
B522,Campochiaro,CB,Molise,070007
B524,Campodarsego,PD,Veneto,028017
B525,Campodenno,TN,Trentino-Alto Adige/Südtirol,022037
B527,Campodimele,LT,Lazio,059003
B528,Campodipietra,CB,Molise,070008
B530,Campodolcino,SO,Lombardia,014012
B531,Campodoro,PD,Veneto,028018
B533,Campofelice di Fitalia,PA,Sicilia,082016
B532,Campofelice di Roccella,PA,Sicilia,082017
B534,Campofilone,FM,Marche,109004
B535,Campofiorito,PA,Sicilia,082018
B536,Campoformido,UD,Friuli-Venezia Giulia,030016
B537,Campofranco,CL,Sicilia,085005
B539,Campogalliano,MO,Emilia-Romagna,036003
B541,Campolattaro,BN,Campania,062013
B543,Campoli Appennino,FR,Lazio,060016
B542,Campoli del Monte Taburno,BN,Campania,062014
B544,Campolieto,CB,Molise,070009
B546,Campolongo Maggiore,VE,Veneto,027003
M311,Campolongo Tapogliano,UD,Friuli-Venezia Giulia,030138
B549,Campomaggiore,PZ,Basilicata,076017
B550,Campomarino,CB,Molise,070010
B551,Campomorone,GE,Liguria,010009
B554,Camponogara,VE,Veneto,027004
B555,Campora,SA,Campania,065023
B556,Camporeale,PA,Sicilia,082019
B557,Camporgiano,LU,Toscana,046006
B559,Camporosso,IM,Liguria,008011
B561,Camporotondo Etneo,CT,Sicilia,087012
B562,Camporotondo di Fiastrone,MC,Marche,043008
B563,Camposampiero,PD,Veneto,028019
B565,Camposano,,Campania,063013
B566,Camposanto,MO,Emilia-Romagna,036004
B567,Campospinoso Albaredo,PV,Lombardia,018026
B569,Campotosto,AQ,Abruzzo,066016
B572,Camugnano,BO,Emilia-Romagna,037010
B577,Canal San Bovo,TN,Trentino-Alto Adige/Südtirol,022038
B573,Canale,CN,Piemonte,004037
B576,Canale Monterano,RM,Lazio,058016
B574,Canale d'Agordo,BL,Veneto,025023
B578,Canaro,RO,Veneto,029009
B579,Canazei,TN,Trentino-Alto Adige/Südtirol,022039
B580,Cancellara,PZ,Basilicata,076018
B581,Cancello ed Arnone,CE,Campania,061012
B582,Canda,RO,Veneto,029010
B584,Candela,FG,Puglia,071009
B586,Candelo,BI,Piemonte,096012
B588,Candia Canavese,TO,Piemonte,001050
B587,Candia Lomellina,PV,Lombardia,018027
B589,Candiana,PD,Veneto,028021
B590,Candida,AV,Campania,064016
B591,Candidoni,RC,Calabria,080019
B592,Candiolo,TO,Piemonte,001051
B593,Canegrate,MI,Lombardia,015046
B594,Canelli,AT,Piemonte,005017
B597,Canepina,VT,Lazio,056011
B598,Caneva,PN,Friuli-Venezia Giulia,093009
B603,Canicattini Bagni,SR,Sicilia,089005
B602,Canicattì,AG,Sicilia,084011
B604,Canino,VT,Lazio,056012
B605,Canischio,TO,Piemonte,001052
B606,Canistro,AQ,Abruzzo,066017
B607,Canna,CS,Calabria,078024
B608,Cannalonga,SA,Campania,065024
B609,Cannara,PG,Umbria,054006
B610,Cannero Riviera,VB,Piemonte,103016
B613,Canneto Pavese,PV,Lombardia,018029
B612,Canneto sull'Oglio,MN,Lombardia,020008
B615,Cannobio,VB,Piemonte,103017
B616,Cannole,LE,Puglia,075012
B617,Canolo,RC,Calabria,080020
B618,Canonica d'Adda,BG,Lombardia,016049
B620,Canosa Sannita,CH,Abruzzo,069010
B619,Canosa di Puglia,BT,Puglia,110004
B621,Canosio,CN,Piemonte,004038
C669,Canossa,RE,Emilia-Romagna,035018
B624,Cansano,AQ,Abruzzo,066018
B626,Cantagallo,PO,Toscana,100001
B627,Cantalice,RI,Lazio,057009
B628,Cantalupa,TO,Piemonte,001053
B629,Cantalupo Ligure,AL,Piemonte,006028
B631,Cantalupo in Sabina,RI,Lazio,057010
B630,Cantalupo nel Sannio,IS,Molise,094005
B633,Cantarana,AT,Piemonte,005018
B634,Cantello,VA,Lombardia,012030
B635,Canterano,RM,Lazio,058017
B636,Cantiano,PU,Marche,041008
B637,Cantoira,TO,Piemonte,001054
B639,Cantù,CO,Lombardia,013041
B640,Canzano,TE,Abruzzo,067009
B641,Canzo,CO,Lombardia,013042
B642,Caorle,VE,Veneto,027005
B643,Caorso,PC,Emilia-Romagna,033010
B644,Capaccio Paestum,SA,Campania,065025
B645,Capaci,PA,Sicilia,082020
B646,Capalbio,GR,Toscana,053003
B647,Capannoli,PI,Toscana,050005
B648,Capannori,LU,Toscana,046007
B649,Capena,RM,Lazio,058018
B650,Capergnanica,CR,Lombardia,019012
B651,Capestrano,AQ,Abruzzo,066019
B653,Capiago Intimiano,CO,Lombardia,013043
B655,Capistrano,VV,Calabria,102005
B656,Capistrello,AQ,Abruzzo,066020
B658,Capitignano,AQ,Abruzzo,066021
B660,Capizzi,ME,Sicilia,083008
B661,Capizzone,BG,Lombardia,016050
B666,Capo d'Orlando,ME,Sicilia,083009
B664,Capo di Ponte,BS,Lombardia,017035
B663,Capodimonte,VT,Lazio,056013
B667,Capodrise,CE,Campania,061013
B669,Capoliveri,LI,Toscana,049004
B670,Capolona,AR,Toscana,051006
B671,Caponago,MB,Lombardia,108052
B672,Caporciano,AQ,Abruzzo,066022
B674,Caposele,AV,Campania,064017
B675,Capoterra,CA,Sardegna,118007
B676,Capovalle,BS,Lombardia,017036
B677,Cappadocia,AQ,Abruzzo,066023
B679,Cappella Cantone,CR,Lombardia,019013
B678,Cappella Maggiore,TV,Veneto,026007
B680,Cappella de' Picenardi,CR,Lombardia,019014
B681,Cappelle sul Tavo,PE,Abruzzo,068006
B682,Capracotta,IS,Molise,094006
B685,Capraia Isola,LI,Toscana,049005
B684,Capraia e Limite,FI,Toscana,048008
B686,Capralba,CR,Lombardia,019015
B688,Capranica,VT,Lazio,056014
B687,Capranica Prenestina,RM,Lazio,058019
B690,Caprarica di Lecce,LE,Puglia,075013
B691,Caprarola,VT,Lazio,056015
B692,Caprauna,CN,Piemonte,004039
B693,Caprese Michelangelo,AR,Toscana,051007
B694,Caprezzo,VB,Piemonte,103018
B696,Capri,,Campania,063014
B695,Capri Leone,ME,Sicilia,083010
B697,Capriana,TN,Trentino-Alto Adige/Südtirol,022040
B698,Capriano del Colle,BS,Lombardia,017037
B701,Capriata d'Orba,AL,Piemonte,006029
B703,Capriate San Gervasio,BG,Lombardia,016051
B704,Capriati a Volturno,CE,Campania,061014
B705,Caprie,TO,Piemonte,001055
B706,Capriglia Irpina,AV,Campania,064018
B707,Capriglio,AT,Piemonte,005019
B708,Caprile,BI,Piemonte,096013
B710,Caprino Bergamasco,BG,Lombardia,016052
B709,Caprino Veronese,VR,Veneto,023018
B711,Capriolo,BS,Lombardia,017038
B712,Capriva del Friuli,GO,Friuli-Venezia Giulia,031001
B715,Capua,CE,Campania,061015
B716,Capurso,BA,Puglia,072014
B718,Caraffa del Bianco,RC,Calabria,080021
B717,Caraffa di Catanzaro,CZ,Calabria,079017
B719,Caraglio,CN,Piemonte,004040
B720,Caramagna Piemonte,CN,Piemonte,004041
B722,Caramanico Terme,PE,Abruzzo,068007
B724,Carapelle,FG,Puglia,071010
B725,Carapelle Calvisio,AQ,Abruzzo,066024
B726,Carasco,GE,Liguria,010010
B727,Carassai,AP,Marche,044010
B729,Carate Brianza,MB,Lombardia,108015
B730,Carate Urio,CO,Lombardia,013044
B731,Caravaggio,BG,Lombardia,016053
B732,Caravate,VA,Lombardia,012031
B733,Caravino,TO,Piemonte,001056
B734,Caravonica,IM,Liguria,008012
B735,Carbognano,VT,Lazio,056016
B736,Carbonara Scrivia,AL,Piemonte,006030
B741,Carbonara al Ticino,PV,Lombardia,018030
B740,Carbonara di Nola,,Campania,063015
B742,Carbonate,CO,Lombardia,013045
B743,Carbone,PZ,Basilicata,076019
B744,Carbonera,TV,Veneto,026008
B745,Carbonia,CI,Sardegna,119003
B748,Carcare,SV,Liguria,009018
B752,Carcoforo,VC,Piemonte,002029
B754,Cardano al Campo,VA,Lombardia,012032
M285,Cardedu,OG,Sardegna,116004
B756,Cardeto,RC,Calabria,080022
B758,Cardinale,CZ,Calabria,079018
B759,Cardito,,Campania,063016
B755,Cardè,CN,Piemonte,004042
B760,Careggine,LU,Toscana,046008
B762,Carema,TO,Piemonte,001057
B763,Carenno,LC,Lombardia,097014
B765,Carentino,AL,Piemonte,006031
B766,Careri,RC,Calabria,080023
B767,Caresana,VC,Piemonte,002030
B768,Caresanablot,VC,Piemonte,002031
B769,Carezzano,AL,Piemonte,006032
B771,Carfizzi,KR,Calabria,101003
B772,Cargeghe,SS,Sardegna,112015
B774,Cariati,CS,Calabria,078025
B776,Carife,AV,Campania,064019
B777,Carignano,TO,Piemonte,001058
B778,Carimate,CO,Lombardia,013046
B779,Carinaro,CE,Campania,061016
B780,Carini,PA,Sicilia,082021
B781,Carinola,CE,Campania,061017
B782,Carisio,VC,Piemonte,002032
B783,Carisolo,TN,Trentino-Alto Adige/Südtirol,022042
B784,Carlantino,FG,Puglia,071011
B785,Carlazzo,CO,Lombardia,013047
B787,Carlentini,SR,Sicilia,089006
B788,Carlino,UD,Friuli-Venezia Giulia,030018
B789,Carloforte,CI,Sardegna,119004
B790,Carlopoli,CZ,Calabria,079020
B791,Carmagnola,TO,Piemonte,001059
B792,Carmiano,LE,Puglia,075014
B794,Carmignano,PO,Toscana,100002
B795,Carmignano di Brenta,PD,Veneto,028023
B796,Carnago,VA,Lombardia,012033
B798,Carnate,MB,Lombardia,108016
B801,Carobbio degli Angeli,BG,Lombardia,016055
B802,Carolei,CS,Calabria,078026
B803,Carona,BG,Lombardia,016056
B804,Caronia,ME,Sicilia,083011
B805,Caronno Pertusella,VA,Lombardia,012034
B807,Caronno Varesino,VA,Lombardia,012035
B808,Carosino,TA,Puglia,073002
B809,Carovigno,BR,Puglia,074002
B810,Carovilli,IS,Molise,094007
B812,Carpaneto Piacentino,PC,Emilia-Romagna,033011
B813,Carpanzano,CS,Calabria,078027
B816,Carpegna,PU,Marche,041009
B817,Carpenedolo,BS,Lombardia,017039
B818,Carpeneto,AL,Piemonte,006033
B819,Carpi,MO,Emilia-Romagna,036005
B820,Carpiano,MI,Lombardia,015050
B822,Carpignano Salentino,LE,Puglia,075015
B823,Carpignano Sesia,NO,Piemonte,003036
B825,Carpineti,RE,Emilia-Romagna,035011
B828,Carpineto Romano,RM,Lazio,058020
B826,Carpineto Sinello,CH,Abruzzo,069011
B827,Carpineto della Nora,PE,Abruzzo,068008
B829,Carpino,FG,Puglia,071012
B830,Carpinone,IS,Molise,094008
B832,Carrara,MS,Toscana,045003
B836,Carrega Ligure,AL,Piemonte,006034
B838,Carro,SP,Liguria,011009
B839,Carrodano,SP,Liguria,011010
B840,Carrosio,AL,Piemonte,006035
B835,Carrè,VI,Veneto,024024
B841,Carrù,CN,Piemonte,004043
B842,Carsoli,AQ,Abruzzo,066025
B844,Cartigliano,VI,Veneto,024025
B845,Cartignano,CN,Piemonte,004044
B846,Cartoceto,PU,Marche,041010
B847,Cartosio,AL,Piemonte,006036
B848,Cartura,PD,Veneto,028026
B850,Carugate,MI,Lombardia,015051
B851,Carugo,CO,Lombardia,013048
B853,Carunchio,CH,Abruzzo,069012
B854,Carvico,BG,Lombardia,016057
B856,Carzano,TN,Trentino-Alto Adige/Südtirol,022043
B857,Casabona,KR,Calabria,101004
B858,Casacalenda,CB,Molise,070011
B859,Casacanditella,CH,Abruzzo,069013
B860,Casagiove,CE,Campania,061018
B870,Casal Cermelli,AL,Piemonte,006037
B895,Casal Velino,SA,Campania,065028
B872,Casal di Principe,CE,Campania,061019
B861,Casalanguida,CH,Abruzzo,069014
B862,Casalattico,FR,Lazio,060017
B864,Casalbeltrame,NO,Piemonte,003037
B865,Casalbordino,CH,Abruzzo,069015
B866,Casalbore,AV,Campania,064020
B867,Casalborgone,TO,Piemonte,001060
B868,Casalbuono,SA,Campania,065026
B869,Casalbuttano ed Uniti,CR,Lombardia,019016
B871,Casalciprano,CB,Molise,070012
B873,Casalduni,BN,Campania,062015
B876,Casale Corte Cerro,VB,Piemonte,103019
B881,Casale Cremasco-Vidolasco,CR,Lombardia,019017
B875,Casale Litta,VA,Lombardia,012036
B878,Casale Marittimo,PI,Toscana,050006
B885,Casale Monferrato,AL,Piemonte,006039
B877,Casale di Scodosia,PD,Veneto,028027
B879,Casale sul Sile,TV,Veneto,026009
B880,Casalecchio di Reno,BO,Emilia-Romagna,037011
B882,Casaleggio Boiro,AL,Piemonte,006038
B883,Casaleggio Novara,NO,Piemonte,003039
B886,Casaleone,VR,Veneto,023019
B889,Casaletto Ceredano,CR,Lombardia,019018
B887,Casaletto Lodigiano,LO,Lombardia,098008
B888,Casaletto Spartano,SA,Campania,065027
B891,Casaletto Vaprio,CR,Lombardia,019020
B890,Casaletto di Sopra,CR,Lombardia,019019
B892,Casalfiumanese,BO,Emilia-Romagna,037012
B893,Casalgrande,RE,Emilia-Romagna,035012
B894,Casalgrasso,CN,Piemonte,004045
M385,Casali del Manco,CS,Calabria,078156
B896,Casalincontrada,CH,Abruzzo,069016
B897,Casalino,NO,Piemonte,003040
B898,Casalmaggiore,CR,Lombardia,019021
B899,Casalmaiocco,LO,Lombardia,098009
B900,Casalmorano,CR,Lombardia,019022
B901,Casalmoro,MN,Lombardia,020010
B902,Casalnoceto,AL,Piemonte,006040
B904,Casalnuovo Monterotaro,FG,Puglia,071013
B905,Casalnuovo di Napoli,,Campania,063017
B907,Casaloldo,MN,Lombardia,020011
B910,Casalpusterlengo,LO,Lombardia,098010
B911,Casalromano,MN,Lombardia,020012
B912,Casalserugo,PD,Veneto,028028
B916,Casaluce,CE,Campania,061020
B918,Casalvecchio Siculo,ME,Sicilia,083012
B917,Casalvecchio di Puglia,FG,Puglia,071014
B919,Casalvieri,FR,Lazio,060018
B920,Casalvolone,NO,Piemonte,003041
B921,Casalzuigno,VA,Lombardia,012037
B922,Casamarciano,,Campania,063018
B923,Casamassima,BA,Puglia,072015
B924,Casamicciola Terme,,Campania,063019
B925,Casandrino,,Campania,063020
B928,Casanova Elvo,VC,Piemonte,002033
B927,Casanova Lerrone,SV,Liguria,009019
B929,Casanova Lonati,PV,Lombardia,018031
B932,Casape,RM,Lazio,058021
M260,Casapesenna,CE,Campania,061103
B933,Casapinta,BI,Piemonte,096014
B934,Casaprota,RI,Lazio,057011
B935,Casapulla,CE,Campania,061021
B936,Casarano,LE,Puglia,075016
B937,Casargo,LC,Lombardia,097015
B938,Casarile,MI,Lombardia,015055
B940,Casarsa della Delizia,PN,Friuli-Venezia Giulia,093010
B939,Casarza Ligure,GE,Liguria,010011
B941,Casasco,AL,Piemonte,006041
B943,Casatenovo,LC,Lombardia,097016
B945,Casatisma,PV,Lombardia,018032
B946,Casavatore,,Campania,063021
B947,Casazza,BG,Lombardia,016058
B948,Cascia,PG,Umbria,054007
B949,Casciago,VA,Lombardia,012038
M327,Casciana Terme Lari,PI,Toscana,050040
B950,Cascina,PI,Toscana,050008
B953,Cascinette d'Ivrea,TO,Piemonte,001061
B954,Casei Gerola,PV,Lombardia,018033
B955,Caselette,TO,Piemonte,001062
B956,Casella,GE,Liguria,010012
B961,Caselle Landi,LO,Lombardia,098011
B958,Caselle Lurani,LO,Lombardia,098012
B960,Caselle Torinese,TO,Piemonte,001063
B959,Caselle in Pittari,SA,Campania,065029
B963,Caserta,CE,Campania,061022
B965,Casier,TV,Veneto,026010
B966,Casignana,RC,Calabria,080024
B967,Casina,RE,Emilia-Romagna,035013
B971,Casirate d'Adda,BG,Lombardia,016059
B974,Caslino d'Erba,CO,Lombardia,013052
B977,Casnate con Bernate,CO,Lombardia,013053
B978,Casnigo,BG,Lombardia,016060
B982,Casola Valsenio,RA,Emilia-Romagna,039005
B980,Casola di Napoli,,Campania,063022
B979,Casola in Lunigiana,MS,Toscana,045004
B984,Casole d'Elsa,SI,Toscana,052004
B985,Casoli,CH,Abruzzo,069017
B988,Casorate Primo,PV,Lombardia,018034
B987,Casorate Sempione,VA,Lombardia,012039
B989,Casorezzo,MI,Lombardia,015058
B990,Casoria,,Campania,063023
B991,Casorzo Monferrato,AT,Piemonte,005020
A472,Casperia,RI,Lazio,057012
B993,Caspoggio,SO,Lombardia,014013
B994,Cassacco,UD,Friuli-Venezia Giulia,030019
B996,Cassago Brianza,LC,Lombardia,097017
B997,Cassano Irpino,AV,Campania,064021
C004,Cassano Magnago,VA,Lombardia,012040
M388,Cassano Spinola,AL,Piemonte,006191
B999,Cassano Valcuvia,VA,Lombardia,012041
C002,Cassano all'Ionio,CS,Calabria,078029
C003,Cassano d'Adda,MI,Lombardia,015059
B998,Cassano delle Murge,BA,Puglia,072016
C006,Cassaro,SR,Sicilia,089007
C007,Cassiglio,BG,Lombardia,016061
C020,Cassina Rizzardi,CO,Lombardia,013055
C024,Cassina Valsassina,LC,Lombardia,097018
C014,Cassina de' Pecchi,MI,Lombardia,015060
C022,Cassinasco,AT,Piemonte,005021
C027,Cassine,AL,Piemonte,006043
C030,Cassinelle,AL,Piemonte,006044
C033,Cassinetta di Lugagnano,MI,Lombardia,015061
C034,Cassino,FR,Lazio,060019
C037,Cassola,VI,Veneto,024026
C038,Cassolnovo,PV,Lombardia,018035
C041,Castagnaro,VR,Veneto,023020
C044,Castagneto Carducci,LI,Toscana,049006
C045,Castagneto Po,TO,Piemonte,001064
C046,Castagnito,CN,Piemonte,004046
C047,Castagnole Monferrato,AT,Piemonte,005023
C048,Castagnole Piemonte,TO,Piemonte,001065
C049,Castagnole delle Lanze,AT,Piemonte,005022
C050,Castana,PV,Lombardia,018036
C052,Castano Primo,MI,Lombardia,015062
C053,Casteggio,PV,Lombardia,018037
C055,Castegnato,BS,Lombardia,017040
M439,Castegnero Nanto,VI,Veneto,024129
C058,Castel Baronia,AV,Campania,064022
C064,Castel Boglione,AT,Piemonte,005024
C065,Castel Bolognese,RA,Emilia-Romagna,039006
B494,Castel Campagnano,CE,Campania,061023
C040,Castel Castagna,TE,Abruzzo,067010
C183,Castel Condino,TN,Trentino-Alto Adige/Südtirol,022045
C102,Castel Focognano,AR,Toscana,051008
C114,Castel Frentano,CH,Abruzzo,069018
C115,Castel Gabbiano,CR,Lombardia,019024
C116,Castel Gandolfo,RM,Lazio,058022
C117,Castel Giorgio,TR,Umbria,055009
C118,Castel Goffredo,MN,Lombardia,020015
C121,Castel Guelfo di Bologna,BO,Emilia-Romagna,037016
M354,Castel Ivano,TN,Trentino-Alto Adige/Südtirol,022240
C203,Castel Madama,RM,Lazio,058023
C204,Castel Maggiore,BO,Emilia-Romagna,037019
C208,Castel Mella,BS,Lombardia,017042
C211,Castel Morrone,CE,Campania,061026
C252,Castel Ritaldi,PG,Umbria,054008
C253,Castel Rocchero,AT,Piemonte,005032
C255,Castel Rozzone,BG,Lombardia,016063
C259,Castel San Giorgio,SA,Campania,065034
C261,Castel San Giovanni,PC,Emilia-Romagna,033013
C262,Castel San Lorenzo,SA,Campania,065035
C263,Castel San Niccolò,AR,Toscana,051010
C266,Castel San Pietro Romano,RM,Lazio,058025
C265,Castel San Pietro Terme,BO,Emilia-Romagna,037020
C270,Castel San Vincenzo,IS,Molise,094012
C268,Castel Sant'Angelo,RI,Lazio,057015
C269,Castel Sant'Elia,VT,Lazio,056017
C289,Castel Viscardo,TR,Umbria,055010
C110,Castel Vittorio,IM,Liguria,008015
C291,Castel Volturno,CE,Campania,061027
C075,Castel d'Aiano,BO,Emilia-Romagna,037013
C076,Castel d'Ario,MN,Lombardia,020014
C078,Castel d'Azzano,VR,Veneto,023021
C082,Castel del Giudice,IS,Molise,094009
C083,Castel del Monte,AQ,Abruzzo,066026
C085,Castel del Piano,GR,Toscana,053004
C086,Castel del Rio,BO,Emilia-Romagna,037014
B969,Castel di Casio,BO,Emilia-Romagna,037015
C090,Castel di Ieri,AQ,Abruzzo,066027
C091,Castel di Iudica,CT,Sicilia,087013
C093,Castel di Lama,AP,Marche,044011
C094,Castel di Lucio,ME,Sicilia,083013
C096,Castel di Sangro,AQ,Abruzzo,066028
C097,Castel di Sasso,CE,Campania,061024
C098,Castel di Tora,RI,Lazio,057013
C057,Castelbaldo,PD,Veneto,028029
C059,Castelbelforte,MN,Lombardia,020013
C060,Castelbellino,AN,Marche,042008
C062,Castelbello-Ciardes,BZ,Trentino-Alto Adige/Südtirol,021018
C063,Castelbianco,SV,Liguria,009020
C066,Castelbottaccio,CB,Molise,070013
C067,Castelbuono,PA,Sicilia,082022
C069,Castelcivita,SA,Campania,065030
C072,Castelcovati,BS,Lombardia,017041
C073,Castelcucco,TV,Veneto,026011
C074,Casteldaccia,PA,Sicilia,082023
C080,Casteldelci,RN,Emilia-Romagna,099021
C081,Casteldelfino,CN,Piemonte,004047
C089,Casteldidone,CR,Lombardia,019023
C100,Castelfidardo,AN,Marche,042010
C101,Castelfiorentino,FI,Toscana,048010
C104,Castelforte,LT,Lazio,059004
C105,Castelfranci,AV,Campania,064023
C107,Castelfranco Emilia,MO,Emilia-Romagna,036006
M322,Castelfranco Piandiscò,AR,Toscana,051040
C111,Castelfranco Veneto,TV,Veneto,026012
C113,Castelfranco di Sotto,PI,Toscana,050009
C106,Castelfranco in Miscano,BN,Campania,062016
M393,Castelgerundo,LO,Lombardia,098062
C119,Castelgomberto,VI,Veneto,024028
C120,Castelgrande,PZ,Basilicata,076021
C122,Castelguglielmo,RO,Veneto,029011
C123,Castelguidone,CH,Abruzzo,069019
C127,Castell'Alfero,AT,Piemonte,005025
C145,Castell'Arquato,PC,Emilia-Romagna,033012
C147,Castell'Azzara,GR,Toscana,053005
C051,Castell'Umberto,ME,Sicilia,083014
C125,Castellabate,SA,Campania,065031
C126,Castellafiume,AQ,Abruzzo,066029
C128,Castellalto,TE,Abruzzo,067011
C130,Castellammare del Golfo,TP,Sicilia,081005
C129,Castellammare di Stabia,,Campania,063024
C133,Castellamonte,TO,Piemonte,001066
C134,Castellana Grotte,BA,Puglia,072017
C135,Castellana Sicula,PA,Sicilia,082024
C136,Castellaneta,TA,Puglia,073003
C137,Castellania Coppi,AL,Piemonte,006045
C139,Castellanza,VA,Lombardia,012042
C142,Castellar Guidobono,AL,Piemonte,006046
C141,Castellarano,RE,Emilia-Romagna,035014
C143,Castellaro,IM,Liguria,008014
C148,Castellazzo Bormida,AL,Piemonte,006047
C149,Castellazzo Novarese,NO,Piemonte,003042
C153,Castelleone,CR,Lombardia,019025
C152,Castelleone di Suasa,AN,Marche,042011
C154,Castellero,AT,Piemonte,005026
C155,Castelletto Cervo,BI,Piemonte,096015
C160,Castelletto Merli,AL,Piemonte,006050
C161,Castelletto Molina,AT,Piemonte,005027
C162,Castelletto Monferrato,AL,Piemonte,006051
C165,Castelletto Stura,CN,Piemonte,004049
C167,Castelletto Uzzone,CN,Piemonte,004050
C156,Castelletto d'Erro,AL,Piemonte,006048
C158,Castelletto d'Orba,AL,Piemonte,006049
C157,Castelletto di Branduzzo,PV,Lombardia,018038
C166,Castelletto sopra Ticino,NO,Piemonte,003043
C169,Castelli,TE,Abruzzo,067012
C079,Castelli Calepio,BG,Lombardia,016062
C174,Castellina Marittima,PI,Toscana,050010
C172,Castellina in Chianti,SI,Toscana,052005
C173,Castellinaldo d'Alba,CN,Piemonte,004051
C176,Castellino Tanaro,CN,Piemonte,004052
C175,Castellino del Biferno,CB,Molise,070014
C177,Castelliri,FR,Lazio,060020
B312,Castello Cabiaglio,VA,Lombardia,012043
C194,Castello Tesino,TN,Trentino-Alto Adige/Südtirol,022048
C184,Castello d'Agogna,PV,Lombardia,018039
C185,Castello d'Argile,BO,Emilia-Romagna,037017
C178,Castello del Matese,CE,Campania,061025
C186,Castello dell'Acqua,SO,Lombardia,014014
A300,Castello di Annone,AT,Piemonte,005028
C187,Castello di Brianza,LC,Lombardia,097019
C188,Castello di Cisterna,,Campania,063025
C190,Castello di Godego,TV,Veneto,026013
C189,Castello-Molina di Fiemme,TN,Trentino-Alto Adige/Südtirol,022047
C195,Castellucchio,MN,Lombardia,020016
C199,Castelluccio Inferiore,PZ,Basilicata,076022
C201,Castelluccio Superiore,PZ,Basilicata,076023
C202,Castelluccio Valmaggiore,FG,Puglia,071016
C198,Castelluccio dei Sauri,FG,Puglia,071015
C205,Castelmagno,CN,Piemonte,004053
C206,Castelmarte,CO,Lombardia,013058
C207,Castelmassa,RO,Veneto,029012
C197,Castelmauro,CB,Molise,070015
C209,Castelmezzano,PZ,Basilicata,076024
C210,Castelmola,ME,Sicilia,083015
C213,Castelnovetto,PV,Lombardia,018040
C215,Castelnovo Bariano,RO,Veneto,029013
C217,Castelnovo del Friuli,PN,Friuli-Venezia Giulia,093011
C218,Castelnovo di Sotto,RE,Emilia-Romagna,035015
C219,Castelnovo ne' Monti,RE,Emilia-Romagna,035016
C216,Castelnuovo,TN,Trentino-Alto Adige/Südtirol,022049
C226,Castelnuovo Belbo,AT,Piemonte,005029
C227,Castelnuovo Berardenga,SI,Toscana,052006
C228,Castelnuovo Bocca d'Adda,LO,Lombardia,098013
C229,Castelnuovo Bormida,AL,Piemonte,006052
C220,Castelnuovo Bozzente,CO,Lombardia,013059
C230,Castelnuovo Calcea,AT,Piemonte,005030
C231,Castelnuovo Cilento,SA,Campania,065032
C232,Castelnuovo Don Bosco,AT,Piemonte,005031
C240,Castelnuovo Magra,SP,Liguria,011011
C241,Castelnuovo Nigra,TO,Piemonte,001067
C223,Castelnuovo Parano,FR,Lazio,060021
C242,Castelnuovo Rangone,MO,Emilia-Romagna,036007
C243,Castelnuovo Scrivia,AL,Piemonte,006053
C225,Castelnuovo del Garda,VR,Veneto,023022
C222,Castelnuovo della Daunia,FG,Puglia,071017
C214,Castelnuovo di Ceva,CN,Piemonte,004054
C235,Castelnuovo di Conza,SA,Campania,065033
C224,Castelnuovo di Farfa,RI,Lazio,057014
C236,Castelnuovo di Garfagnana,LU,Toscana,046009
C237,Castelnuovo di Porto,RM,Lazio,058024
C244,Castelnuovo di Val di Cecina,PI,Toscana,050011
C245,Castelpagano,BN,Campania,062017
C246,Castelpetroso,IS,Molise,094010
C247,Castelpizzuto,IS,Molise,094011
C248,Castelplanio,AN,Marche,042012
C250,Castelpoto,BN,Campania,062018
C251,Castelraimondo,MC,Marche,043009
C254,Castelrotto,BZ,Trentino-Alto Adige/Südtirol,021019
C267,Castelsantangelo sul Nera,MC,Marche,043010
C271,Castelsaraceno,PZ,Basilicata,076025
C272,Castelsardo,SS,Sardegna,112016
C273,Castelseprio,VA,Lombardia,012044
B968,Castelsilano,KR,Calabria,101005
C274,Castelspina,AL,Piemonte,006054
C275,Casteltermini,AG,Sicilia,084012
C181,Castelveccana,VA,Lombardia,012045
C278,Castelvecchio Calvisio,AQ,Abruzzo,066030
C279,Castelvecchio Subequo,AQ,Abruzzo,066031
C276,Castelvecchio di Rocca Barbena,SV,Liguria,009021
C280,Castelvenere,BN,Campania,062019
B129,Castelverde,CR,Lombardia,019026
C200,Castelverrino,IS,Molise,094013
C284,Castelvetere in Val Fortore,BN,Campania,062020
C283,Castelvetere sul Calore,AV,Campania,064024
C286,Castelvetrano,TP,Sicilia,081006
C288,Castelvetro Piacentino,PC,Emilia-Romagna,033014
C287,Castelvetro di Modena,MO,Emilia-Romagna,036008
C290,Castelvisconti,CR,Lombardia,019027
C292,Castenaso,BO,Emilia-Romagna,037021
C293,Castenedolo,BS,Lombardia,017043
M288,Castiadas,CA,Sardegna,118008
C318,Castiglion Fibocchi,AR,Toscana,051011
C319,Castiglion Fiorentino,AR,Toscana,051012
C302,Castiglione Chiavarese,GE,Liguria,010013
C301,Castiglione Cosentino,CS,Calabria,078030
C314,Castiglione Falletto,CN,Piemonte,004055
C298,Castiglione Messer Marino,CH,Abruzzo,069020
C316,Castiglione Messer Raimondo,TE,Abruzzo,067013
C300,Castiglione Olona,VA,Lombardia,012046
C317,Castiglione Tinella,CN,Piemonte,004056
C307,Castiglione Torinese,TO,Piemonte,001068
C308,Castiglione a Casauria,PE,Abruzzo,068009
C304,Castiglione d'Adda,LO,Lombardia,098014
C313,Castiglione d'Orcia,SI,Toscana,052007
C296,Castiglione dei Pepoli,BO,Emilia-Romagna,037022
C306,Castiglione del Genovesi,SA,Campania,065036
C309,Castiglione del Lago,PG,Umbria,054009
C310,Castiglione della Pescaia,GR,Toscana,053006
C312,Castiglione delle Stiviere,MN,Lombardia,020017
C303,Castiglione di Garfagnana,LU,Toscana,046010
C297,Castiglione di Sicilia,CT,Sicilia,087014
C315,Castiglione in Teverina,VT,Lazio,056018
C321,Castignano,AP,Marche,044012
C322,Castilenti,TE,Abruzzo,067014
C323,Castino,CN,Piemonte,004057
C325,Castione Andevenno,SO,Lombardia,014015
C324,Castione della Presolana,BG,Lombardia,016064
C327,Castions di Strada,UD,Friuli-Venezia Giulia,030020
C329,Castiraga Vidardo,LO,Lombardia,098015
C330,Casto,BS,Lombardia,017044
C331,Castorano,AP,Marche,044013
C332,Castrezzato,BS,Lombardia,017045
C334,Castri di Lecce,LE,Puglia,075017
C335,Castrignano de' Greci,LE,Puglia,075018
C336,Castrignano del Capo,LE,Puglia,075019
C337,Castro,BG,Lombardia,016065
M261,Castro,LE,Puglia,075096
C338,Castro dei Volsci,FR,Lazio,060023
C339,Castrocaro Terme e Terra del Sole,FC,Emilia-Romagna,040005
C340,Castrocielo,FR,Lazio,060022
C341,Castrofilippo,AG,Sicilia,084013
C108,Castrolibero,CS,Calabria,078031
C343,Castronno,VA,Lombardia,012047
C344,Castronovo di Sicilia,PA,Sicilia,082025
C345,Castronuovo di Sant'Andrea,PZ,Basilicata,076026
C346,Castropignano,CB,Molise,070016
C347,Castroreale,ME,Sicilia,083016
C348,Castroregio,CS,Calabria,078032
C349,Castrovillari,CS,Calabria,078033
C351,Catania,CT,Sicilia,087015
C352,Catanzaro,CZ,Calabria,079023
C353,Catenanuova,EN,Sicilia,086006
C354,Catignano,PE,Abruzzo,068010
C357,Cattolica,RN,Emilia-Romagna,099002
C356,Cattolica Eraclea,AG,Sicilia,084014
C285,Caulonia,RC,Calabria,080025
C359,Cautano,BN,Campania,062021
C360,Cava Manara,PV,Lombardia,018041
C361,Cava de' Tirreni,SA,Campania,065037
C364,Cavaglietto,NO,Piemonte,003044
C365,Cavaglio d'Agogna,NO,Piemonte,003045
C363,Cavaglià,BI,Piemonte,096016
C369,Cavagnolo,TO,Piemonte,001069
C370,Cavaion Veronese,VR,Veneto,023023
C372,Cavalese,TN,Trentino-Alto Adige/Südtirol,022050
C375,Cavallerleone,CN,Piemonte,004058
C376,Cavallermaggiore,CN,Piemonte,004059
C377,Cavallino,LE,Puglia,075020
M308,Cavallino-Treporti,VE,Veneto,027044
C378,Cavallirio,NO,Piemonte,003047
C380,Cavareno,TN,Trentino-Alto Adige/Südtirol,022051
C381,Cavargna,CO,Lombardia,013062
C382,Cavaria con Premezzo,VA,Lombardia,012048
C383,Cavarzere,VE,Veneto,027006
C384,Cavaso del Tomba,TV,Veneto,026014
C385,Cavasso Nuovo,PN,Friuli-Venezia Giulia,093012
C387,Cavatore,AL,Piemonte,006055
C389,Cavazzo Carnico,UD,Friuli-Venezia Giulia,030021
C390,Cave,RM,Lazio,058026
C392,Cavedago,TN,Trentino-Alto Adige/Südtirol,022052
C393,Cavedine,TN,Trentino-Alto Adige/Südtirol,022053
C394,Cavenago d'Adda,LO,Lombardia,098017
C395,Cavenago di Brianza,MB,Lombardia,108017
C396,Cavernago,BG,Lombardia,016066
C398,Cavezzo,MO,Emilia-Romagna,036009
C400,Cavizzana,TN,Trentino-Alto Adige/Südtirol,022054
C404,Cavour,TO,Piemonte,001070
C405,Cavriago,RE,Emilia-Romagna,035017
C406,Cavriana,MN,Lombardia,020018
C407,Cavriglia,AR,Toscana,051013
C409,Cazzago Brabbia,VA,Lombardia,012049
C408,Cazzago San Martino,BS,Lombardia,017046
C410,Cazzano Sant'Andrea,BG,Lombardia,016067
C412,Cazzano di Tramigna,VR,Veneto,023024
C413,Ceccano,FR,Lazio,060024
C414,Cecima,PV,Lombardia,018042
C415,Cecina,LI,Toscana,049007
C417,Cedegolo,BS,Lombardia,017047
C418,Cedrasco,SO,Lombardia,014016
C420,Cefalà Diana,PA,Sicilia,082026
C421,Cefalù,PA,Sicilia,082027
C422,Ceggia,VE,Veneto,027007
C424,Ceglie Messapica,BR,Puglia,074003
C426,Celano,AQ,Abruzzo,066032
C429,Celenza Valfortore,FG,Puglia,071018
C428,Celenza sul Trigno,CH,Abruzzo,069021
C430,Celico,CS,Calabria,078034
C435,Cella Dati,CR,Lombardia,019028
C432,Cella Monte,AL,Piemonte,006056
C436,Cellamare,BA,Puglia,072018
C437,Cellara,CS,Calabria,078035
C438,Cellarengo,AT,Piemonte,005033
C439,Cellatica,BS,Lombardia,017048
C440,Celle Enomondo,AT,Piemonte,005034
C443,Celle Ligure,SV,Liguria,009022
C444,Celle di Bulgheria,SA,Campania,065038
C441,Celle di Macra,CN,Piemonte,004060
C442,Celle di San Vito,FG,Puglia,071019
C446,Celleno,VT,Lazio,056019
C447,Cellere,VT,Lazio,056020
C449,Cellino Attanasio,TE,Abruzzo,067015
C448,Cellino San Marco,BR,Puglia,074004
M398,Cellio con Breia,VC,Piemonte,002171
M262,Cellole,CE,Campania,061102
M355,Cembra Lisignago,TN,Trentino-Alto Adige/Südtirol,022241
C453,Cenadi,CZ,Calabria,079024
C456,Cenate Sopra,BG,Lombardia,016068
C457,Cenate Sotto,BG,Lombardia,016069
C458,Cencenighe Agordino,BL,Veneto,025010
C459,Cene,BG,Lombardia,016070
C461,Ceneselli,RO,Veneto,029014
C463,Cengio,SV,Liguria,009023
C466,Centallo,CN,Piemonte,004061
C469,Cento,FE,Emilia-Romagna,038004
C470,Centola,SA,Campania,065039
C472,Centrache,CZ,Calabria,079025
M394,Centro Valle Intelvi,CO,Lombardia,013254
C471,Centuripe,EN,Sicilia,086007
C474,Cepagatti,PE,Abruzzo,068011
C476,Ceppaloni,BN,Campania,062022
C478,Ceppo Morelli,VB,Piemonte,103021
C479,Ceprano,FR,Lazio,060025
C480,Cerami,EN,Sicilia,086008
C481,Ceranesi,GE,Liguria,010014
C483,Cerano,NO,Piemonte,003049
C482,Cerano d'Intelvi,CO,Lombardia,013063
C484,Ceranova,PV,Lombardia,018043
C485,Ceraso,SA,Campania,065040
C486,Cercemaggiore,CB,Molise,070017
C487,Cercenasco,TO,Piemonte,001071
C488,Cercepiccola,CB,Molise,070018
C489,Cerchiara di Calabria,CS,Calabria,078036
C492,Cerchio,AQ,Abruzzo,066033
C493,Cercino,SO,Lombardia,014017
C494,Cercivento,UD,Friuli-Venezia Giulia,030022
C495,Cercola,,Campania,063026
C496,Cerda,PA,Sicilia,082028
C498,Cerea,VR,Veneto,023025
C500,Ceregnano,RO,Veneto,029015
C501,Cerenzia,KR,Calabria,101006
C497,Ceres,TO,Piemonte,001072
C502,Ceresara,MN,Lombardia,020019
C503,Cereseto,AL,Piemonte,006057
C504,Ceresole Alba,CN,Piemonte,004062
C505,Ceresole Reale,TO,Piemonte,001073
C506,Cerete,BG,Lombardia,016071
C508,Ceretto Lomellina,PV,Lombardia,018044
C509,Cergnago,PV,Lombardia,018045
C510,Ceriale,SV,Liguria,009024
C511,Ceriana,IM,Liguria,008016
C512,Ceriano Laghetto,MB,Lombardia,108018
C513,Cerignale,PC,Emilia-Romagna,033015
C514,Cerignola,FG,Puglia,071020
C515,Cerisano,CS,Calabria,078037
C516,Cermenate,CO,Lombardia,013064
A022,Cermes,BZ,Trentino-Alto Adige/Südtirol,021020
C517,Cermignano,TE,Abruzzo,067016
C520,Cernobbio,CO,Lombardia,013065
C521,Cernusco Lombardone,LC,Lombardia,097020
C523,Cernusco sul Naviglio,MI,Lombardia,015070
C507,Cerreto Grue,AL,Piemonte,006058
C529,Cerreto Guidi,FI,Toscana,048011
C518,Cerreto Laziale,RM,Lazio,058027
C525,Cerreto Sannita,BN,Campania,062023
C528,Cerreto d'Asti,AT,Piemonte,005035
C524,Cerreto d'Esi,AN,Marche,042013
C527,Cerreto di Spoleto,PG,Umbria,054010
C530,Cerretto Langhe,CN,Piemonte,004063
C531,Cerrina Monferrato,AL,Piemonte,006059
C532,Cerrione,BI,Piemonte,096018
C537,Cerro Maggiore,MI,Lombardia,015072
C533,Cerro Tanaro,AT,Piemonte,005036
C538,Cerro Veronese,VR,Veneto,023026
C536,Cerro al Lambro,MI,Lombardia,015071
C534,Cerro al Volturno,IS,Molise,094014
C539,Cersosimo,PZ,Basilicata,076027
C540,Certaldo,FI,Toscana,048012
C541,Certosa di Pavia,PV,Lombardia,018046
C542,Cerva,CZ,Calabria,079027
C543,Cervara di Roma,RM,Lazio,058028
C544,Cervarese Santa Croce,PD,Veneto,028030
C545,Cervaro,FR,Lazio,060026
C547,Cervasca,CN,Piemonte,004064
C548,Cervatto,VC,Piemonte,002041
C549,Cerveno,BS,Lombardia,017049
C550,Cervere,CN,Piemonte,004065
C551,Cervesina,PV,Lombardia,018047
C552,Cerveteri,RM,Lazio,058029
C553,Cervia,RA,Emilia-Romagna,039007
C554,Cervicati,CS,Calabria,078038
C555,Cervignano d'Adda,LO,Lombardia,098018
C556,Cervignano del Friuli,UD,Friuli-Venezia Giulia,030023
C557,Cervinara,AV,Campania,064025
C558,Cervino,CE,Campania,061028
C559,Cervo,IM,Liguria,008017
C560,Cerzeto,CS,Calabria,078039
C561,Cesa,CE,Campania,061029
C563,Cesana Brianza,LC,Lombardia,097021
C564,Cesana Torinese,TO,Piemonte,001074
C565,Cesano Boscone,MI,Lombardia,015074
C566,Cesano Maderno,MB,Lombardia,108019
C567,Cesara,VB,Piemonte,103022
C568,Cesarò,ME,Sicilia,083017
C569,Cesate,MI,Lombardia,015076
C573,Cesena,FC,Emilia-Romagna,040007
C574,Cesenatico,FC,Emilia-Romagna,040008
C576,Cesinali,AV,Campania,064026
C578,Cesio,IM,Liguria,008018
C577,Cesiomaggiore,BL,Veneto,025011
C580,Cessalto,TV,Veneto,026015
C581,Cessaniti,VV,Calabria,102006
C582,Cessapalombo,MC,Marche,043011
C583,Cessole,AT,Piemonte,005037
C584,Cetara,SA,Campania,065041
C585,Ceto,BS,Lombardia,017050
C587,Cetona,SI,Toscana,052008
C588,Cetraro,CS,Calabria,078040
C589,Ceva,CN,Piemonte,004066
C591,Cevo,BS,Lombardia,017051
C593,Challand-Saint-Anselme,AO,Valle d'Aosta/Vallée d'Aoste,007013
C594,Challand-Saint-Victor,AO,Valle d'Aosta/Vallée d'Aoste,007014
C595,Chambave,AO,Valle d'Aosta/Vallée d'Aoste,007015
B491,Chamois,AO,Valle d'Aosta/Vallée d'Aoste,007016
C596,Champdepraz,AO,Valle d'Aosta/Vallée d'Aoste,007017
B540,Champorcher,AO,Valle d'Aosta/Vallée d'Aoste,007018
C598,Charvensod,AO,Valle d'Aosta/Vallée d'Aoste,007019
C599,Cherasco,CN,Piemonte,004067
C600,Cheremule,SS,Sardegna,112017
C604,Chialamberto,TO,Piemonte,001075
C605,Chiampo,VI,Veneto,024029
C606,Chianche,AV,Campania,064027
C608,Chianciano Terme,SI,Toscana,052009
C609,Chianni,PI,Toscana,050012
C610,Chianocco,TO,Piemonte,001076
C612,Chiaramonte Gulfi,RG,Sicilia,088002
C613,Chiaramonti,SS,Sardegna,112018
C614,Chiarano,TV,Veneto,026016
C615,Chiaravalle,AN,Marche,042014
C616,Chiaravalle Centrale,CZ,Calabria,079029
C618,Chiari,BS,Lombardia,017052
C619,Chiaromonte,PZ,Basilicata,076028
C620,Chiauci,IS,Molise,094015
C621,Chiavari,GE,Liguria,010015
C623,Chiavenna,SO,Lombardia,014018
C624,Chiaverano,TO,Piemonte,001077
C625,Chienes,BZ,Trentino-Alto Adige/Südtirol,021021
C627,Chieri,TO,Piemonte,001078
C630,Chies d'Alpago,BL,Veneto,025012
C628,Chiesa in Valmalenco,SO,Lombardia,014019
C629,Chiesanuova,TO,Piemonte,001079
C631,Chiesina Uzzanese,PT,Toscana,047022
C632,Chieti,CH,Abruzzo,069022
C633,Chieuti,FG,Puglia,071021
C634,Chieve,CR,Lombardia,019029
C637,Chignolo Po,PV,Lombardia,018048
C635,Chignolo d'Isola,BG,Lombardia,016072
C638,Chioggia,VE,Veneto,027008
C639,Chiomonte,TO,Piemonte,001080
C640,Chions,PN,Friuli-Venezia Giulia,093013
C641,Chiopris-Viscone,UD,Friuli-Venezia Giulia,030024
C648,Chitignano,AR,Toscana,051014
C649,Chiuduno,BG,Lombardia,016073
C650,Chiuppano,VI,Veneto,024030
C651,Chiuro,SO,Lombardia,014020
C652,Chiusa,BZ,Trentino-Alto Adige/Südtirol,021022
C654,Chiusa Sclafani,PA,Sicilia,082029
C653,Chiusa di Pesio,CN,Piemonte,004068
C655,Chiusa di San Michele,TO,Piemonte,001081
C656,Chiusaforte,UD,Friuli-Venezia Giulia,030025
C657,Chiusanico,IM,Liguria,008019
C658,Chiusano d'Asti,AT,Piemonte,005038
C659,Chiusano di San Domenico,AV,Campania,064028
C660,Chiusavecchia,IM,Liguria,008020
C661,Chiusdino,SI,Toscana,052010
C662,Chiusi,SI,Toscana,052011
C663,Chiusi della Verna,AR,Toscana,051015
C665,Chivasso,TO,Piemonte,001082
C294,Châtillon,AO,Valle d'Aosta/Vallée d'Aoste,007020
M272,Ciampino,RM,Lazio,058118
C668,Cianciana,AG,Sicilia,084015
C672,Cibiana di Cadore,BL,Veneto,025013
C673,Cicagna,GE,Liguria,010016
C674,Cicala,CZ,Calabria,079030
C675,Cicciano,,Campania,063027
C676,Cicerale,SA,Campania,065042
C677,Ciciliano,RM,Lazio,058030
C678,Cicognolo,CR,Lombardia,019030
C679,Ciconio,TO,Piemonte,001083
C680,Cigliano,VC,Piemonte,002042
C681,Cigliè,CN,Piemonte,004069
C684,Cigognola,PV,Lombardia,018049
C685,Cigole,BS,Lombardia,017053
C686,Cilavegna,PV,Lombardia,018050
C689,Cimadolmo,TV,Veneto,026017
C691,Cimbergo,BS,Lombardia,017054
C696,Ciminna,PA,Sicilia,082030
C695,Ciminà,RC,Calabria,080026
C697,Cimitile,,Campania,063028
C699,Cimolais,PN,Friuli-Venezia Giulia,093014
C700,Cimone,TN,Trentino-Alto Adige/Südtirol,022058
C701,Cinaglio,AT,Piemonte,005039
C702,Cineto Romano,RM,Lazio,058031
C703,Cingia de' Botti,CR,Lombardia,019031
C704,Cingoli,MC,Marche,043012
C705,Cinigiano,GR,Toscana,053007
C707,Cinisello Balsamo,MI,Lombardia,015077
C708,Cinisi,PA,Sicilia,082031
C709,Cino,SO,Lombardia,014021
C710,Cinquefrondi,RC,Calabria,080027
C711,Cintano,TO,Piemonte,001084
C712,Cinte Tesino,TN,Trentino-Alto Adige/Südtirol,022059
C714,Cinto Caomaggiore,VE,Veneto,027009
C713,Cinto Euganeo,PD,Veneto,028031
C715,Cinzano,TO,Piemonte,001085
C716,Ciorlano,CE,Campania,061030
C718,Cipressa,IM,Liguria,008021
C719,Circello,BN,Campania,062024
C723,Cirigliano,MT,Basilicata,077005
C724,Cirimido,CO,Lombardia,013068
C722,Ciriè,TO,Piemonte,001086
C725,Cirò,KR,Calabria,101007
C726,Cirò Marina,KR,Calabria,101008
C727,Cis,TN,Trentino-Alto Adige/Südtirol,022060
C728,Cisano Bergamasco,BG,Lombardia,016074
C729,Cisano sul Neva,SV,Liguria,009025
C730,Ciserano,BG,Lombardia,016075
C732,Cislago,VA,Lombardia,012050
C733,Cisliano,MI,Lombardia,015078
C735,Cison di Valmarino,TV,Veneto,026018
C738,Cissone,CN,Piemonte,004070
C739,Cisterna d'Asti,AT,Piemonte,005040
C740,Cisterna di Latina,LT,Lazio,059005
C741,Cisternino,BR,Puglia,074005
C742,Citerna,PG,Umbria,054011
C743,Cittadella,PD,Veneto,028032
C746,Cittaducale,RI,Lazio,057016
C747,Cittanova,RC,Calabria,080028
C749,Cittareale,RI,Lazio,057017
C751,Cittiglio,VA,Lombardia,012051
C750,Città Sant'Angelo,PE,Abruzzo,068012
C744,Città della Pieve,PG,Umbria,054012
C745,Città di Castello,PG,Umbria,054013
C752,Civate,LC,Lombardia,097022
C755,Civezza,IM,Liguria,008022
C756,Civezzano,TN,Trentino-Alto Adige/Südtirol,022061
C757,Civiasco,VC,Piemonte,002043
C758,Cividale del Friuli,UD,Friuli-Venezia Giulia,030026
C760,Cividate Camuno,BS,Lombardia,017055
C759,Cividate al Piano,BG,Lombardia,016076
C763,Civita,CS,Calabria,078041
C765,Civita Castellana,VT,Lazio,056021
C766,Civita d'Antino,AQ,Abruzzo,066034
C764,Civitacampomarano,CB,Molise,070019
C768,Civitaluparella,CH,Abruzzo,069023
C770,Civitanova Marche,MC,Marche,043013
C769,Civitanova del Sannio,IS,Molise,094016
C771,Civitaquana,PE,Abruzzo,068013
C773,Civitavecchia,RM,Lazio,058032
C778,Civitella Alfedena,AQ,Abruzzo,066035
C779,Civitella Casanova,PE,Abruzzo,068014
C776,Civitella Messer Raimondo,CH,Abruzzo,069024
C782,Civitella Paganico,GR,Toscana,053008
C783,Civitella Roveto,AQ,Abruzzo,066036
C784,Civitella San Paolo,RM,Lazio,058033
C780,Civitella d'Agliano,VT,Lazio,056022
C781,Civitella del Tronto,TE,Abruzzo,067017
C777,Civitella di Romagna,FC,Emilia-Romagna,040009
C774,Civitella in Val di Chiana,AR,Toscana,051016
C785,Civo,SO,Lombardia,014022
C787,Claino con Osteno,CO,Lombardia,013071
C790,Claut,PN,Friuli-Venezia Giulia,093015
C791,Clauzetto,PN,Friuli-Venezia Giulia,093016
C792,Clavesana,CN,Piemonte,004071
C793,Claviere,TO,Piemonte,001087
C794,Cles,TN,Trentino-Alto Adige/Südtirol,022062
C795,Cleto,CS,Calabria,078042
C796,Clivio,VA,Lombardia,012052
C800,Clusone,BG,Lombardia,016077
C801,Coassolo Torinese,TO,Piemonte,001088
C803,Coazze,TO,Piemonte,001089
C804,Coazzolo,AT,Piemonte,005041
C806,Coccaglio,BS,Lombardia,017056
C807,Cocconato,AT,Piemonte,005042
C810,Cocquio-Trevisago,VA,Lombardia,012053
C811,Cocullo,AQ,Abruzzo,066037
C812,Codevigo,PD,Veneto,028033
C813,Codevilla,PV,Lombardia,018051
C814,Codigoro,FE,Emilia-Romagna,038005
C816,Codogno,LO,Lombardia,098019
C815,Codognè,TV,Veneto,026019
C817,Codroipo,UD,Friuli-Venezia Giulia,030027
C818,Codrongianos,SS,Sardegna,112019
C819,Coggiola,BI,Piemonte,096019
C820,Cogliate,MB,Lombardia,108020
C821,Cogne,AO,Valle d'Aosta/Vallée d'Aoste,007021
C823,Cogoleto,GE,Liguria,010017
C824,Cogollo del Cengio,VI,Veneto,024032
C826,Cogorno,GE,Liguria,010018
C829,Colazza,NO,Piemonte,003051
M426,Colceresa,VI,Veneto,024126
C835,Colere,BG,Lombardia,016078
C836,Colfelice,FR,Lazio,060027
C838,Coli,PC,Emilia-Romagna,033016
C839,Colico,LC,Lombardia,097023
C841,Collalto Sabino,RI,Lazio,057018
C844,Collarmele,AQ,Abruzzo,066038
C845,Collazzone,PG,Umbria,054014
C851,Colle Brianza,LC,Lombardia,097024
C870,Colle San Magno,FR,Lazio,060029
C846,Colle Sannita,BN,Campania,062025
C872,Colle Santa Lucia,BL,Veneto,025014
C848,Colle Umberto,TV,Veneto,026020
C854,Colle d'Anchise,CB,Molise,070020
C857,Colle di Tora,RI,Lazio,057019
C847,Colle di Val d'Elsa,SI,Toscana,052012
C850,Collebeato,BS,Lombardia,017057
C852,Collecchio,PR,Emilia-Romagna,034009
C853,Collecorvino,PE,Abruzzo,068015
C311,Colledara,TE,Abruzzo,067018
C855,Colledimacine,CH,Abruzzo,069025
C856,Colledimezzo,CH,Abruzzo,069026
C858,Colleferro,RM,Lazio,058034
C859,Collegiove,RI,Lazio,057020
C860,Collegno,TO,Piemonte,001090
C862,Collelongo,AQ,Abruzzo,066039
C864,Collepardo,FR,Lazio,060028
C865,Collepasso,LE,Puglia,075021
C866,Collepietro,AQ,Abruzzo,066040
C867,Colleretto Castelnuovo,TO,Piemonte,001091
C868,Colleretto Giacosa,TO,Piemonte,001092
C869,Collesalvetti,LI,Toscana,049008
C871,Collesano,PA,Sicilia,082032
C875,Colletorto,CB,Molise,070021
C876,Collevecchio,RI,Lazio,057021
M419,Colli Verdi,PV,Lombardia,018193
C878,Colli a Volturno,IS,Molise,094017
M380,Colli al Metauro,PU,Marche,041069
C877,Colli del Tronto,AP,Marche,044014
C880,Colli sul Velino,RI,Lazio,057022
C879,Colliano,SA,Campania,065043
C882,Collinas,VS,Sardegna,117003
C883,Collio,BS,Lombardia,017058
C884,Collobiano,VC,Piemonte,002045
C885,Colloredo di Monte Albano,UD,Friuli-Venezia Giulia,030028
C886,Colmurano,MC,Marche,043014
C888,Colobraro,MT,Basilicata,077006
C890,Cologna Veneta,VR,Veneto,023027
C893,Cologne,BS,Lombardia,017059
C895,Cologno Monzese,MI,Lombardia,015081
C894,Cologno al Serio,BG,Lombardia,016079
C897,Colognola ai Colli,VR,Veneto,023028
C900,Colonna,RM,Lazio,058035
C901,Colonnella,TE,Abruzzo,067019
C902,Colonno,CO,Lombardia,013074
C903,Colorina,SO,Lombardia,014023
C904,Colorno,PR,Emilia-Romagna,034010
C905,Colosimi,CS,Calabria,078043
C908,Colturano,MI,Lombardia,015082
M336,Colverde,CO,Lombardia,013251
C910,Colzate,BG,Lombardia,016080
C911,Comabbio,VA,Lombardia,012054
C912,Comacchio,FE,Emilia-Romagna,038006
C914,Comano,MS,Toscana,045005
M314,Comano Terme,TN,Trentino-Alto Adige/Südtirol,022228
C917,Comazzo,LO,Lombardia,098020
C918,Comeglians,UD,Friuli-Venezia Giulia,030029
C920,Comelico Superiore,BL,Veneto,025015
C922,Comerio,VA,Lombardia,012055
C925,Comezzano-Cizzago,BS,Lombardia,017060
C926,Comignago,NO,Piemonte,003052
C927,Comiso,RG,Sicilia,088003
C928,Comitini,AG,Sicilia,084016
C929,Comiziano,,Campania,063029
C930,Commessaggio,MN,Lombardia,020020
C931,Commezzadura,TN,Trentino-Alto Adige/Südtirol,022064
C933,Como,CO,Lombardia,013075
C934,Compiano,PR,Emilia-Romagna,034011
C937,Comun Nuovo,BG,Lombardia,016081
C935,Comunanza,AP,Marche,044015
C938,Cona,VE,Veneto,027010
C941,Conca Casale,IS,Molise,094018
C940,Conca dei Marini,SA,Campania,065044
C939,Conca della Campania,CE,Campania,061031
C943,Concamarise,VR,Veneto,023029
C946,Concerviano,RI,Lazio,057023
C948,Concesio,BS,Lombardia,017061
C950,Concordia Sagittaria,VE,Veneto,027011
C951,Concordia sulla Secchia,MO,Emilia-Romagna,036010
C952,Concorezzo,MB,Lombardia,108021
C954,Condofuri,RC,Calabria,080029
C955,Condove,TO,Piemonte,001093
C956,Condrò,ME,Sicilia,083018
C957,Conegliano,TV,Veneto,026021
C958,Confienza,PV,Lombardia,018052
C959,Configni,RI,Lazio,057024
C960,Conflenti,CZ,Calabria,079033
C962,Coniolo,AL,Piemonte,006060
C963,Conselice,RA,Emilia-Romagna,039008
C964,Conselve,PD,Veneto,028034
C968,Contessa Entellina,PA,Sicilia,082033
C969,Contigliano,RI,Lazio,057025
C971,Contrada,AV,Campania,064029
C972,Controguerra,TE,Abruzzo,067020
C973,Controne,SA,Campania,065045
C974,Contursi Terme,SA,Campania,065046
M356,Contà,TN,Trentino-Alto Adige/Südtirol,022242
C975,Conversano,BA,Puglia,072019
C976,Conza della Campania,AV,Campania,064030
C977,Conzano,AL,Piemonte,006061
C978,Copertino,LE,Puglia,075022
C979,Copiano,PV,Lombardia,018053
C980,Copparo,FE,Emilia-Romagna,038007
C982,Corana,PV,Lombardia,018054
C983,Corato,BA,Puglia,072020
C984,Corbara,SA,Campania,065047
C986,Corbetta,MI,Lombardia,015085
C987,Corbola,RO,Veneto,029017
C988,Corchiano,VT,Lazio,056023
C990,Corciano,PG,Umbria,054015
C991,Cordenons,PN,Friuli-Venezia Giulia,093017
C992,Cordignano,TV,Veneto,026022
C993,Cordovado,PN,Friuli-Venezia Giulia,093018
C996,Coreglia Antelminelli,LU,Toscana,046011
C995,Coreglia Ligure,GE,Liguria,010019
C998,Coreno Ausonio,FR,Lazio,060030
C999,Corfinio,AQ,Abruzzo,066041
D003,Cori,LT,Lazio,059006
D004,Coriano,RN,Emilia-Romagna,099003
D006,Corigliano d'Otranto,LE,Puglia,075023
M403,Corigliano-Rossano,CS,Calabria,078157
D007,Corinaldo,AN,Marche,042015
D008,Corio,TO,Piemonte,001094
D009,Corleone,PA,Sicilia,082034
D011,Corleto Monforte,SA,Campania,065048
D010,Corleto Perticara,PZ,Basilicata,076029
D013,Cormano,MI,Lombardia,015086
D014,Cormons,GO,Friuli-Venezia Giulia,031002
D015,Corna Imagna,BG,Lombardia,016082
D016,Cornalba,BG,Lombardia,016249
M338,Cornale e Bastida,PV,Lombardia,018191
D018,Cornaredo,MI,Lombardia,015087
D019,Cornate d'Adda,MB,Lombardia,108053
D020,Cornedo Vicentino,VI,Veneto,024034
B799,Cornedo all'Isarco,BZ,Trentino-Alto Adige/Südtirol,021023
D021,Cornegliano Laudense,LO,Lombardia,098021
D022,Corneliano d'Alba,CN,Piemonte,004072
D026,Corniglio,PR,Emilia-Romagna,034012
D028,Corno Giovine,LO,Lombardia,098022
D027,Corno di Rosazzo,UD,Friuli-Venezia Giulia,030030
D029,Cornovecchio,LO,Lombardia,098023
D030,Cornuda,TV,Veneto,026023
D037,Correggio,RE,Emilia-Romagna,035020
D038,Correzzana,MB,Lombardia,108022
D040,Correzzola,PD,Veneto,028035
D041,Corrido,CO,Lombardia,013077
D042,Corridonia,MC,Marche,043015
D043,Corropoli,TE,Abruzzo,067021
D044,Corsano,LE,Puglia,075024
D045,Corsico,MI,Lombardia,015093
D046,Corsione,AT,Piemonte,005044
D048,Cortaccia sulla strada del vino,BZ,Trentino-Alto Adige/Südtirol,021024
D049,Cortale,CZ,Calabria,079034
D050,Cortandone,AT,Piemonte,005045
D051,Cortanze,AT,Piemonte,005046
D052,Cortazzone,AT,Piemonte,005047
D054,Corte Brugnatella,PC,Emilia-Romagna,033017
D058,Corte Franca,BS,Lombardia,017062
D068,Corte Palasio,LO,Lombardia,098024
D056,Corte de' Cortesi con Cignone,CR,Lombardia,019032
D057,Corte de' Frati,CR,Lombardia,019033
D061,Cortemaggiore,PC,Emilia-Romagna,033018
D062,Cortemilia,CN,Piemonte,004073
D064,Corteno Golgi,BS,Lombardia,017063
D065,Cortenova,LC,Lombardia,097025
D066,Cortenuova,BG,Lombardia,016083
M372,Corteolona e Genzone,PV,Lombardia,018192
D072,Cortiglione,AT,Piemonte,005048
A266,Cortina d'Ampezzo,BL,Veneto,025016
D075,Cortina sulla strada del vino,BZ,Trentino-Alto Adige/Südtirol,021025
D076,Cortino,TE,Abruzzo,067022
D077,Cortona,AR,Toscana,051017
D078,Corvara,PE,Abruzzo,068016
D079,Corvara in Badia,BZ,Trentino-Alto Adige/Südtirol,021026
D081,Corvino San Quirico,PV,Lombardia,018057
D082,Corzano,BS,Lombardia,017064
D085,Coseano,UD,Friuli-Venezia Giulia,030031
D086,Cosenza,CS,Calabria,078045
D088,Cosio Valtellino,SO,Lombardia,014024
D087,Cosio d'Arroscia,IM,Liguria,008023
D089,Cosoleto,RC,Calabria,080030
D093,Cossano Belbo,CN,Piemonte,004074
D092,Cossano Canavese,TO,Piemonte,001095
D094,Cossato,BI,Piemonte,096020
D095,Cosseria,SV,Liguria,009026
D096,Cossignano,AP,Marche,044016
D099,Cossogno,VB,Piemonte,103023
D100,Cossoine,SS,Sardegna,112020
D101,Cossombrato,AT,Piemonte,005049
D112,Costa Masnaga,LC,Lombardia,097026
D111,Costa Serina,BG,Lombardia,016247
D103,Costa Valle Imagna,BG,Lombardia,016085
D102,Costa Vescovato,AL,Piemonte,006062
D117,Costa Volpino,BG,Lombardia,016086
D109,Costa de' Nobili,PV,Lombardia,018058
D110,Costa di Mezzate,BG,Lombardia,016084
D105,Costa di Rovigo,RO,Veneto,029018
D107,Costabissara,VI,Veneto,024035
D108,Costacciaro,PG,Umbria,054016
D113,Costanzana,VC,Piemonte,002047
D114,Costarainera,IM,Liguria,008024
D118,Costermano sul Garda,VR,Veneto,023030
D120,Costigliole Saluzzo,CN,Piemonte,004075
D119,Costigliole d'Asti,AT,Piemonte,005050
D121,Cotignola,RA,Emilia-Romagna,039009
D123,Cotronei,KR,Calabria,101009
D124,Cottanello,RI,Lazio,057026
D012,Courmayeur,AO,Valle d'Aosta/Vallée d'Aoste,007022
D126,Covo,BG,Lombardia,016087
D127,Cozzo,PV,Lombardia,018059
D128,Craco,MT,Basilicata,077007
D131,Crandola Valsassina,LC,Lombardia,097027
D132,Cravagliana,VC,Piemonte,002048
D133,Cravanzana,CN,Piemonte,004076
D134,Craveggia,VB,Piemonte,103024
D136,Creazzo,VI,Veneto,024036
D137,Crecchio,CH,Abruzzo,069027
D139,Credaro,BG,Lombardia,016088
D141,Credera Rubbiano,CR,Lombardia,019034
D142,Crema,CR,Lombardia,019035
D143,Cremella,LC,Lombardia,097028
D144,Cremenaga,VA,Lombardia,012056
D145,Cremeno,LC,Lombardia,097029
D147,Cremia,CO,Lombardia,013083
D149,Cremolino,AL,Piemonte,006063
D150,Cremona,CR,Lombardia,019036
D151,Cremosano,CR,Lombardia,019037
D154,Crescentino,VC,Piemonte,002049
D156,Crespadoro,VI,Veneto,024037
D159,Crespiatica,LO,Lombardia,098025
M328,Crespina Lorenzana,PI,Toscana,050041
D161,Crespino,RO,Veneto,029019
D162,Cressa,NO,Piemonte,003055
D165,Crevacuore,BI,Piemonte,096021
D166,Crevalcore,BO,Emilia-Romagna,037024
D168,Crevoladossola,VB,Piemonte,103025
D170,Crispano,,Campania,063030
D171,Crispiano,TA,Puglia,073004
D172,Crissolo,CN,Piemonte,004077
D175,Crocefieschi,GE,Liguria,010020
C670,Crocetta del Montello,TV,Veneto,026025
D177,Crodo,VB,Piemonte,103026
D179,Crognaleto,TE,Abruzzo,067023
D180,Cropalati,CS,Calabria,078046
D181,Cropani,CZ,Calabria,079036
D184,Crosia,CS,Calabria,078047
D185,Crosio della Valle,VA,Lombardia,012057
D122,Crotone,KR,Calabria,101010
D186,Crotta d'Adda,CR,Lombardia,019038
D187,Crova,VC,Piemonte,002052
D188,Croviana,TN,Trentino-Alto Adige/Südtirol,022068
D189,Crucoli,KR,Calabria,101011
D192,Cuasso al Monte,VA,Lombardia,012058
D195,Cuccaro Vetere,SA,Campania,065049
D196,Cucciago,CO,Lombardia,013084
D197,Cuceglio,TO,Piemonte,001096
D198,Cuggiono,MI,Lombardia,015096
D199,Cugliate-Fabiasco,VA,Lombardia,012059
D200,Cuglieri,OR,Sardegna,115020
D201,Cugnoli,PE,Abruzzo,068017
D202,Cumiana,TO,Piemonte,001097
D203,Cumignano sul Naviglio,CR,Lombardia,019039
D204,Cunardo,VA,Lombardia,012060
D205,Cuneo,CN,Piemonte,004078
D207,Cunico,AT,Piemonte,005051
D208,Cuorgnè,TO,Piemonte,001098
D209,Cupello,CH,Abruzzo,069028
D210,Cupra Marittima,AP,Marche,044017
D211,Cupramontana,AN,Marche,042016
B824,Cura Carpignano,PV,Lombardia,018060
D214,Curcuris,OR,Sardegna,115021
D216,Cureggio,NO,Piemonte,003058
D217,Curiglia con Monteviasco,VA,Lombardia,012061
D218,Curinga,CZ,Calabria,079039
D219,Curino,BI,Piemonte,096023
D221,Curno,BG,Lombardia,016089
D222,Curon Venosta,BZ,Trentino-Alto Adige/Südtirol,021027
D223,Cursi,LE,Puglia,075025
D226,Curtarolo,PD,Veneto,028036
D227,Curtatone,MN,Lombardia,020021
D228,Curti,CE,Campania,061032
D229,Cusago,MI,Lombardia,015097
D231,Cusano Milanino,MI,Lombardia,015098
D230,Cusano Mutri,BN,Campania,062026
D232,Cusino,CO,Lombardia,013085
D233,Cusio,BG,Lombardia,016090
D234,Custonaci,TP,Sicilia,081007
D236,Cutro,KR,Calabria,101012
D237,Cutrofiano,LE,Puglia,075026
D238,Cuveglio,VA,Lombardia,012062
D239,Cuvio,VA,Lombardia,012063
D244,Dairago,MI,Lombardia,015099
D245,Dalmine,BG,Lombardia,016091
D246,Dambel,TN,Trentino-Alto Adige/Südtirol,022071
D247,Danta di Cadore,BL,Veneto,025017
D251,Darfo Boario Terme,BS,Lombardia,017065
D253,Dasà,VV,Calabria,102007
D255,Davagna,GE,Liguria,010021
D256,Daverio,VA,Lombardia,012064
D257,Davoli,CZ,Calabria,079042
D258,Dazio,SO,Lombardia,014025
D259,Decimomannu,CA,Sardegna,118009
D260,Decimoputzu,CA,Sardegna,118010
D261,Decollatura,CZ,Calabria,079043
D264,Dego,SV,Liguria,009027
D265,Deiva Marina,SP,Liguria,011012
D266,Delebio,SO,Lombardia,014026
D267,Delia,CL,Sicilia,085006
D268,Delianuova,RC,Calabria,080031
D269,Deliceto,FG,Puglia,071022
D270,Dello,BS,Lombardia,017066
D271,Demonte,CN,Piemonte,004079
D272,Denice,AL,Piemonte,006065
D273,Denno,TN,Trentino-Alto Adige/Südtirol,022074
D277,Dernice,AL,Piemonte,006066
D278,Derovere,CR,Lombardia,019040
D279,Deruta,PG,Umbria,054017
D280,Dervio,LC,Lombardia,097030
D281,Desana,VC,Piemonte,002054
D284,Desenzano del Garda,BS,Lombardia,017067
D286,Desio,MB,Lombardia,108023
D287,Desulo,NU,Sardegna,114010
D289,Diamante,CS,Calabria,078048
D293,Diano Arentino,IM,Liguria,008025
D296,Diano Castello,IM,Liguria,008026
D297,Diano Marina,IM,Liguria,008027
D298,Diano San Pietro,IM,Liguria,008028
D291,Diano d'Alba,CN,Piemonte,004080
D299,Dicomano,FI,Toscana,048013
D300,Dignano,UD,Friuli-Venezia Giulia,030032
M366,Dimaro Folgarida,TN,Trentino-Alto Adige/Südtirol,022233
D303,Dinami,VV,Calabria,102008
D304,Dipignano,CS,Calabria,078049
D305,Diso,LE,Puglia,075027
D309,Divignano,NO,Piemonte,003060
D310,Dizzasco,CO,Lombardia,013087
D311,Dobbiaco,BZ,Trentino-Alto Adige/Südtirol,021028
D312,Doberdò del Lago,GO,Friuli-Venezia Giulia,031003
D314,Dogliani,CN,Piemonte,004081
D315,Dogliola,CH,Abruzzo,069029
D316,Dogna,UD,Friuli-Venezia Giulia,030033
D318,Dolceacqua,IM,Liguria,008029
D319,Dolcedo,IM,Liguria,008030
D317,Dolcè,VR,Veneto,023031
D321,Dolegna del Collio,GO,Friuli-Venezia Giulia,031004
D323,Dolianova,CA,Sardegna,118011
D325,Dolo,VE,Veneto,027012
D327,Dolzago,LC,Lombardia,097031
D328,Domanico,CS,Calabria,078050
D329,Domaso,CO,Lombardia,013089
D330,Domegge di Cadore,BL,Veneto,025018
D331,Domicella,AV,Campania,064031
D332,Domodossola,VB,Piemonte,103028
D333,Domus de Maria,CA,Sardegna,118012
D334,Domusnovas,CI,Sardegna,119005
D339,Donato,BI,Piemonte,096024
D341,Dongo,CO,Lombardia,013090
D338,Donnas,AO,Valle d'Aosta/Vallée d'Aoste,007023
D344,Donori,CA,Sardegna,118013
D345,Dorgali,NU,Sardegna,114011
D346,Dorio,LC,Lombardia,097032
D347,Dormelletto,NO,Piemonte,003062
D348,Dorno,PV,Lombardia,018061
D350,Dorzano,BI,Piemonte,096025
D351,Dosolo,MN,Lombardia,020022
D352,Dossena,BG,Lombardia,016092
D355,Dosso del Liro,CO,Lombardia,013092
D356,Doues,AO,Valle d'Aosta/Vallée d'Aoste,007024
D357,Dovadola,FC,Emilia-Romagna,040011
D358,Dovera,CR,Lombardia,019041
D360,Dozza,BO,Emilia-Romagna,037025
D361,Dragoni,CE,Campania,061033
D364,Drapia,VV,Calabria,102009
D365,Drena,TN,Trentino-Alto Adige/Südtirol,022078
D366,Drenchia,UD,Friuli-Venezia Giulia,030034
D367,Dresano,MI,Lombardia,015101
D371,Dro,TN,Trentino-Alto Adige/Südtirol,022079
D372,Dronero,CN,Piemonte,004082
D373,Druento,TO,Piemonte,001099
D374,Druogno,VB,Piemonte,103029
D376,Dualchi,NU,Sardegna,114012
D377,Dubino,SO,Lombardia,014027
M300,Due Carrare,PD,Veneto,028106
D379,Dueville,VI,Veneto,024038
D380,Dugenta,BN,Campania,062027
D383,Duino Aurisina,TS,Friuli-Venezia Giulia,032001
D384,Dumenza,VA,Lombardia,012065
D385,Duno,VA,Lombardia,012066
D386,Durazzano,BN,Campania,062028
C772,Duronia,CB,Molise,070022
D388,Dusino San Michele,AT,Piemonte,005052
D390,Eboli,SA,Campania,065050
D391,Edolo,BS,Lombardia,017068
D392,Egna,BZ,Trentino-Alto Adige/Südtirol,021029
D394,Elice,PE,Abruzzo,068018
D395,Elini,OG,Sardegna,116005
D398,Ello,LC,Lombardia,097033
D399,Elmas,CA,Sardegna,118014
D401,Elva,CN,Piemonte,004083
D402,Emarèse,AO,Valle d'Aosta/Vallée d'Aoste,007025
D403,Empoli,FI,Toscana,048014
D406,Endine Gaiano,BG,Lombardia,016093
D407,Enego,VI,Veneto,024039
D408,Enemonzo,UD,Friuli-Venezia Giulia,030035
C342,Enna,EN,Sicilia,086009
D410,Entracque,CN,Piemonte,004084
D411,Entratico,BG,Lombardia,016094
D412,Envie,CN,Piemonte,004085
D414,Episcopia,PZ,Basilicata,076030
D415,Eraclea,VE,Veneto,027013
D416,Erba,CO,Lombardia,013095
D420,Erbezzo,VR,Veneto,023033
D421,Erbusco,BS,Lombardia,017069
D419,Erbè,VR,Veneto,023032
D422,Erchie,BR,Puglia,074006
H243,Ercolano,,Campania,063064
D423,Erice,TP,Sicilia,081008
D424,Erli,SV,Liguria,009028
D426,Erto e Casso,PN,Friuli-Venezia Giulia,093019
M292,Erula,SS,Sardegna,112021
D428,Erve,LC,Lombardia,097034
D429,Esanatoglia,MC,Marche,043016
D430,Escalaplano,CA,Sardegna,118015
D431,Escolca,CA,Sardegna,118016
D434,Esine,BS,Lombardia,017070
D436,Esino Lario,LC,Lombardia,097035
D440,Esperia,FR,Lazio,060031
D441,Esporlatu,SS,Sardegna,112022
D442,Este,PD,Veneto,028037
D443,Esterzili,CA,Sardegna,118017
D444,Etroubles,AO,Valle d'Aosta/Vallée d'Aoste,007026
D445,Eupilio,CO,Lombardia,013097
D433,Exilles,TO,Piemonte,001100
D447,Fabbrica Curone,AL,Piemonte,006067
M319,Fabbriche di Vergemoli,LU,Toscana,046036
D450,Fabbrico,RE,Emilia-Romagna,035021
D451,Fabriano,AN,Marche,042017
D452,Fabrica di Roma,VT,Lazio,056024
D453,Fabrizia,VV,Calabria,102010
D454,Fabro,TR,Umbria,055011
D455,Faedis,UD,Friuli-Venezia Giulia,030036
D456,Faedo Valtellino,SO,Lombardia,014028
D458,Faenza,RA,Emilia-Romagna,039010
D459,Faeto,FG,Puglia,071023
D461,Fagagna,UD,Friuli-Venezia Giulia,030037
D462,Faggeto Lario,CO,Lombardia,013098
D463,Faggiano,TA,Puglia,073005
D465,Fagnano Alto,AQ,Abruzzo,066042
D464,Fagnano Castello,CS,Calabria,078051
D467,Fagnano Olona,VA,Lombardia,012067
D468,Fai della Paganella,TN,Trentino-Alto Adige/Südtirol,022081
D469,Faicchio,BN,Campania,062029
D470,Falcade,BL,Veneto,025019
D471,Falciano del Massico,CE,Campania,061101
D473,Falconara Albanese,CS,Calabria,078052
D472,Falconara Marittima,AN,Marche,042018
D474,Falcone,ME,Sicilia,083019
D475,Faleria,VT,Lazio,056025
D476,Falerna,CZ,Calabria,079047
D477,Falerone,FM,Marche,109005
D480,Fallo,CH,Abruzzo,069104
D482,Faloppio,CO,Lombardia,013099
D483,Falvaterra,FR,Lazio,060032
D484,Falzes,BZ,Trentino-Alto Adige/Südtirol,021030
D486,Fanano,MO,Emilia-Romagna,036011
D487,Fanna,PN,Friuli-Venezia Giulia,093020
D488,Fano,PU,Marche,041013
D489,Fano Adriano,TE,Abruzzo,067024
D494,Fara Filiorum Petri,CH,Abruzzo,069030
D490,Fara Gera d'Adda,BG,Lombardia,016096
D492,Fara Novarese,NO,Piemonte,003065
D491,Fara Olivana con Sola,BG,Lombardia,016097
D495,Fara San Martino,CH,Abruzzo,069031
D496,Fara Vicentino,VI,Veneto,024040
D493,Fara in Sabina,RI,Lazio,057027
D497,Fardella,PZ,Basilicata,076031
D499,Farigliano,CN,Piemonte,004086
D501,Farindola,PE,Abruzzo,068019
D502,Farini,PC,Emilia-Romagna,033019
D503,Farnese,VT,Lazio,056026
D504,Farra d'Isonzo,GO,Friuli-Venezia Giulia,031005
D505,Farra di Soligo,TV,Veneto,026026
D508,Fasano,BR,Puglia,074007
D509,Fascia,GE,Liguria,010022
D510,Fauglia,PI,Toscana,050014
D511,Faule,CN,Piemonte,004087
D512,Favale di Malvaro,GE,Liguria,010023
D514,Favara,AG,Sicilia,084017
D518,Favignana,TP,Sicilia,081009
D520,Favria,TO,Piemonte,001101
D523,Feisoglio,CN,Piemonte,004088
D524,Feletto,TO,Piemonte,001102
D526,Felino,PR,Emilia-Romagna,034013
D527,Felitto,SA,Campania,065051
D528,Felizzano,AL,Piemonte,006068
D530,Feltre,BL,Veneto,025021
D531,Fenegrò,CO,Lombardia,013100
D532,Fenestrelle,TO,Piemonte,001103
D538,Ferentillo,TR,Umbria,055012
D539,Ferentino,FR,Lazio,060033
D540,Ferla,SR,Sicilia,089008
D541,Fermignano,PU,Marche,041014
D542,Fermo,FM,Marche,109006
D543,Ferno,VA,Lombardia,012068
D544,Feroleto Antico,CZ,Calabria,079048
D545,Feroleto della Chiesa,RC,Calabria,080032
D547,Ferrandina,MT,Basilicata,077008
D548,Ferrara,FE,Emilia-Romagna,038008
D549,Ferrara di Monte Baldo,VR,Veneto,023034
D550,Ferrazzano,CB,Molise,070023
D552,Ferrera Erbognone,PV,Lombardia,018062
D551,Ferrera di Varese,VA,Lombardia,012069
D554,Ferrere,AT,Piemonte,005053
D555,Ferriere,PC,Emilia-Romagna,033020
D557,Ferruzzano,RC,Calabria,080033
D560,Fiamignano,RI,Lazio,057028
D562,Fiano,TO,Piemonte,001104
D561,Fiano Romano,RM,Lazio,058036
D564,Fiastra,MC,Marche,043017
D565,Fiavè,TN,Trentino-Alto Adige/Südtirol,022083
D567,Ficarazzi,PA,Sicilia,082035
D568,Ficarolo,RO,Veneto,029021
D569,Ficarra,ME,Sicilia,083020
D570,Ficulle,TR,Umbria,055013
B034,Fidenza,PR,Emilia-Romagna,034014
D573,Fierozzo,TN,Trentino-Alto Adige/Südtirol,022085
D574,Fiesco,CR,Lombardia,019043
D575,Fiesole,FI,Toscana,048015
D576,Fiesse,BS,Lombardia,017071
D577,Fiesso Umbertiano,RO,Veneto,029022
D578,Fiesso d'Artico,VE,Veneto,027014
D579,Figino Serenza,CO,Lombardia,013101
D582,Figline Vegliaturo,CS,Calabria,078053
M321,Figline e Incisa Valdarno,FI,Toscana,048052
D586,Filacciano,RM,Lazio,058037
D587,Filadelfia,VV,Calabria,102011
D588,Filago,BG,Lombardia,016098
D589,Filandari,VV,Calabria,102012
D590,Filattiera,MS,Toscana,045006
D591,Filettino,FR,Lazio,060034
D592,Filetto,CH,Abruzzo,069032
D593,Filiano,PZ,Basilicata,076032
D594,Filighera,PV,Lombardia,018063
D595,Filignano,IS,Molise,094019
D596,Filogaso,VV,Calabria,102013
D597,Filottrano,AN,Marche,042019
D599,Finale Emilia,MO,Emilia-Romagna,036012
D600,Finale Ligure,SV,Liguria,009029
D605,Fino Mornasco,CO,Lombardia,013102
D604,Fino del Monte,BG,Lombardia,016099
D608,Fiorano Canavese,TO,Piemonte,001105
D607,Fiorano Modenese,MO,Emilia-Romagna,036013
D606,Fiorano al Serio,BG,Lombardia,016100
D611,Fiorenzuola d'Arda,PC,Emilia-Romagna,033021
D612,Firenze,FI,Toscana,048017
D613,Firenzuola,FI,Toscana,048018
D614,Firmo,CS,Calabria,078054
M323,Fiscaglia,FE,Emilia-Romagna,038027
D615,Fisciano,SA,Campania,065052
A310,Fiuggi,FR,Lazio,060035
D617,Fiumalbo,MO,Emilia-Romagna,036014
D619,Fiumara,RC,Calabria,080034
D621,Fiume Veneto,PN,Friuli-Venezia Giulia,093021
D622,Fiumedinisi,ME,Sicilia,083021
D624,Fiumefreddo Bruzio,CS,Calabria,078055
D623,Fiumefreddo di Sicilia,CT,Sicilia,087016
M400,Fiumicello Villa Vicentina,UD,Friuli-Venezia Giulia,030190
M297,Fiumicino,RM,Lazio,058120
D628,Fiuminata,MC,Marche,043019
D629,Fivizzano,MS,Toscana,045007
D571,Fiè allo Sciliar,BZ,Trentino-Alto Adige/Südtirol,021031
D630,Flaibano,UD,Friuli-Venezia Giulia,030039
D634,Flero,BS,Lombardia,017072
D635,Floresta,ME,Sicilia,083022
D636,Floridia,SR,Sicilia,089009
D637,Florinas,SS,Sardegna,112023
D638,Flumeri,AV,Campania,064032
D639,Fluminimaggiore,CI,Sardegna,119006
D640,Flussio,OR,Sardegna,115022
D641,Fobello,VC,Piemonte,002057
D643,Foggia,FG,Puglia,071024
D644,Foglianise,BN,Campania,062030
D645,Fogliano Redipuglia,GO,Friuli-Venezia Giulia,031006
D646,Foglizzo,TO,Piemonte,001106
D649,Foiano della Chiana,AR,Toscana,051018
D650,Foiano di Val Fortore,BN,Campania,062031
D651,Folgaria,TN,Trentino-Alto Adige/Südtirol,022087
D652,Folignano,AP,Marche,044020
D653,Foligno,PG,Umbria,054018
D654,Follina,TV,Veneto,026027
D655,Follo,SP,Liguria,011013
D656,Follonica,GR,Toscana,053009
D660,Fombio,LO,Lombardia,098026
D661,Fondachelli-Fantina,ME,Sicilia,083023
D662,Fondi,LT,Lazio,059007
D665,Fonni,NU,Sardegna,114013
D666,Fontainemore,AO,Valle d'Aosta/Vallée d'Aoste,007028
D667,Fontana Liri,FR,Lazio,060036
D670,Fontanafredda,PN,Friuli-Venezia Giulia,093022
D671,Fontanarosa,AV,Campania,064033
D668,Fontanelice,BO,Emilia-Romagna,037026
D672,Fontanella,BG,Lombardia,016101
D673,Fontanellato,PR,Emilia-Romagna,034015
D674,Fontanelle,TV,Veneto,026028
D675,Fontaneto d'Agogna,NO,Piemonte,003066
D676,Fontanetto Po,VC,Piemonte,002058
D677,Fontanigorda,GE,Liguria,010024
D678,Fontanile,AT,Piemonte,005054
D679,Fontaniva,PD,Veneto,028038
D680,Fonte,TV,Veneto,026029
M309,Fonte Nuova,RM,Lazio,058122
D681,Fontecchio,AQ,Abruzzo,066043
D682,Fontechiari,FR,Lazio,060037
D683,Fontegreca,CE,Campania,061034
D684,Fonteno,BG,Lombardia,016102
D685,Fontevivo,PR,Emilia-Romagna,034016
D686,Fonzaso,BL,Veneto,025022
D688,Foppolo,BG,Lombardia,016103
D689,Forano,RI,Lazio,057029
D691,Force,AP,Marche,044021
D693,Forchia,BN,Campania,062032
D694,Forcola,SO,Lombardia,014029
D695,Fordongianus,OR,Sardegna,115023
D696,Forenza,PZ,Basilicata,076033
D697,Foresto Sparso,BG,Lombardia,016104
D700,Forgaria nel Friuli,UD,Friuli-Venezia Giulia,030137
D701,Forino,AV,Campania,064034
D702,Forio,,Campania,063031
D705,Forlimpopoli,FC,Emilia-Romagna,040013
D704,Forlì,FC,Emilia-Romagna,040012
D703,Forlì del Sannio,IS,Molise,094020
D706,Formazza,VB,Piemonte,103031
D707,Formello,RM,Lazio,058038
D708,Formia,LT,Lazio,059008
D709,Formicola,CE,Campania,061035
D710,Formigara,CR,Lombardia,019044
D711,Formigine,MO,Emilia-Romagna,036015
D712,Formigliana,VC,Piemonte,002059
D714,Fornace,TN,Trentino-Alto Adige/Südtirol,022089
D715,Fornelli,IS,Molise,094021
D718,Forni Avoltri,UD,Friuli-Venezia Giulia,030040
D719,Forni di Sopra,UD,Friuli-Venezia Giulia,030041
D720,Forni di Sotto,UD,Friuli-Venezia Giulia,030042
D725,Forno Canavese,TO,Piemonte,001107
D727,Fornovo San Giovanni,BG,Lombardia,016105
D728,Fornovo di Taro,PR,Emilia-Romagna,034017
D730,Forte dei Marmi,LU,Toscana,046013
D731,Fortezza,BZ,Trentino-Alto Adige/Südtirol,021032
D732,Fortunago,PV,Lombardia,018064
D733,Forza d'Agrò,ME,Sicilia,083024
D734,Fosciandora,LU,Toscana,046014
D735,Fosdinovo,MS,Toscana,045008
D736,Fossa,AQ,Abruzzo,066044
D738,Fossacesia,CH,Abruzzo,069033
D740,Fossalta di Piave,VE,Veneto,027015
D741,Fossalta di Portogruaro,VE,Veneto,027016
D737,Fossalto,CB,Molise,070024
D742,Fossano,CN,Piemonte,004089
D744,Fossato Serralta,CZ,Calabria,079052
D745,Fossato di Vico,PG,Umbria,054019
D749,Fossombrone,PU,Marche,041015
D748,Fossò,VE,Veneto,027017
D750,Foza,VI,Veneto,024041
D751,Frabosa Soprana,CN,Piemonte,004090
D752,Frabosa Sottana,CN,Piemonte,004091
D559,Fraconalto,AL,Piemonte,006069
D754,Fragagnano,TA,Puglia,073006
D756,Fragneto Monforte,BN,Campania,062034
D755,Fragneto l'Abate,BN,Campania,062033
D757,Fraine,CH,Abruzzo,069034
D758,Framura,SP,Liguria,011014
D762,Francavilla Angitola,VV,Calabria,102014
D759,Francavilla Bisio,AL,Piemonte,006070
D761,Francavilla Fontana,BR,Puglia,074008
D764,Francavilla Marittima,CS,Calabria,078056
D763,Francavilla al Mare,CH,Abruzzo,069035
D760,Francavilla d'Ete,FM,Marche,109007
D765,Francavilla di Sicilia,ME,Sicilia,083025
D766,Francavilla in Sinni,PZ,Basilicata,076034
D767,Francica,VV,Calabria,102015
D768,Francofonte,SR,Sicilia,089010
D769,Francolise,CE,Campania,061036
D770,Frascaro,AL,Piemonte,006071
D771,Frascarolo,PV,Lombardia,018065
D773,Frascati,RM,Lazio,058039
D774,Frascineto,CS,Calabria,078057
D775,Frassilongo,TN,Trentino-Alto Adige/Südtirol,022090
D776,Frassinelle Polesine,RO,Veneto,029023
D777,Frassinello Monferrato,AL,Piemonte,006072
D780,Frassineto Po,AL,Piemonte,006073
D781,Frassinetto,TO,Piemonte,001108
D782,Frassino,CN,Piemonte,004092
D783,Frassinoro,MO,Emilia-Romagna,036016
D785,Frasso Sabino,RI,Lazio,057030
D784,Frasso Telesino,BN,Campania,062035
D788,Fratta Polesine,RO,Veneto,029024
D787,Fratta Todina,PG,Umbria,054020
D789,Frattamaggiore,,Campania,063032
D790,Frattaminore,,Campania,063033
D791,Fratte Rosa,PU,Marche,041016
D793,Frazzanò,ME,Sicilia,083026
D794,Fregona,TV,Veneto,026030
D796,Fresagrandinaria,CH,Abruzzo,069036
D797,Fresonara,AL,Piemonte,006074
D798,Frigento,AV,Campania,064035
D799,Frignano,CE,Campania,061037
D802,Frinco,AT,Piemonte,005055
D803,Frisa,CH,Abruzzo,069037
D804,Frisanco,PN,Friuli-Venezia Giulia,093024
D805,Front,TO,Piemonte,001109
D807,Frontino,PU,Marche,041017
D808,Frontone,PU,Marche,041018
D810,Frosinone,FR,Lazio,060038
D811,Frosolone,IS,Molise,094022
D812,Frossasco,TO,Piemonte,001110
D813,Frugarolo,AL,Piemonte,006075
D814,Fubine Monferrato,AL,Piemonte,006076
D815,Fucecchio,FI,Toscana,048019
D817,Fuipiano Valle Imagna,BG,Lombardia,016106
D818,Fumane,VR,Veneto,023035
D819,Fumone,FR,Lazio,060039
D821,Funes,BZ,Trentino-Alto Adige/Südtirol,021033
D823,Furci,CH,Abruzzo,069038
D824,Furci Siculo,ME,Sicilia,083027
D825,Furnari,ME,Sicilia,083028
D826,Furore,SA,Campania,065053
D827,Furtei,VS,Sardegna,117004
D828,Fuscaldo,CS,Calabria,078058
D829,Fusignano,RA,Emilia-Romagna,039011
D830,Fusine,SO,Lombardia,014030
D832,Futani,SA,Campania,065054
D537,Fénis,AO,Valle d'Aosta/Vallée d'Aoste,007027
D834,Gabbioneta-Binanuova,CR,Lombardia,019045
D835,Gabiano,AL,Piemonte,006077
D836,Gabicce Mare,PU,Marche,041019
D839,Gaby,AO,Valle d'Aosta/Vallée d'Aoste,007029
D841,Gadesco-Pieve Delmona,CR,Lombardia,019046
D842,Gadoni,NU,Sardegna,114014
D843,Gaeta,LT,Lazio,059009
D844,Gaggi,ME,Sicilia,083029
D845,Gaggiano,MI,Lombardia,015103
D847,Gaggio Montano,BO,Emilia-Romagna,037027
D848,Gaglianico,BI,Piemonte,096026
D850,Gagliano Aterno,AQ,Abruzzo,066045
D849,Gagliano Castelferrato,EN,Sicilia,086010
D851,Gagliano del Capo,LE,Puglia,075028
D852,Gagliato,CZ,Calabria,079055
D853,Gagliole,MC,Marche,043020
D854,Gaiarine,TV,Veneto,026031
D855,Gaiba,RO,Veneto,029025
D856,Gaiola,CN,Piemonte,004093
D858,Gaiole in Chianti,SI,Toscana,052013
D859,Gairo,OG,Sardegna,116006
D860,Gais,BZ,Trentino-Alto Adige/Südtirol,021034
D861,Galati Mamertino,ME,Sicilia,083030
D862,Galatina,LE,Puglia,075029
D863,Galatone,LE,Puglia,075030
D864,Galatro,RC,Calabria,080035
D865,Galbiate,LC,Lombardia,097036
D867,Galeata,FC,Emilia-Romagna,040014
D868,Galgagnano,LO,Lombardia,098027
D869,Gallarate,VA,Lombardia,012070
D870,Gallese,VT,Lazio,056027
D872,Galliate,NO,Piemonte,003068
D871,Galliate Lombardo,VA,Lombardia,012071
D873,Galliavola,PV,Lombardia,018066
D874,Gallicano,LU,Toscana,046015
D875,Gallicano nel Lazio,RM,Lazio,058040
D876,Gallicchio,PZ,Basilicata,076035
D878,Galliera,BO,Emilia-Romagna,037028
D879,Galliera Veneta,PD,Veneto,028039
D881,Gallinaro,FR,Lazio,060040
D882,Gallio,VI,Veneto,024042
D883,Gallipoli,LE,Puglia,075031
D884,Gallo Matese,CE,Campania,061038
D885,Gallodoro,ME,Sicilia,083031
D886,Galluccio,CE,Campania,061039
D888,Galtellì,NU,Sardegna,114015
D889,Galzignano Terme,PD,Veneto,028040
D890,Gamalero,AL,Piemonte,006078
D891,Gambara,BS,Lombardia,017073
D892,Gambarana,PV,Lombardia,018067
D894,Gambasca,CN,Piemonte,004094
D895,Gambassi Terme,FI,Toscana,048020
D896,Gambatesa,CB,Molise,070025
D897,Gambellara,VI,Veneto,024043
D898,Gamberale,CH,Abruzzo,069039
D899,Gambettola,FC,Emilia-Romagna,040015
D901,Gambolò,PV,Lombardia,018068
D903,Gandellino,BG,Lombardia,016107
D905,Gandino,BG,Lombardia,016108
D906,Gandosso,BG,Lombardia,016109
D907,Gangi,PA,Sicilia,082036
D909,Garaguso,MT,Basilicata,077009
D910,Garbagna,AL,Piemonte,006079
D911,Garbagna Novarese,NO,Piemonte,003069
D912,Garbagnate Milanese,MI,Lombardia,015105
D913,Garbagnate Monastero,LC,Lombardia,097037
D915,Garda,VR,Veneto,023036
D917,Gardone Riviera,BS,Lombardia,017074
D918,Gardone Val Trompia,BS,Lombardia,017075
D920,Garessio,CN,Piemonte,004095
D921,Gargallo,NO,Piemonte,003070
D923,Gargazzone,BZ,Trentino-Alto Adige/Südtirol,021035
D924,Gargnano,BS,Lombardia,017076
D925,Garlasco,PV,Lombardia,018069
D926,Garlate,LC,Lombardia,097038
D927,Garlenda,SV,Liguria,009030
D928,Garniga Terme,TN,Trentino-Alto Adige/Südtirol,022091
D930,Garzeno,CO,Lombardia,013106
D931,Garzigliana,TO,Piemonte,001111
D932,Gasperina,CZ,Calabria,079056
D933,Gassino Torinese,TO,Piemonte,001112
D934,Gattatico,RE,Emilia-Romagna,035022
D935,Gatteo,FC,Emilia-Romagna,040016
M416,Gattico-Veruno,NO,Piemonte,003166
D938,Gattinara,VC,Piemonte,002061
D940,Gavardo,BS,Lombardia,017077
D942,Gavello,RO,Veneto,029026
D943,Gaverina Terme,BG,Lombardia,016110
D944,Gavi,AL,Piemonte,006081
D945,Gavignano,RM,Lazio,058041
D946,Gavirate,VA,Lombardia,012072
D947,Gavoi,NU,Sardegna,114016
D948,Gavorrano,GR,Toscana,053010
D949,Gazoldo degli Ippoliti,MN,Lombardia,020024
D951,Gazzada Schianno,VA,Lombardia,012073
D952,Gazzaniga,BG,Lombardia,016111
D956,Gazzo,PD,Veneto,028041
D957,Gazzo Veronese,VR,Veneto,023037
D958,Gazzola,PC,Emilia-Romagna,033022
D959,Gazzuolo,MN,Lombardia,020025
D960,Gela,CL,Sicilia,085007
D961,Gemmano,RN,Emilia-Romagna,099004
D962,Gemona del Friuli,UD,Friuli-Venezia Giulia,030043
D963,Gemonio,VA,Lombardia,012074
D964,Genazzano,RM,Lazio,058042
D965,Genga,AN,Marche,042020
D966,Genivolta,CR,Lombardia,019047
D967,Genola,CN,Piemonte,004096
D968,Genoni,CA,Sardegna,118018
D969,Genova,GE,Liguria,010025
D970,Genuri,VS,Sardegna,117005
D971,Genzano di Lucania,PZ,Basilicata,076036
D972,Genzano di Roma,RM,Lazio,058043
D974,Gera Lario,CO,Lombardia,013107
D975,Gerace,RC,Calabria,080036
D977,Geraci Siculo,PA,Sicilia,082037
D978,Gerano,RM,Lazio,058044
D980,Gerenzago,PV,Lombardia,018071
D981,Gerenzano,VA,Lombardia,012075
D982,Gergei,CA,Sardegna,118019
D983,Germagnano,TO,Piemonte,001113
D984,Germagno,VB,Piemonte,103032
D987,Germignaga,VA,Lombardia,012076
D988,Gerocarne,VV,Calabria,102016
D990,Gerola Alta,SO,Lombardia,014031
D993,Gerre de' Caprioli,CR,Lombardia,019048
D994,Gesico,CA,Sardegna,118020
D995,Gessate,MI,Lombardia,015106
D996,Gessopalena,CH,Abruzzo,069040
D997,Gesturi,VS,Sardegna,117006
D998,Gesualdo,AV,Campania,064036
D999,Ghedi,BS,Lombardia,017078
E001,Ghemme,NO,Piemonte,003073
E003,Ghiffa,VB,Piemonte,103033
E004,Ghilarza,OR,Sardegna,115024
E006,Ghisalba,BG,Lombardia,016113
E007,Ghislarengo,VC,Piemonte,002062
E008,Giacciano con Baruchella,RO,Veneto,029027
E009,Giaglione,TO,Piemonte,001114
E010,Gianico,BS,Lombardia,017079
E011,Giano Vetusto,CE,Campania,061040
E012,Giano dell'Umbria,PG,Umbria,054021
E013,Giardinello,PA,Sicilia,082038
E014,Giardini-Naxos,ME,Sicilia,083032
E015,Giarole,AL,Piemonte,006082
E016,Giarratana,RG,Sicilia,088004
E017,Giarre,CT,Sicilia,087017
E019,Giave,SS,Sardegna,112024
E020,Giaveno,TO,Piemonte,001115
E021,Giavera del Montello,TV,Veneto,026032
E022,Giba,CI,Sardegna,119007
E023,Gibellina,TP,Sicilia,081010
E024,Gifflenga,BI,Piemonte,096027
E025,Giffone,RC,Calabria,080037
E026,Giffoni Sei Casali,SA,Campania,065055
E027,Giffoni Valle Piana,SA,Campania,065056
E028,Gignese,VB,Piemonte,103034
E029,Gignod,AO,Valle d'Aosta/Vallée d'Aoste,007030
E030,Gildone,CB,Molise,070026
E031,Gimigliano,CZ,Calabria,079058
E033,Ginestra,PZ,Basilicata,076099
E034,Ginestra degli Schiavoni,BN,Campania,062036
E036,Ginosa,TA,Puglia,073007
E037,Gioi,SA,Campania,065057
E039,Gioia Sannitica,CE,Campania,061041
E041,Gioia Tauro,RC,Calabria,080038
E040,Gioia dei Marsi,AQ,Abruzzo,066046
E038,Gioia del Colle,BA,Puglia,072021
E044,Gioiosa Ionica,RC,Calabria,080039
E043,Gioiosa Marea,ME,Sicilia,083033
E045,Giove,TR,Umbria,055014
E047,Giovinazzo,BA,Puglia,072022
E048,Giovo,TN,Trentino-Alto Adige/Südtirol,022092
E049,Girasole,OG,Sardegna,116007
E050,Girifalco,CZ,Calabria,079059
E052,Gissi,CH,Abruzzo,069041
E053,Giuggianello,LE,Puglia,075032
E054,Giugliano in Campania,,Campania,063034
E055,Giuliana,PA,Sicilia,082039
E056,Giuliano Teatino,CH,Abruzzo,069042
E057,Giuliano di Roma,FR,Lazio,060041
E058,Giulianova,TE,Abruzzo,067025
E060,Giungano,SA,Campania,065058
E061,Giurdignano,LE,Puglia,075033
E062,Giussago,PV,Lombardia,018072
E063,Giussano,MB,Lombardia,108024
E064,Giustenice,SV,Liguria,009031
E065,Giustino,TN,Trentino-Alto Adige/Südtirol,022093
E066,Giusvalla,SV,Liguria,009032
E067,Givoletto,TO,Piemonte,001116
E068,Gizzeria,CZ,Calabria,079060
E069,Glorenza,BZ,Trentino-Alto Adige/Südtirol,021036
E071,Godega di Sant'Urbano,TV,Veneto,026033
E072,Godiasco Salice Terme,PV,Lombardia,018073
E074,Godrano,PA,Sicilia,082040
E078,Goito,MN,Lombardia,020026
E079,Golasecca,VA,Lombardia,012077
E081,Golferenzo,PV,Lombardia,018074
M274,Golfo Aranci,OT,Sardegna,113011
E082,Gombito,CR,Lombardia,019049
E083,Gonars,UD,Friuli-Venezia Giulia,030044
E084,Goni,CA,Sardegna,118021
E086,Gonnesa,CI,Sardegna,119008
E087,Gonnoscodina,OR,Sardegna,115025
E085,Gonnosfanadiga,VS,Sardegna,117007
D585,Gonnosnò,OR,Sardegna,115026
E088,Gonnostramatza,OR,Sardegna,115027
E089,Gonzaga,MN,Lombardia,020027
E090,Gordona,SO,Lombardia,014032
E091,Gorga,RM,Lazio,058045
E092,Gorgo al Monticano,TV,Veneto,026034
E093,Gorgoglione,MT,Basilicata,077010
E094,Gorgonzola,MI,Lombardia,015108
E096,Goriano Sicoli,AQ,Abruzzo,066047
E098,Gorizia,GO,Friuli-Venezia Giulia,031007
E101,Gorla Maggiore,VA,Lombardia,012078
E102,Gorla Minore,VA,Lombardia,012079
E100,Gorlago,BG,Lombardia,016114
E103,Gorle,BG,Lombardia,016115
E104,Gornate Olona,VA,Lombardia,012080
E106,Gorno,BG,Lombardia,016116
E107,Goro,FE,Emilia-Romagna,038025
E109,Gorreto,GE,Liguria,010026
E111,Gorzegno,CN,Piemonte,004097
E113,Gosaldo,BL,Veneto,025025
E114,Gossolengo,PC,Emilia-Romagna,033023
E115,Gottasecca,CN,Piemonte,004098
E116,Gottolengo,BS,Lombardia,017080
E118,Govone,CN,Piemonte,004099
E120,Gozzano,NO,Piemonte,003076
E122,Gradara,PU,Marche,041020
E124,Gradisca d'Isonzo,GO,Friuli-Venezia Giulia,031008
E125,Grado,GO,Friuli-Venezia Giulia,031009
E126,Gradoli,VT,Lazio,056028
E127,Graffignana,LO,Lombardia,098028
E128,Graffignano,VT,Lazio,056029
E130,Graglia,BI,Piemonte,096028
E131,Gragnano,,Campania,063035
E132,Gragnano Trebbiense,PC,Emilia-Romagna,033024
E133,Grammichele,CT,Sicilia,087018
E134,Grana Monferrato,AT,Piemonte,005056
E136,Granarolo dell'Emilia,BO,Emilia-Romagna,037030
E139,Grandate,CO,Lombardia,013110
E141,Grandola ed Uniti,CO,Lombardia,013111
E142,Graniti,ME,Sicilia,083034
E143,Granozzo con Monticello,NO,Piemonte,003077
E144,Grantola,VA,Lombardia,012081
E145,Grantorto,PD,Veneto,028042
E146,Granze,PD,Veneto,028043
E147,Grassano,MT,Basilicata,077011
E148,Grassobbio,BG,Lombardia,016117
E149,Gratteri,PA,Sicilia,082041
M315,Gravedona ed Uniti,CO,Lombardia,013249
E152,Gravellona Lomellina,PV,Lombardia,018075
E153,Gravellona Toce,VB,Piemonte,103035
E154,Gravere,TO,Piemonte,001117
E156,Gravina di Catania,CT,Sicilia,087019
E155,Gravina in Puglia,BA,Puglia,072023
E158,Grazzanise,CE,Campania,061042
E159,Grazzano Badoglio,AT,Piemonte,005057
E160,Greccio,RI,Lazio,057031
E161,Greci,AV,Campania,064037
E163,Greggio,VC,Piemonte,002065
E164,Gremiasco,AL,Piemonte,006083
E165,Gressan,AO,Valle d'Aosta/Vallée d'Aoste,007031
E167,Gressoney-La-Trinité,AO,Valle d'Aosta/Vallée d'Aoste,007032
E168,Gressoney-Saint-Jean,AO,Valle d'Aosta/Vallée d'Aoste,007033
E169,Greve in Chianti,FI,Toscana,048021
E170,Grezzago,MI,Lombardia,015110
E171,Grezzana,VR,Veneto,023038
E172,Griante,CO,Lombardia,013113
E173,Gricignano di Aversa,CE,Campania,061043
E177,Grignasco,NO,Piemonte,003079
E178,Grigno,TN,Trentino-Alto Adige/Südtirol,022095
E179,Grimacco,UD,Friuli-Venezia Giulia,030045
E180,Grimaldi,CS,Calabria,078059
E182,Grinzane Cavour,CN,Piemonte,004100
E184,Grisignano di Zocco,VI,Veneto,024046
E185,Grisolia,CS,Calabria,078060
E187,Grizzana Morandi,BO,Emilia-Romagna,037031
E188,Grognardo,AL,Piemonte,006084
E189,Gromo,BG,Lombardia,016118
E191,Grondona,AL,Piemonte,006085
E192,Grone,BG,Lombardia,016119
E193,Grontardo,CR,Lombardia,019050
E195,Gropello Cairoli,PV,Lombardia,018076
E196,Gropparello,PC,Emilia-Romagna,033025
E199,Groscavallo,TO,Piemonte,001118
E200,Grosio,SO,Lombardia,014033
E201,Grosotto,SO,Lombardia,014034
E202,Grosseto,GR,Toscana,053011
E203,Grosso,TO,Piemonte,001119
E204,Grottaferrata,RM,Lazio,058046
E205,Grottaglie,TA,Puglia,073008
E206,Grottaminarda,AV,Campania,064038
E207,Grottammare,AP,Marche,044023
E208,Grottazzolina,FM,Marche,109008
E209,Grotte,AG,Sicilia,084018
E210,Grotte di Castro,VT,Lazio,056030
E212,Grotteria,RC,Calabria,080040
E213,Grottole,MT,Basilicata,077012
E214,Grottolella,AV,Campania,064039
E215,Gruaro,VE,Veneto,027018
E216,Grugliasco,TO,Piemonte,001120
E217,Grumello Cremonese ed Uniti,CR,Lombardia,019051
E219,Grumello del Monte,BG,Lombardia,016120
E221,Grumento Nova,PZ,Basilicata,076037
E223,Grumo Appula,BA,Puglia,072024
E224,Grumo Nevano,,Campania,063036
E226,Grumolo delle Abbadesse,VI,Veneto,024047
E227,Guagnano,LE,Puglia,075034
E228,Gualdo,MC,Marche,043021
E229,Gualdo Cattaneo,PG,Umbria,054022
E230,Gualdo Tadino,PG,Umbria,054023
E232,Gualtieri,RE,Emilia-Romagna,035023
E233,Gualtieri Sicaminò,ME,Sicilia,083035
E234,Guamaggiore,CA,Sardegna,118022
E235,Guanzate,CO,Lombardia,013114
E236,Guarcino,FR,Lazio,060042
E240,Guarda Veneta,RO,Veneto,029028
E237,Guardabosone,VC,Piemonte,002066
E238,Guardamiglio,LO,Lombardia,098029
E239,Guardavalle,CZ,Calabria,079061
E241,Guardea,TR,Umbria,055015
E245,Guardia Lombardi,AV,Campania,064040
E246,Guardia Perticara,PZ,Basilicata,076038
E242,Guardia Piemontese,CS,Calabria,078061
E249,Guardia Sanframondi,BN,Campania,062037
E243,Guardiagrele,CH,Abruzzo,069043
E244,Guardialfiera,CB,Molise,070027
E248,Guardiaregia,CB,Molise,070028
E250,Guardistallo,PI,Toscana,050015
E251,Guarene,CN,Piemonte,004101
E252,Guasila,CA,Sardegna,118023
E253,Guastalla,RE,Emilia-Romagna,035024
E255,Guazzora,AL,Piemonte,006086
E256,Gubbio,PG,Umbria,054024
E258,Gudo Visconti,MI,Lombardia,015112
E259,Guglionesi,CB,Molise,070029
E261,Guidizzolo,MN,Lombardia,020028
E263,Guidonia Montecelio,RM,Lazio,058047
E264,Guiglia,MO,Emilia-Romagna,036017
E266,Guilmi,CH,Abruzzo,069044
E269,Gurro,VB,Piemonte,103036
E270,Guspini,VS,Sardegna,117008
E271,Gussago,BS,Lombardia,017081
E272,Gussola,CR,Lombardia,019052
E273,Hône,AO,Valle d'Aosta/Vallée d'Aoste,007034
E280,Idro,BS,Lombardia,017082
E281,Iglesias,CI,Sardegna,119009
E282,Igliano,CN,Piemonte,004102
E283,Ilbono,OG,Sardegna,116008
E284,Illasi,VR,Veneto,023039
E285,Illorai,SS,Sardegna,112025
E287,Imbersago,LC,Lombardia,097039
E288,Imer,TN,Trentino-Alto Adige/Südtirol,022097
E289,Imola,BO,Emilia-Romagna,037032
E290,Imperia,IM,Liguria,008031
E291,Impruneta,FI,Toscana,048022
E292,Inarzo,VA,Lombardia,012082
E295,Incisa Scapaccino,AT,Piemonte,005058
E297,Incudine,BS,Lombardia,017083
E299,Induno Olona,VA,Lombardia,012083
E301,Ingria,TO,Piemonte,001121
E304,Intragna,VB,Piemonte,103037
E305,Introbio,LC,Lombardia,097040
E306,Introd,AO,Valle d'Aosta/Vallée d'Aoste,007035
E307,Introdacqua,AQ,Abruzzo,066048
E309,Inverigo,CO,Lombardia,013118
E310,Inverno e Monteleone,PV,Lombardia,018077
E311,Inverso Pinasca,TO,Piemonte,001122
E313,Inveruno,MI,Lombardia,015113
E314,Invorio,NO,Piemonte,003082
E317,Inzago,MI,Lombardia,015114
E323,Irgoli,NU,Sardegna,114017
E325,Irma,BS,Lombardia,017084
E326,Irsina,MT,Basilicata,077013
E327,Isasca,CN,Piemonte,004103
E328,Isca sullo Ionio,CZ,Calabria,079063
E329,Ischia,,Campania,063037
E330,Ischia di Castro,VT,Lazio,056031
E332,Ischitella,FG,Puglia,071025
E333,Iseo,BS,Lombardia,017085
E334,Isera,TN,Trentino-Alto Adige/Südtirol,022098
E335,Isernia,IS,Molise,094023
E336,Isili,CA,Sardegna,118024
E337,Isnello,PA,Sicilia,082042
E356,Isola Dovarese,CR,Lombardia,019053
E358,Isola Rizza,VR,Veneto,023041
E360,Isola Sant'Antonio,AL,Piemonte,006087
E354,Isola Vicentina,VI,Veneto,024048
E338,Isola d'Asti,AT,Piemonte,005059
E341,Isola del Cantone,GE,Liguria,010027
E348,Isola del Giglio,GR,Toscana,053012
E343,Isola del Gran Sasso d'Italia,TE,Abruzzo,067026
E340,Isola del Liri,FR,Lazio,060043
E351,Isola del Piano,PU,Marche,041021
E349,Isola della Scala,VR,Veneto,023040
E350,Isola delle Femmine,PA,Sicilia,082043
E339,Isola di Capo Rizzuto,KR,Calabria,101013
E353,Isola di Fondra,BG,Lombardia,016121
E345,Isolabella,TO,Piemonte,001123
E346,Isolabona,IM,Liguria,008032
E363,Isole Tremiti,FG,Puglia,071026
E364,Isorella,BS,Lombardia,017086
E365,Ispani,SA,Campania,065059
E366,Ispica,RG,Sicilia,088005
E367,Ispra,VA,Lombardia,012084
E368,Issiglio,TO,Piemonte,001124
E369,Issime,AO,Valle d'Aosta/Vallée d'Aoste,007036
E370,Isso,BG,Lombardia,016122
E371,Issogne,AO,Valle d'Aosta/Vallée d'Aoste,007037
E373,Istrana,TV,Veneto,026035
E374,Itala,ME,Sicilia,083036
E375,Itri,LT,Lazio,059010
E376,Ittireddu,SS,Sardegna,112026
E377,Ittiri,SS,Sardegna,112027
E379,Ivrea,TO,Piemonte,001125
E380,Izano,CR,Lombardia,019054
E274,Jacurso,CZ,Calabria,079065
E381,Jelsi,CB,Molise,070030
E382,Jenne,RM,Lazio,058048
E386,Jerago con Orago,VA,Lombardia,012085
E387,Jerzu,OG,Sardegna,116009
E388,Jesi,AN,Marche,042021
C388,Jesolo,VE,Veneto,027019
E320,Jolanda di Savoia,FE,Emilia-Romagna,038010
E321,Jonadi,VV,Calabria,102017
E389,Joppolo,VV,Calabria,102018
E390,Joppolo Giancaxio,AG,Sicilia,084019
E391,Jovençan,AO,Valle d'Aosta/Vallée d'Aoste,007038
A345,L'Aquila,AQ,Abruzzo,066049
E394,La Cassa,TO,Piemonte,001126
E423,La Loggia,TO,Piemonte,001127
E425,La Maddalena,OT,Sardegna,113012
A308,La Magdeleine,AO,Valle d'Aosta/Vallée d'Aoste,007039
E430,La Morra,CN,Piemonte,004105
E458,La Salle,AO,Valle d'Aosta/Vallée d'Aoste,007040
E463,La Spezia,SP,Liguria,011015
E470,La Thuile,AO,Valle d'Aosta/Vallée d'Aoste,007041
E491,La Valle,BZ,Trentino-Alto Adige/Südtirol,021117
E490,La Valle Agordina,BL,Veneto,025027
M348,La Valletta Brianza,LC,Lombardia,097092
E392,Labico,RM,Lazio,058049
E393,Labro,RI,Lazio,057032
E395,Lacchiarella,MI,Lombardia,015115
E396,Lacco Ameno,,Campania,063038
E397,Lacedonia,AV,Campania,064041
E398,Laces,BZ,Trentino-Alto Adige/Südtirol,021037
E400,Laconi,OR,Sardegna,115028
M212,Ladispoli,RM,Lazio,058116
E401,Laerru,SS,Sardegna,112028
E402,Laganadi,RC,Calabria,080041
E403,Laghi,VI,Veneto,024049
E405,Laglio,CO,Lombardia,013119
E406,Lagnasco,CN,Piemonte,004104
E407,Lago,CS,Calabria,078062
E409,Lagonegro,PZ,Basilicata,076039
E410,Lagosanto,FE,Emilia-Romagna,038011
E412,Lagundo,BZ,Trentino-Alto Adige/Südtirol,021038
E414,Laigueglia,SV,Liguria,009033
E415,Lainate,MI,Lombardia,015116
E416,Laino,CO,Lombardia,013120
E417,Laino Borgo,CS,Calabria,078063
E419,Laino Castello,CS,Calabria,078064
E420,Laion,BZ,Trentino-Alto Adige/Südtirol,021039
E421,Laives,BZ,Trentino-Alto Adige/Südtirol,021040
E413,Lajatico,PI,Toscana,050016
E422,Lallio,BG,Lombardia,016123
E426,Lama Mocogno,MO,Emilia-Romagna,036018
E424,Lama dei Peligni,CH,Abruzzo,069045
E428,Lambrugo,CO,Lombardia,013121
M208,Lamezia Terme,CZ,Calabria,079160
E429,Lamon,BL,Veneto,025026
E431,Lampedusa e Linosa,AG,Sicilia,084020
E432,Lamporecchio,PT,Toscana,047005
E433,Lamporo,VC,Piemonte,002067
E434,Lana,BZ,Trentino-Alto Adige/Südtirol,021041
E435,Lanciano,CH,Abruzzo,069046
E436,Landiona,NO,Piemonte,003083
E437,Landriano,PV,Lombardia,018078
E438,Langhirano,PR,Emilia-Romagna,034018
E439,Langosco,PV,Lombardia,018079
E441,Lanusei,OG,Sardegna,116010
C767,Lanuvio,RM,Lazio,058050
E443,Lanzada,SO,Lombardia,014036
E445,Lanzo Torinese,TO,Piemonte,001128
E447,Lapedona,FM,Marche,109009
E448,Lapio,AV,Campania,064042
E450,Lappano,CS,Calabria,078065
E451,Larciano,PT,Toscana,047006
E454,Lardirago,PV,Lombardia,018080
M207,Lariano,RM,Lazio,058115
E456,Larino,CB,Molise,070031
E464,Las Plassas,VS,Sardegna,117009
E457,Lasa,BZ,Trentino-Alto Adige/Südtirol,021042
E459,Lascari,PA,Sicilia,082044
E462,Lasnigo,CO,Lombardia,013123
E465,Lastebasse,VI,Veneto,024050
E466,Lastra a Signa,FI,Toscana,048024
E467,Latera,VT,Lazio,056032
M392,Laterina Pergine Valdarno,AR,Toscana,051042
E469,Laterza,TA,Puglia,073009
E471,Latiano,BR,Puglia,074009
E472,Latina,LT,Lazio,059011
E473,Latisana,UD,Friuli-Venezia Giulia,030046
E474,Latronico,PZ,Basilicata,076040
E475,Lattarico,CS,Calabria,078066
E476,Lauco,UD,Friuli-Venezia Giulia,030047
E480,Laureana Cilento,SA,Campania,065060
E479,Laureana di Borrello,RC,Calabria,080042
E481,Lauregno,BZ,Trentino-Alto Adige/Südtirol,021043
E482,Laurenzana,PZ,Basilicata,076041
E483,Lauria,PZ,Basilicata,076042
E484,Lauriano,TO,Piemonte,001129
E485,Laurino,SA,Campania,065061
E486,Laurito,SA,Campania,065062
E487,Lauro,AV,Campania,064043
E488,Lavagna,GE,Liguria,010028
E489,Lavagno,VR,Veneto,023042
E492,Lavarone,TN,Trentino-Alto Adige/Südtirol,022102
E493,Lavello,PZ,Basilicata,076043
E494,Lavena Ponte Tresa,VA,Lombardia,012086
E496,Laveno-Mombello,VA,Lombardia,012087
E497,Lavenone,BS,Lombardia,017087
E498,Laviano,SA,Campania,065063
E500,Lavis,TN,Trentino-Alto Adige/Südtirol,022103
E502,Lazise,VR,Veneto,023043
E504,Lazzate,MB,Lombardia,108025
E506,Lecce,LE,Puglia,075035
E505,Lecce nei Marsi,AQ,Abruzzo,066050
E507,Lecco,LC,Lombardia,097042
M313,Ledro,TN,Trentino-Alto Adige/Südtirol,022229
E509,Leffe,BG,Lombardia,016124
E510,Leggiuno,VA,Lombardia,012088
E512,Legnago,VR,Veneto,023044
E514,Legnano,MI,Lombardia,015118
E515,Legnaro,PD,Veneto,028044
E517,Lei,NU,Sardegna,114018
E518,Leini,TO,Piemonte,001130
E519,Leivi,GE,Liguria,010029
E520,Lemie,TO,Piemonte,001131
E522,Lendinara,RO,Veneto,029029
E523,Leni,ME,Sicilia,083037
E524,Lenna,BG,Lombardia,016125
E526,Leno,BS,Lombardia,017088
E527,Lenola,LT,Lazio,059012
E528,Lenta,VC,Piemonte,002068
E530,Lentate sul Seveso,MB,Lombardia,108054
E531,Lentella,CH,Abruzzo,069047
E532,Lentini,SR,Sicilia,089011
E535,Leonessa,RI,Lazio,057033
E536,Leonforte,EN,Sicilia,086011
E537,Leporano,TA,Puglia,073010
E538,Lequile,LE,Puglia,075036
E540,Lequio Berria,CN,Piemonte,004106
E539,Lequio Tanaro,CN,Piemonte,004107
E541,Lercara Friddi,PA,Sicilia,082045
E542,Lerici,SP,Liguria,011016
E543,Lerma,AL,Piemonte,006088
E544,Lesa,NO,Piemonte,003084
E546,Lesegno,CN,Piemonte,004108
E547,Lesignano de' Bagni,PR,Emilia-Romagna,034019
E549,Lesina,FG,Puglia,071027
E550,Lesmo,MB,Lombardia,108026
E551,Lessolo,TO,Piemonte,001132
M371,Lessona,BI,Piemonte,096085
E553,Lestizza,UD,Friuli-Venezia Giulia,030048
E554,Letino,CE,Campania,061044
E555,Letojanni,ME,Sicilia,083038
E557,Lettere,,Campania,063039
E558,Lettomanoppello,PE,Abruzzo,068020
E559,Lettopalena,CH,Abruzzo,069048
E560,Levanto,SP,Liguria,011017
E562,Levate,BG,Lombardia,016126
E563,Leverano,LE,Puglia,075037
E564,Levice,CN,Piemonte,004109
E565,Levico Terme,TN,Trentino-Alto Adige/Südtirol,022104
E566,Levone,TO,Piemonte,001133
E569,Lezzeno,CO,Lombardia,013126
E570,Liberi,CE,Campania,061045
E571,Librizzi,ME,Sicilia,083039
E573,Licata,AG,Sicilia,084021
E574,Licciana Nardi,MS,Toscana,045009
E576,Licenza,RM,Lazio,058051
E578,Licodia Eubea,CT,Sicilia,087020
E581,Lierna,LC,Lombardia,097043
E583,Lignana,VC,Piemonte,002070
E584,Lignano Sabbiadoro,UD,Friuli-Venezia Giulia,030049
E587,Lillianes,AO,Valle d'Aosta/Vallée d'Aoste,007042
E588,Limana,BL,Veneto,025029
E589,Limatola,BN,Campania,062038
E590,Limbadi,VV,Calabria,102019
E591,Limbiate,MB,Lombardia,108027
E592,Limena,PD,Veneto,028045
E593,Limido Comasco,CO,Lombardia,013128
E594,Limina,ME,Sicilia,083040
E597,Limone Piemonte,CN,Piemonte,004110
E596,Limone sul Garda,BS,Lombardia,017089
E599,Limosano,CB,Molise,070032
E600,Linarolo,PV,Lombardia,018081
E602,Linguaglossa,CT,Sicilia,087021
E605,Lioni,AV,Campania,064044
E606,Lipari,ME,Sicilia,083041
E607,Lipomo,CO,Lombardia,013129
E610,Liscate,MI,Lombardia,015122
E611,Liscia,CH,Abruzzo,069049
E613,Lisciano Niccone,PG,Umbria,054025
E615,Lisio,CN,Piemonte,004111
E617,Lissone,MB,Lombardia,108028
E620,Liveri,,Campania,063040
E621,Livigno,SO,Lombardia,014037
E622,Livinallongo del Col di Lana,BL,Veneto,025030
E623,Livo,CO,Lombardia,013130
E624,Livo,TN,Trentino-Alto Adige/Südtirol,022106
E625,Livorno,LI,Toscana,049009
E626,Livorno Ferraris,VC,Piemonte,002071
E627,Livraga,LO,Lombardia,098030
E629,Lizzanello,LE,Puglia,075038
E630,Lizzano,TA,Puglia,073011
A771,Lizzano in Belvedere,BO,Emilia-Romagna,037033
E632,Loano,SV,Liguria,009034
E633,Loazzolo,AT,Piemonte,005060
E635,Locana,TO,Piemonte,001134
E638,Locate Varesino,CO,Lombardia,013131
E639,Locate di Triulzi,MI,Lombardia,015125
E640,Locatello,BG,Lombardia,016127
E644,Loceri,OG,Sardegna,116011
E645,Locorotondo,BA,Puglia,072025
D976,Locri,RC,Calabria,080043
E646,Loculi,NU,Sardegna,114019
E648,Lodi,LO,Lombardia,098031
E651,Lodi Vecchio,LO,Lombardia,098032
E649,Lodine,NU,Sardegna,114021
E652,Lodrino,BS,Lombardia,017090
E647,Lodè,NU,Sardegna,114020
E654,Lograto,BS,Lombardia,017091
E655,Loiano,BO,Emilia-Romagna,037034
M275,Loiri Porto San Paolo,OT,Sardegna,113013
E656,Lomagna,LC,Lombardia,097044
E659,Lomazzo,CO,Lombardia,013133
E660,Lombardore,TO,Piemonte,001135
E661,Lombriasco,TO,Piemonte,001136
E662,Lomello,PV,Lombardia,018083
E664,Lona-Lases,TN,Trentino-Alto Adige/Südtirol,022108
E665,Lonate Ceppino,VA,Lombardia,012089
E666,Lonate Pozzolo,VA,Lombardia,012090
M312,Lonato del Garda,BS,Lombardia,017092
E668,Londa,FI,Toscana,048025
E669,Longano,IS,Molise,094024
E671,Longare,VI,Veneto,024051
M342,Longarone,BL,Veneto,025071
E673,Longhena,BS,Lombardia,017093
E674,Longi,ME,Sicilia,083042
E675,Longiano,FC,Emilia-Romagna,040018
E677,Longobardi,CS,Calabria,078067
E678,Longobucco,CS,Calabria,078068
E681,Longone Sabino,RI,Lazio,057034
E679,Longone al Segrino,CO,Lombardia,013134
E682,Lonigo,VI,Veneto,024052
E683,Loranzè,TO,Piemonte,001137
E684,Loreggia,PD,Veneto,028046
E685,Loreglia,VB,Piemonte,103038
E687,Lorenzago di Cadore,BL,Veneto,025032
E689,Loreo,RO,Veneto,029030
E690,Loreto,AN,Marche,042022
E691,Loreto Aprutino,PE,Abruzzo,068021
E692,Loria,TV,Veneto,026036
E693,Loro Ciuffenna,AR,Toscana,051020
E694,Loro Piceno,MC,Marche,043022
E695,Lorsica,GE,Liguria,010030
E698,Losine,BS,Lombardia,017094
E700,Lotzorai,OG,Sardegna,116012
E704,Lovere,BG,Lombardia,016128
E705,Lovero,SO,Lombardia,014038
E706,Lozio,BS,Lombardia,017095
E707,Lozza,VA,Lombardia,012091
E709,Lozzo Atestino,PD,Veneto,028047
E708,Lozzo di Cadore,BL,Veneto,025033
E711,Lozzolo,VC,Piemonte,002072
M420,Lu e Cuccaro Monferrato,AL,Piemonte,006193
E713,Lubriano,VT,Lazio,056033
E715,Lucca,LU,Toscana,046017
E714,Lucca Sicula,AG,Sicilia,084022
E716,Lucera,FG,Puglia,071028
E718,Lucignano,AR,Toscana,051021
E719,Lucinasco,IM,Liguria,008033
E722,Lucito,CB,Molise,070033
E723,Luco dei Marsi,AQ,Abruzzo,066051
E724,Lucoli,AQ,Abruzzo,066052
E726,Lugagnano Val d'Arda,PC,Emilia-Romagna,033026
E729,Lugnano in Teverina,TR,Umbria,055016
E730,Lugo,RA,Emilia-Romagna,039012
E731,Lugo di Vicenza,VI,Veneto,024053
E734,Luino,VA,Lombardia,012092
E735,Luisago,CO,Lombardia,013135
E736,Lula,NU,Sardegna,114022
E737,Lumarzo,GE,Liguria,010031
E738,Lumezzane,BS,Lombardia,017096
E742,Lunamatrona,VS,Sardegna,117010
E743,Lunano,PU,Marche,041022
B387,Lungavilla,PV,Lombardia,018084
E745,Lungro,CS,Calabria,078069
G143,Luni,SP,Liguria,011020
E746,Luogosano,AV,Campania,064045
E747,Luogosanto,OT,Sardegna,113014
E748,Lupara,CB,Molise,070034
E750,Lurago Marinone,CO,Lombardia,013137
E749,Lurago d'Erba,CO,Lombardia,013136
E751,Lurano,BG,Lombardia,016129
E752,Luras,OT,Sardegna,113015
E753,Lurate Caccivio,CO,Lombardia,013138
E754,Lusciano,CE,Campania,061046
E757,Luserna,TN,Trentino-Alto Adige/Südtirol,022109
E758,Luserna San Giovanni,TO,Piemonte,001139
E759,Lusernetta,TO,Piemonte,001140
E760,Lusevera,UD,Friuli-Venezia Giulia,030051
E761,Lusia,RO,Veneto,029031
M427,Lusiana Conco,VI,Veneto,024127
E763,Lusigliè,TO,Piemonte,001141
E764,Luson,BZ,Trentino-Alto Adige/Südtirol,021044
E767,Lustra,SA,Campania,065064
E769,Luvinate,VA,Lombardia,012093
E770,Luzzana,BG,Lombardia,016130
E772,Luzzara,RE,Emilia-Romagna,035026
E773,Luzzi,CS,Calabria,078070
M339,Maccagno con Pino e Veddasca,VA,Lombardia,012142
E777,Maccastorna,LO,Lombardia,098033
E780,Macchia Valfortore,CB,Molise,070035
E778,Macchia d'Isernia,IS,Molise,094025
E779,Macchiagodena,IS,Molise,094026
E782,Macello,TO,Piemonte,001142
E783,Macerata,MC,Marche,043023
E784,Macerata Campania,CE,Campania,061047
E785,Macerata Feltria,PU,Marche,041023
E786,Macherio,MB,Lombardia,108029
E787,Maclodio,BS,Lombardia,017097
E788,Macomer,NU,Sardegna,114023
E789,Macra,CN,Piemonte,004112
E790,Macugnaga,VB,Piemonte,103039
E791,Maddaloni,CE,Campania,061048
E342,Madesimo,SO,Lombardia,014035
E793,Madignano,CR,Lombardia,019055
E794,Madone,BG,Lombardia,016131
E795,Madonna del Sasso,VB,Piemonte,103040
M357,Madruzzo,TN,Trentino-Alto Adige/Südtirol,022243
E798,Maenza,LT,Lazio,059013
E799,Mafalda,CB,Molise,070036
E800,Magasa,BS,Lombardia,017098
E801,Magenta,MI,Lombardia,015130
E803,Maggiora,NO,Piemonte,003088
E804,Magherno,PV,Lombardia,018085
E805,Magione,PG,Umbria,054026
E806,Magisano,CZ,Calabria,079068
E809,Magliano Alfieri,CN,Piemonte,004113
E808,Magliano Alpi,CN,Piemonte,004114
E813,Magliano Romano,RM,Lazio,058052
E812,Magliano Sabina,RI,Lazio,057035
E814,Magliano Vetere,SA,Campania,065065
E811,Magliano de' Marsi,AQ,Abruzzo,066053
E807,Magliano di Tenna,FM,Marche,109010
E810,Magliano in Toscana,GR,Toscana,053013
E815,Maglie,LE,Puglia,075039
E816,Magliolo,SV,Liguria,009035
E817,Maglione,TO,Piemonte,001143
E818,Magnacavallo,MN,Lombardia,020029
E819,Magnago,MI,Lombardia,015131
E821,Magnano,BI,Piemonte,096030
E820,Magnano in Riviera,UD,Friuli-Venezia Giulia,030052
E825,Magomadas,OR,Sardegna,115029
E830,Magreglio,CO,Lombardia,013139
E829,Magrè sulla strada del vino,BZ,Trentino-Alto Adige/Südtirol,021045
E834,Maida,CZ,Calabria,079069
E836,Maierato,VV,Calabria,102020
E835,Maierà,CS,Calabria,078071
E837,Maiolati Spontini,AN,Marche,042023
E838,Maiolo,RN,Emilia-Romagna,099022
E839,Maiori,SA,Campania,065066
E840,Mairago,LO,Lombardia,098034
E841,Mairano,BS,Lombardia,017099
E842,Maissana,SP,Liguria,011018
E833,Majano,UD,Friuli-Venezia Giulia,030053
E843,Malagnino,CR,Lombardia,019056
E844,Malalbergo,BO,Emilia-Romagna,037035
E847,Malborghetto Valbruna,UD,Friuli-Venezia Giulia,030054
E848,Malcesine,VR,Veneto,023045
E851,Malegno,BS,Lombardia,017100
E852,Maleo,LO,Lombardia,098035
E853,Malesco,VB,Piemonte,103041
E854,Maletto,CT,Sicilia,087022
E855,Malfa,ME,Sicilia,083043
E858,Malgrate,LC,Lombardia,097045
E859,Malito,CS,Calabria,078072
E860,Mallare,SV,Liguria,009036
E862,Malles Venosta,BZ,Trentino-Alto Adige/Südtirol,021046
E863,Malnate,VA,Lombardia,012096
E864,Malo,VI,Veneto,024055
E865,Malonno,BS,Lombardia,017101
E868,Maltignano,AP,Marche,044027
E869,Malvagna,ME,Sicilia,083044
E870,Malvicino,AL,Piemonte,006090
E872,Malvito,CS,Calabria,078073
E850,Malé,TN,Trentino-Alto Adige/Südtirol,022110
E873,Mammola,RC,Calabria,080044
E874,Mamoiada,NU,Sardegna,114024
E875,Manciano,GR,Toscana,053014
E876,Mandanici,ME,Sicilia,083045
E877,Mandas,CA,Sardegna,118025
E878,Mandatoriccio,CS,Calabria,078074
B632,Mandela,RM,Lazio,058053
E880,Mandello Vitta,NO,Piemonte,003090
E879,Mandello del Lario,LC,Lombardia,097046
E882,Manduria,TA,Puglia,073012
E883,Manerba del Garda,BS,Lombardia,017102
E884,Manerbio,BS,Lombardia,017103
E885,Manfredonia,FG,Puglia,071029
E887,Mango,CN,Piemonte,004115
E888,Mangone,CS,Calabria,078075
M283,Maniace,CT,Sicilia,087057
E889,Maniago,PN,Friuli-Venezia Giulia,093025
E891,Manocalzati,AV,Campania,064046
E892,Manoppello,PE,Abruzzo,068022
E893,Mansuè,TV,Veneto,026037
E894,Manta,CN,Piemonte,004116
E896,Mantello,SO,Lombardia,014039
E897,Mantova,MN,Lombardia,020030
E899,Manzano,UD,Friuli-Venezia Giulia,030055
E900,Manziana,RM,Lazio,058054
E901,Mapello,BG,Lombardia,016132
M316,Mappano,TO,Piemonte,001316
E902,Mara,SS,Sardegna,112029
E903,Maracalagonis,CA,Sardegna,118026
E904,Maranello,MO,Emilia-Romagna,036019
E908,Marano Equo,RM,Lazio,058055
E910,Marano Lagunare,UD,Friuli-Venezia Giulia,030056
E914,Marano Marchesato,CS,Calabria,078076
E915,Marano Principato,CS,Calabria,078077
E907,Marano Ticino,NO,Piemonte,003091
E912,Marano Vicentino,VI,Veneto,024056
E906,Marano di Napoli,,Campania,063041
E911,Marano di Valpolicella,VR,Veneto,023046
E905,Marano sul Panaro,MO,Emilia-Romagna,036020
E917,Maranzana,AT,Piemonte,005061
E919,Maratea,PZ,Basilicata,076044
E921,Marcallo con Casone,MI,Lombardia,015134
E922,Marcaria,MN,Lombardia,020031
E923,Marcedusa,CZ,Calabria,079071
E924,Marcellina,RM,Lazio,058056
E925,Marcellinara,CZ,Calabria,079072
E927,Marcetelli,RI,Lazio,057036
E928,Marcheno,BS,Lombardia,017104
E929,Marchirolo,VA,Lombardia,012097
E930,Marciana,LI,Toscana,049010
E931,Marciana Marina,LI,Toscana,049011
E932,Marcianise,CE,Campania,061049
E933,Marciano della Chiana,AR,Toscana,051022
E934,Marcignago,PV,Lombardia,018086
E936,Marcon,VE,Veneto,027020
E938,Marebbe,BZ,Trentino-Alto Adige/Südtirol,021047
E939,Marene,CN,Piemonte,004117
E940,Mareno di Piave,TV,Veneto,026038
E941,Marentino,TO,Piemonte,001144
E944,Maretto,AT,Piemonte,005062
E945,Margarita,CN,Piemonte,004118
E946,Margherita di Savoia,BT,Puglia,110005
E947,Margno,LC,Lombardia,097047
E949,Mariana Mantovana,MN,Lombardia,020032
E951,Mariano Comense,CO,Lombardia,013143
E952,Mariano del Friuli,GO,Friuli-Venezia Giulia,031010
E953,Marianopoli,CL,Sicilia,085008
E954,Mariglianella,,Campania,063042
E955,Marigliano,,Campania,063043
E956,Marina di Gioiosa Ionica,RC,Calabria,080045
E957,Marineo,PA,Sicilia,082046
E958,Marino,RM,Lazio,058057
E959,Marlengo,BZ,Trentino-Alto Adige/Südtirol,021048
E960,Marliana,PT,Toscana,047007
E961,Marmentino,BS,Lombardia,017105
E962,Marmirolo,MN,Lombardia,020033
E963,Marmora,CN,Piemonte,004119
E965,Marnate,VA,Lombardia,012098
E967,Marone,BS,Lombardia,017106
E968,Maropati,RC,Calabria,080046
E970,Marostica,VI,Veneto,024057
E971,Marradi,FI,Toscana,048026
E972,Marrubiu,OR,Sardegna,115030
E973,Marsaglia,CN,Piemonte,004120
E974,Marsala,TP,Sicilia,081011
E975,Marsciano,PG,Umbria,054027
E976,Marsico Nuovo,PZ,Basilicata,076045
E977,Marsicovetere,PZ,Basilicata,076046
E978,Marta,VT,Lazio,056034
E979,Martano,LE,Puglia,075040
E980,Martellago,VE,Veneto,027021
E981,Martello,BZ,Trentino-Alto Adige/Südtirol,021049
E982,Martignacco,UD,Friuli-Venezia Giulia,030057
E983,Martignana di Po,CR,Lombardia,019057
E984,Martignano,LE,Puglia,075041
E986,Martina Franca,TA,Puglia,073013
E987,Martinengo,BG,Lombardia,016133
E988,Martiniana Po,CN,Piemonte,004121
E989,Martinsicuro,TE,Abruzzo,067047
E990,Martirano,CZ,Calabria,079073
E991,Martirano Lombardo,CZ,Calabria,079074
E992,Martis,SS,Sardegna,112030
E993,Martone,RC,Calabria,080047
E994,Marudo,LO,Lombardia,098036
E995,Maruggio,TA,Puglia,073014
B689,Marzabotto,BO,Emilia-Romagna,037036
E999,Marzano,PV,Lombardia,018087
E998,Marzano Appio,CE,Campania,061050
E997,Marzano di Nola,AV,Campania,064047
F001,Marzi,CS,Calabria,078078
F002,Marzio,VA,Lombardia,012099
M270,Masainas,CI,Sardegna,119010
F003,Masate,MI,Lombardia,015136
F004,Mascali,CT,Sicilia,087023
F005,Mascalucia,CT,Sicilia,087024
F006,Maschito,PZ,Basilicata,076047
F007,Masciago Primo,VA,Lombardia,012100
F009,Maser,TV,Veneto,026039
F010,Masera,VB,Piemonte,103042
F012,Maserada sul Piave,TV,Veneto,026040
F011,Maserà di Padova,PD,Veneto,028048
F013,Masi,PD,Veneto,028049
F016,Masi Torello,FE,Emilia-Romagna,038012
F015,Masio,AL,Piemonte,006091
F017,Maslianico,CO,Lombardia,013144
F020,Masone,GE,Liguria,010032
F023,Massa,MS,Toscana,045010
F021,Massa Fermana,FM,Marche,109011
F029,Massa Lombarda,RA,Emilia-Romagna,039013
F030,Massa Lubrense,,Campania,063044
F032,Massa Marittima,GR,Toscana,053015
F024,Massa Martana,PG,Umbria,054028
F022,Massa d'Albe,AQ,Abruzzo,066054
M289,Massa di Somma,,Campania,063092
F025,Massa e Cozzile,PT,Toscana,047008
F027,Massafra,TA,Puglia,073015
F028,Massalengo,LO,Lombardia,098037
F033,Massanzago,PD,Veneto,028050
F035,Massarosa,LU,Toscana,046018
F037,Massazza,BI,Piemonte,096031
F041,Massello,TO,Piemonte,001145
F042,Masserano,BI,Piemonte,096032
F044,Massignano,AP,Marche,044029
F045,Massimeno,TN,Trentino-Alto Adige/Südtirol,022112
F046,Massimino,SV,Liguria,009037
F047,Massino Visconti,NO,Piemonte,003093
F048,Massiola,VB,Piemonte,103043
F050,Masullas,OR,Sardegna,115031
F051,Matelica,MC,Marche,043024
F052,Matera,MT,Basilicata,077014
F053,Mathi,TO,Piemonte,001146
F054,Matino,LE,Puglia,075042
F055,Matrice,CB,Molise,070037
F058,Mattie,TO,Piemonte,001147
F059,Mattinata,FG,Puglia,071031
F061,Mazara del Vallo,TP,Sicilia,081012
F063,Mazzano,BS,Lombardia,017107
F064,Mazzano Romano,RM,Lazio,058058
F065,Mazzarino,CL,Sicilia,085009
M271,Mazzarrone,CT,Sicilia,087056
F066,Mazzarrà Sant'Andrea,ME,Sicilia,083046
F068,Mazzin,TN,Trentino-Alto Adige/Südtirol,022113
F070,Mazzo di Valtellina,SO,Lombardia,014040
F067,Mazzè,TO,Piemonte,001148
F073,Meana Sardo,NU,Sardegna,114025
F074,Meana di Susa,TO,Piemonte,001149
F078,Meda,MB,Lombardia,108030
F080,Mede,PV,Lombardia,018088
F081,Medea,GO,Friuli-Venezia Giulia,031011
F082,Medesano,PR,Emilia-Romagna,034020
F083,Medicina,BO,Emilia-Romagna,037037
F084,Mediglia,MI,Lombardia,015139
F085,Medolago,BG,Lombardia,016250
F086,Medole,MN,Lombardia,020034
F087,Medolla,MO,Emilia-Romagna,036021
F088,Meduna di Livenza,TV,Veneto,026041
F089,Meduno,PN,Friuli-Venezia Giulia,093026
F092,Megliadino San Vitale,PD,Veneto,028052
F093,Meina,NO,Piemonte,003095
F095,Melara,RO,Veneto,029032
F096,Melazzo,AL,Piemonte,006092
F097,Meldola,FC,Emilia-Romagna,040019
F098,Mele,GE,Liguria,010033
F100,Melegnano,MI,Lombardia,015140
F101,Melendugno,LE,Puglia,075043
F102,Meleti,LO,Lombardia,098038
F104,Melfi,PZ,Basilicata,076048
F106,Melicucco,RC,Calabria,080049
F105,Melicuccà,RC,Calabria,080048
F107,Melilli,SR,Sicilia,089012
F108,Melissa,KR,Calabria,101014
F109,Melissano,LE,Puglia,075044
F110,Melito Irpino,AV,Campania,064048
F111,Melito di Napoli,,Campania,063045
F112,Melito di Porto Salvo,RC,Calabria,080050
F113,Melizzano,BN,Campania,062039
F114,Melle,CN,Piemonte,004122
F115,Mello,SO,Lombardia,014041
F117,Melpignano,LE,Puglia,075045
F118,Meltina,BZ,Trentino-Alto Adige/Südtirol,021050
F119,Melzo,MI,Lombardia,015142
F120,Menaggio,CO,Lombardia,013145
F122,Menconico,PV,Lombardia,018089
F123,Mendatica,IM,Liguria,008034
F125,Mendicino,CS,Calabria,078079
F126,Menfi,AG,Sicilia,084023
F127,Mentana,RM,Lazio,058059
F130,Meolo,VE,Veneto,027022
F131,Merana,AL,Piemonte,006093
F132,Merano,BZ,Trentino-Alto Adige/Südtirol,021051
F133,Merate,LC,Lombardia,097048
F134,Mercallo,VA,Lombardia,012101
F135,Mercatello sul Metauro,PU,Marche,041025
F136,Mercatino Conca,PU,Marche,041026
F138,Mercato San Severino,SA,Campania,065067
F139,Mercato Saraceno,FC,Emilia-Romagna,040020
F140,Mercenasco,TO,Piemonte,001150
F141,Mercogliano,AV,Campania,064049
F144,Mereto di Tomba,UD,Friuli-Venezia Giulia,030058
F145,Mergo,AN,Marche,042024
F146,Mergozzo,VB,Piemonte,103044
F148,Merlara,PD,Veneto,028053
F149,Merlino,LO,Lombardia,098039
F151,Merone,CO,Lombardia,013147
F147,Merì,ME,Sicilia,083047
F152,Mesagne,BR,Puglia,074010
F153,Mese,SO,Lombardia,014043
F154,Mesenzana,VA,Lombardia,012102
F155,Mesero,MI,Lombardia,015144
F156,Mesola,FE,Emilia-Romagna,038014
F157,Mesoraca,KR,Calabria,101015
F158,Messina,ME,Sicilia,083048
F161,Mestrino,PD,Veneto,028054
F162,Meta,,Campania,063046
F165,Mezzago,MB,Lombardia,108031
F168,Mezzana,TN,Trentino-Alto Adige/Südtirol,022114
F170,Mezzana Bigli,PV,Lombardia,018090
F167,Mezzana Mortigliengo,BI,Piemonte,096033
F171,Mezzana Rabattone,PV,Lombardia,018091
F172,Mezzane di Sotto,VR,Veneto,023047
F173,Mezzanego,GE,Liguria,010034
F175,Mezzanino,PV,Lombardia,018092
F176,Mezzano,TN,Trentino-Alto Adige/Südtirol,022115
F182,Mezzenile,TO,Piemonte,001152
F183,Mezzocorona,TN,Trentino-Alto Adige/Südtirol,022116
F184,Mezzojuso,PA,Sicilia,082047
F186,Mezzoldo,BG,Lombardia,016134
F187,Mezzolombardo,TN,Trentino-Alto Adige/Südtirol,022117
F188,Mezzomerico,NO,Piemonte,003097
F189,Miagliano,BI,Piemonte,096034
F190,Miane,TV,Veneto,026042
F191,Miasino,NO,Piemonte,003098
F192,Miazzina,VB,Piemonte,103045
F193,Micigliano,RI,Lazio,057037
F194,Miggiano,LE,Puglia,075046
F196,Miglianico,CH,Abruzzo,069050
F200,Miglierina,CZ,Calabria,079077
F201,Miglionico,MT,Basilicata,077015
F202,Mignanego,GE,Liguria,010035
F203,Mignano Monte Lungo,CE,Campania,061051
F205,Milano,MI,Lombardia,015146
F206,Milazzo,ME,Sicilia,083049
E618,Milena,CL,Sicilia,085010
F207,Mileto,VV,Calabria,102021
F208,Milis,OR,Sardegna,115032
F210,Militello Rosmarino,ME,Sicilia,083050
F209,Militello in Val di Catania,CT,Sicilia,087025
F213,Millesimo,SV,Liguria,009038
F214,Milo,CT,Sicilia,087026
F216,Milzano,BS,Lombardia,017108
F217,Mineo,CT,Sicilia,087027
F218,Minerbe,VR,Veneto,023048
F219,Minerbio,BO,Emilia-Romagna,037038
F220,Minervino Murge,BT,Puglia,110006
F221,Minervino di Lecce,LE,Puglia,075047
F223,Minori,SA,Campania,065068
F224,Minturno,LT,Lazio,059014
F225,Minucciano,LU,Toscana,046019
F226,Mioglia,SV,Liguria,009039
F229,Mira,VE,Veneto,027023
F230,Mirabella Eclano,AV,Campania,064050
F231,Mirabella Imbaccari,CT,Sicilia,087028
F232,Mirabello Monferrato,AL,Piemonte,006094
F233,Mirabello Sannitico,CB,Molise,070038
F238,Miradolo Terme,PV,Lombardia,018093
F239,Miranda,IS,Molise,094027
F240,Mirandola,MO,Emilia-Romagna,036022
F241,Mirano,VE,Veneto,027024
F242,Mirto,ME,Sicilia,083051
F244,Misano Adriatico,RN,Emilia-Romagna,099005
F243,Misano di Gera d'Adda,BG,Lombardia,016135
M432,Misiliscemi,TP,Sicilia,081025
F246,Misilmeri,PA,Sicilia,082048
F247,Misinto,MB,Lombardia,108032
F248,Missaglia,LC,Lombardia,097049
F249,Missanello,PZ,Basilicata,076049
F250,Misterbianco,CT,Sicilia,087029
F251,Mistretta,ME,Sicilia,083052
F254,Moasca,AT,Piemonte,005063
F256,Moconesi,GE,Liguria,010036
F257,Modena,MO,Emilia-Romagna,036023
F258,Modica,RG,Sicilia,088006
F259,Modigliana,FC,Emilia-Romagna,040022
F261,Modolo,OR,Sardegna,115033
F262,Modugno,BA,Puglia,072027
F263,Moena,TN,Trentino-Alto Adige/Südtirol,022118
F265,Moggio,LC,Lombardia,097050
F266,Moggio Udinese,UD,Friuli-Venezia Giulia,030059
F267,Moglia,MN,Lombardia,020035
F268,Mogliano,MC,Marche,043025
F269,Mogliano Veneto,TV,Veneto,026043
F270,Mogorella,OR,Sardegna,115034
F272,Mogoro,OR,Sardegna,115035
F274,Moiano,BN,Campania,062040
F275,Moimacco,UD,Friuli-Venezia Giulia,030060
F277,Moio Alcantara,ME,Sicilia,083053
F276,Moio de' Calvi,BG,Lombardia,016136
F278,Moio della Civitella,SA,Campania,065069
F279,Moiola,CN,Piemonte,004123
F280,Mola di Bari,BA,Puglia,072028
F281,Molare,AL,Piemonte,006095
F283,Molazzana,LU,Toscana,046020
F284,Molfetta,BA,Puglia,072029
M255,Molina Aterno,AQ,Abruzzo,066055
F287,Molinara,BN,Campania,062041
F288,Molinella,BO,Emilia-Romagna,037039
F290,Molini di Triora,IM,Liguria,008035
F293,Molino dei Torti,AL,Piemonte,006096
F294,Molise,CB,Molise,070039
F295,Moliterno,PZ,Basilicata,076050
F297,Mollia,VC,Piemonte,002078
F301,Molochio,RC,Calabria,080051
F304,Molteno,LC,Lombardia,097051
F305,Moltrasio,CO,Lombardia,013152
F307,Molveno,TN,Trentino-Alto Adige/Südtirol,022120
F308,Mombaldone,AT,Piemonte,005064
F309,Mombarcaro,CN,Piemonte,004124
F310,Mombaroccio,PU,Marche,041027
F311,Mombaruzzo,AT,Piemonte,005065
F312,Mombasiglio,CN,Piemonte,004125
F313,Mombello Monferrato,AL,Piemonte,006097
F315,Mombello di Torino,TO,Piemonte,001153
F316,Mombercelli,AT,Piemonte,005066
F317,Momo,NO,Piemonte,003100
F318,Mompantero,TO,Piemonte,001154
F319,Mompeo,RI,Lazio,057038
F320,Momperone,AL,Piemonte,006098
F322,Monacilioni,CB,Molise,070040
F323,Monale,AT,Piemonte,005067
F324,Monasterace,RC,Calabria,080052
F325,Monastero Bormida,AT,Piemonte,005068
F327,Monastero di Lanzo,TO,Piemonte,001155
F326,Monastero di Vasco,CN,Piemonte,004126
F329,Monasterolo Casotto,CN,Piemonte,004127
F328,Monasterolo del Castello,BG,Lombardia,016137
F330,Monasterolo di Savigliano,CN,Piemonte,004128
F332,Monastier di Treviso,TV,Veneto,026044
F333,Monastir,CA,Sardegna,118027
F335,Moncalieri,TO,Piemonte,001156
F336,Moncalvo,AT,Piemonte,005069
D553,Moncenisio,TO,Piemonte,001157
F337,Moncestino,AL,Piemonte,006099
F338,Monchiero,CN,Piemonte,004129
F340,Monchio delle Corti,PR,Emilia-Romagna,034022
F342,Moncrivello,VC,Piemonte,002079
F343,Moncucco Torinese,AT,Piemonte,005070
F346,Mondaino,RN,Emilia-Romagna,099006
F347,Mondavio,PU,Marche,041028
F348,Mondolfo,PU,Marche,041029
F351,Mondovì,CN,Piemonte,004130
F352,Mondragone,CE,Campania,061052
F354,Moneglia,GE,Liguria,010037
F355,Monesiglio,CN,Piemonte,004131
F356,Monfalcone,GO,Friuli-Venezia Giulia,031012
F359,Monforte San Giorgio,ME,Sicilia,083054
F358,Monforte d'Alba,CN,Piemonte,004132
F360,Monfumo,TV,Veneto,026045
F361,Mongardino,AT,Piemonte,005071
F363,Monghidoro,BO,Emilia-Romagna,037040
F364,Mongiana,VV,Calabria,102022
F365,Mongiardino Ligure,AL,Piemonte,006100
F368,Mongiuffi Melia,ME,Sicilia,083055
F369,Mongrando,BI,Piemonte,096035
F370,Mongrassano,CS,Calabria,078080
F371,Monguelfo-Tesido,BZ,Trentino-Alto Adige/Südtirol,021052
F372,Monguzzo,CO,Lombardia,013153
F373,Moniga del Garda,BS,Lombardia,017109
F374,Monleale,AL,Piemonte,006101
F375,Monno,BS,Lombardia,017110
F376,Monopoli,BA,Puglia,072030
F377,Monreale,PA,Sicilia,082049
F378,Monrupino,TS,Friuli-Venezia Giulia,032002
F379,Monsampietro Morico,FM,Marche,109012
F380,Monsampolo del Tronto,AP,Marche,044031
F381,Monsano,AN,Marche,042025
F382,Monselice,PD,Veneto,028055
F383,Monserrato,CA,Sardegna,118028
F384,Monsummano Terme,PT,Toscana,047009
F386,Montabone,AT,Piemonte,005072
F387,Montacuto,AL,Piemonte,006102
F390,Montafia,AT,Piemonte,005073
F391,Montagano,CB,Molise,070041
F393,Montagna in Valtellina,SO,Lombardia,014044
F392,Montagna sulla strada del vino,BZ,Trentino-Alto Adige/Südtirol,021053
F394,Montagnana,PD,Veneto,028056
F395,Montagnareale,ME,Sicilia,083056
F397,Montaguto,AV,Campania,064051
F398,Montaione,FI,Toscana,048027
F400,Montalbano Elicona,ME,Sicilia,083057
F399,Montalbano Jonico,MT,Basilicata,077016
M378,Montalcino,SI,Toscana,052037
F403,Montaldeo,AL,Piemonte,006103
F404,Montaldo Bormida,AL,Piemonte,006104
F408,Montaldo Roero,CN,Piemonte,004135
F409,Montaldo Scarampi,AT,Piemonte,005074
F407,Montaldo Torinese,TO,Piemonte,001158
F405,Montaldo di Mondovì,CN,Piemonte,004134
F410,Montale,PT,Toscana,047010
F411,Montalenghe,TO,Piemonte,001159
F414,Montallegro,AG,Sicilia,084024
M387,Montalto Carpasio,IM,Liguria,008068
F420,Montalto Dora,TO,Piemonte,001160
F417,Montalto Pavese,PV,Lombardia,018094
F416,Montalto Uffugo,CS,Calabria,078081
F415,Montalto delle Marche,AP,Marche,044032
F419,Montalto di Castro,VT,Lazio,056035
F422,Montanaro,TO,Piemonte,001161
F423,Montanaso Lombardo,LO,Lombardia,098040
F424,Montanera,CN,Piemonte,004136
F426,Montano Antilia,SA,Campania,065070
F427,Montano Lucino,CO,Lombardia,013154
F428,Montappone,FM,Marche,109013
F429,Montaquila,IS,Molise,094028
F430,Montasola,RI,Lazio,057039
F432,Montauro,CZ,Calabria,079080
F433,Montazzoli,CH,Abruzzo,069051
F437,Monte Argentario,GR,Toscana,053016
F456,Monte Castello di Vibio,PG,Umbria,054029
F460,Monte Cavallo,MC,Marche,043027
F467,Monte Cerignone,PU,Marche,041031
F477,Monte Compatri,RM,Lazio,058060
F434,Monte Cremasco,CR,Lombardia,019058
F517,Monte Giberto,FM,Marche,109016
F524,Monte Grimano Terme,PU,Marche,041035
F532,Monte Isola,BS,Lombardia,017111
F561,Monte Marenzo,LC,Lombardia,097052
F589,Monte Porzio,PU,Marche,041038
F590,Monte Porzio Catone,RM,Lazio,058064
F599,Monte Rinaldo,FM,Marche,109021
F600,Monte Roberto,AN,Marche,042029
F603,Monte Romano,VT,Lazio,056037
F616,Monte San Biagio,LT,Lazio,059015
F618,Monte San Giacomo,SA,Campania,065075
F620,Monte San Giovanni Campano,FR,Lazio,060044
F619,Monte San Giovanni in Sabina,RI,Lazio,057043
F621,Monte San Giusto,MC,Marche,043031
F622,Monte San Martino,MC,Marche,043032
F626,Monte San Pietrangeli,FM,Marche,109023
F627,Monte San Pietro,BO,Emilia-Romagna,037042
F628,Monte San Savino,AR,Toscana,051025
F634,Monte San Vito,AN,Marche,042030
F631,Monte Sant'Angelo,FG,Puglia,071033
F629,Monte Santa Maria Tiberina,PG,Umbria,054032
F653,Monte Urano,FM,Marche,109024
F664,Monte Vidon Combatte,FM,Marche,109025
F665,Monte Vidon Corrado,FM,Marche,109026
F486,Monte di Malo,VI,Veneto,024063
F488,Monte di Procida,,Campania,063047
D746,Montebello Jonico,RC,Calabria,080053
F442,Montebello Vicentino,VI,Veneto,024060
F440,Montebello della Battaglia,PV,Lombardia,018095
F441,Montebello di Bertona,PE,Abruzzo,068023
B268,Montebello sul Sangro,CH,Abruzzo,069009
F443,Montebelluna,TV,Veneto,026046
F445,Montebruno,GE,Liguria,010038
F446,Montebuono,RI,Lazio,057040
F448,Montecalvo Irpino,AV,Campania,064052
F449,Montecalvo Versiggia,PV,Lombardia,018096
F450,Montecalvo in Foglia,PU,Marche,041030
F452,Montecarlo,LU,Toscana,046021
F453,Montecarotto,AN,Marche,042026
F454,Montecassiano,MC,Marche,043026
F455,Montecastello,AL,Piemonte,006105
F457,Montecastrilli,TR,Umbria,055017
F458,Montecatini Val di Cecina,PI,Toscana,050019
A561,Montecatini-Terme,PT,Toscana,047011
F461,Montecchia di Crosara,VR,Veneto,023049
F462,Montecchio,TR,Umbria,055018
F463,Montecchio Emilia,RE,Emilia-Romagna,035027
F464,Montecchio Maggiore,VI,Veneto,024061
F465,Montecchio Precalcino,VI,Veneto,024062
F469,Montechiaro d'Acqui,AL,Piemonte,006106
F468,Montechiaro d'Asti,AT,Piemonte,005075
F473,Montechiarugolo,PR,Emilia-Romagna,034023
F475,Montecilfone,CB,Molise,070042
F478,Montecopiolo,RN,Emilia-Romagna,099030
F479,Montecorice,SA,Campania,065071
F480,Montecorvino Pugliano,SA,Campania,065072
F481,Montecorvino Rovella,SA,Campania,065073
F482,Montecosaro,MC,Marche,043028
F483,Montecrestese,VB,Piemonte,103046
F484,Montecreto,MO,Emilia-Romagna,036024
F487,Montedinove,AP,Marche,044034
F489,Montedoro,CL,Sicilia,085011
F491,Montefalcione,AV,Campania,064053
F492,Montefalco,PG,Umbria,054030
F493,Montefalcone Appennino,FM,Marche,109014
F494,Montefalcone di Val Fortore,BN,Campania,062042
F495,Montefalcone nel Sannio,CB,Molise,070043
F496,Montefano,MC,Marche,043029
F497,Montefelcino,PU,Marche,041034
F498,Monteferrante,CH,Abruzzo,069052
F499,Montefiascone,VT,Lazio,056036
F500,Montefino,TE,Abruzzo,067027
F502,Montefiore Conca,RN,Emilia-Romagna,099008
F501,Montefiore dell'Aso,AP,Marche,044036
F503,Montefiorino,MO,Emilia-Romagna,036025
F504,Monteflavio,RM,Lazio,058061
F507,Monteforte Cilento,SA,Campania,065074
F506,Monteforte Irpino,AV,Campania,064054
F508,Monteforte d'Alpone,VR,Veneto,023050
F509,Montefortino,FM,Marche,109015
F510,Montefranco,TR,Umbria,055019
F511,Montefredane,AV,Campania,064055
F512,Montefusco,AV,Campania,064056
F513,Montegabbione,TR,Umbria,055020
F514,Montegalda,VI,Veneto,024064
F515,Montegaldella,VI,Veneto,024065
F516,Montegallo,AP,Marche,044038
F518,Montegioco,AL,Piemonte,006107
F519,Montegiordano,CS,Calabria,078082
F520,Montegiorgio,FM,Marche,109017
F522,Montegranaro,FM,Marche,109018
F523,Montegridolfo,RN,Emilia-Romagna,099009
F526,Montegrino Valtravaglia,VA,Lombardia,012103
F528,Montegrosso Pian Latte,IM,Liguria,008037
F527,Montegrosso d'Asti,AT,Piemonte,005076
F529,Montegrotto Terme,PD,Veneto,028057
F531,Monteiasi,TA,Puglia,073016
F533,Montelabbate,PU,Marche,041036
F534,Montelanico,RM,Lazio,058062
F535,Montelapiano,CH,Abruzzo,069053
F542,Monteleone Rocca Doria,SS,Sardegna,112031
F541,Monteleone Sabino,RI,Lazio,057041
F543,Monteleone d'Orvieto,TR,Umbria,055021
F536,Monteleone di Fermo,FM,Marche,109019
F538,Monteleone di Puglia,FG,Puglia,071032
F540,Monteleone di Spoleto,PG,Umbria,054031
F544,Montelepre,PA,Sicilia,082050
F545,Montelibretti,RM,Lazio,058063
F546,Montella,AV,Campania,064057
F547,Montello,BG,Lombardia,016139
F548,Montelongo,CB,Molise,070044
F549,Montelparo,FM,Marche,109020
F550,Montelupo Albese,CN,Piemonte,004137
F551,Montelupo Fiorentino,FI,Toscana,048028
F552,Montelupone,MC,Marche,043030
F553,Montemaggiore Belsito,PA,Sicilia,082051
F556,Montemagno Monferrato,AT,Piemonte,005077
F558,Montemale di Cuneo,CN,Piemonte,004138
F559,Montemarano,AV,Campania,064058
F560,Montemarciano,AN,Marche,042027
F562,Montemarzino,AL,Piemonte,006108
F563,Montemesola,TA,Puglia,073017
F564,Montemezzo,CO,Lombardia,013155
F565,Montemignaio,AR,Toscana,051023
F566,Montemiletto,AV,Campania,064059
F568,Montemilone,PZ,Basilicata,076051
F569,Montemitro,CB,Molise,070045
F570,Montemonaco,AP,Marche,044044
F572,Montemurlo,PO,Toscana,100003
F573,Montemurro,PZ,Basilicata,076052
F574,Montenars,UD,Friuli-Venezia Giulia,030061
F579,Montenero Sabino,RI,Lazio,057042
F580,Montenero Val Cocchiara,IS,Molise,094029
F576,Montenero di Bisaccia,CB,Molise,070046
F578,Montenerodomo,CH,Abruzzo,069054
F582,Monteodorisio,CH,Abruzzo,069055
F586,Montepaone,CZ,Calabria,079081
F587,Monteparano,TA,Puglia,073018
F591,Monteprandone,AP,Marche,044045
F592,Montepulciano,SI,Toscana,052015
F594,Monterchi,AR,Toscana,051024
F595,Montereale,AQ,Abruzzo,066056
F596,Montereale Valcellina,PN,Friuli-Venezia Giulia,093027
F597,Monterenzio,BO,Emilia-Romagna,037041
F598,Monteriggioni,SI,Toscana,052016
F601,Monteroduni,IS,Molise,094030
F605,Monteroni d'Arbia,SI,Toscana,052017
F604,Monteroni di Lecce,LE,Puglia,075048
F606,Monterosi,VT,Lazio,056038
F610,Monterosso Almo,RG,Sicilia,088007
F607,Monterosso Calabro,VV,Calabria,102023
F608,Monterosso Grana,CN,Piemonte,004139
F609,Monterosso al Mare,SP,Liguria,011019
F611,Monterotondo,RM,Lazio,058065
F612,Monterotondo Marittimo,GR,Toscana,053027
F614,Monterubbiano,FM,Marche,109022
F623,Montesano Salentino,LE,Puglia,075049
F625,Montesano sulla Marcellana,SA,Campania,065076
F636,Montesarchio,BN,Campania,062043
F637,Montescaglioso,MT,Basilicata,077017
F638,Montescano,PV,Lombardia,018097
F639,Montescheno,VB,Piemonte,103047
F640,Montescudaio,PI,Toscana,050020
M368,Montescudo-Monte Colombo,RN,Emilia-Romagna,099029
F642,Montese,MO,Emilia-Romagna,036026
F644,Montesegale,PV,Lombardia,018098
F646,Montesilvano,PE,Abruzzo,068024
F648,Montespertoli,FI,Toscana,048030
F654,Monteu Roero,CN,Piemonte,004140
F651,Monteu da Po,TO,Piemonte,001162
F655,Montevago,AG,Sicilia,084025
F656,Montevarchi,AR,Toscana,051026
F657,Montevecchia,LC,Lombardia,097053
F660,Monteverde,AV,Campania,064060
F661,Monteverdi Marittimo,PI,Toscana,050021
F662,Monteviale,VI,Veneto,024066
F666,Montezemolo,CN,Piemonte,004141
F667,Monti,OT,Sardegna,113016
F668,Montiano,FC,Emilia-Romagna,040028
F672,Monticelli Brusati,BS,Lombardia,017112
F670,Monticelli Pavese,PV,Lombardia,018099
F671,Monticelli d'Ongina,PC,Emilia-Romagna,033027
F674,Monticello Brianza,LC,Lombardia,097054
F675,Monticello Conte Otto,VI,Veneto,024067
F669,Monticello d'Alba,CN,Piemonte,004142
F471,Montichiari,BS,Lombardia,017113
F676,Monticiano,SI,Toscana,052018
F677,Montieri,GR,Toscana,053017
M302,Montiglio Monferrato,AT,Piemonte,005121
F679,Montignoso,MS,Toscana,045011
F680,Montirone,BS,Lombardia,017114
F367,Montjovet,AO,Valle d'Aosta/Vallée d'Aoste,007043
F681,Montodine,CR,Lombardia,019059
F682,Montoggio,GE,Liguria,010039
F685,Montone,PG,Umbria,054033
F687,Montopoli di Sabina,RI,Lazio,057044
F686,Montopoli in Val d'Arno,PI,Toscana,050022
F688,Montorfano,CO,Lombardia,013157
F692,Montorio Romano,RM,Lazio,058066
F690,Montorio al Vomano,TE,Abruzzo,067028
F689,Montorio nei Frentani,CB,Molise,070047
M330,Montoro,AV,Campania,064121
F696,Montorso Vicentino,VI,Veneto,024068
F697,Montottone,FM,Marche,109027
F698,Montresta,OR,Sardegna,115036
F385,Montà,CN,Piemonte,004133
F701,Montù Beccaria,PV,Lombardia,018100
F703,Monvalle,VA,Lombardia,012104
F704,Monza,MB,Lombardia,108033
F705,Monzambano,MN,Lombardia,020036
F706,Monzuno,BO,Emilia-Romagna,037044
F708,Morano Calabro,CS,Calabria,078083
F707,Morano sul Po,AL,Piemonte,006109
M434,Moransengo-Tonengo,AT,Piemonte,005122
F710,Moraro,GO,Friuli-Venezia Giulia,031013
F711,Morazzone,VA,Lombardia,012105
F712,Morbegno,SO,Lombardia,014045
F713,Morbello,AL,Piemonte,006110
F716,Morciano di Leuca,LE,Puglia,075050
F715,Morciano di Romagna,RN,Emilia-Romagna,099011
F717,Morcone,BN,Campania,062044
F718,Mordano,BO,Emilia-Romagna,037045
F720,Morengo,BG,Lombardia,016140
F721,Mores,SS,Sardegna,112032
F722,Moresco,FM,Marche,109028
F723,Moretta,CN,Piemonte,004143
F724,Morfasso,PC,Emilia-Romagna,033028
F725,Morgano,TV,Veneto,026047
F726,Morgex,AO,Valle d'Aosta/Vallée d'Aoste,007044
F727,Morgongiori,OR,Sardegna,115037
F728,Mori,TN,Trentino-Alto Adige/Südtirol,022123
F729,Moriago della Battaglia,TV,Veneto,026048
F730,Moricone,RM,Lazio,058067
F731,Morigerati,SA,Campania,065077
D033,Morimondo,MI,Lombardia,015150
F732,Morino,AQ,Abruzzo,066057
F733,Moriondo Torinese,TO,Piemonte,001163
F734,Morlupo,RM,Lazio,058068
F735,Mormanno,CS,Calabria,078084
F736,Mornago,VA,Lombardia,012106
F737,Mornese,AL,Piemonte,006111
F739,Mornico Losana,PV,Lombardia,018101
F738,Mornico al Serio,BG,Lombardia,016141
F740,Morolo,FR,Lazio,060045
F743,Morozzo,CN,Piemonte,004144
F744,Morra De Sanctis,AV,Campania,064063
F746,Morro Reatino,RI,Lazio,057045
F745,Morro d'Alba,AN,Marche,042031
F747,Morro d'Oro,TE,Abruzzo,067029
F748,Morrone del Sannio,CB,Molise,070048
F749,Morrovalle,MC,Marche,043033
F750,Morsano al Tagliamento,PN,Friuli-Venezia Giulia,093028
F751,Morsasco,AL,Piemonte,006112
F754,Mortara,PV,Lombardia,018102
F756,Mortegliano,UD,Friuli-Venezia Giulia,030062
F758,Morterone,LC,Lombardia,097055
F760,Moruzzo,UD,Friuli-Venezia Giulia,030063
F761,Moscazzano,CR,Lombardia,019060
F762,Moschiano,AV,Campania,064064
F764,Mosciano Sant'Angelo,TE,Abruzzo,067030
F765,Moscufo,PE,Abruzzo,068025
F766,Moso in Passiria,BZ,Trentino-Alto Adige/Südtirol,021054
F767,Mossa,GO,Friuli-Venezia Giulia,031014
F771,Motta Baluffi,CR,Lombardia,019061
F772,Motta Camastra,ME,Sicilia,083058
F777,Motta Montecorvino,FG,Puglia,071034
F779,Motta San Giovanni,RC,Calabria,080054
F781,Motta Sant'Anastasia,CT,Sicilia,087030
F780,Motta Santa Lucia,CZ,Calabria,079083
F783,Motta Visconti,MI,Lombardia,015151
F773,Motta d'Affermo,ME,Sicilia,083059
F774,Motta de' Conti,VC,Piemonte,002082
F770,Motta di Livenza,TV,Veneto,026049
F775,Mottafollone,CS,Calabria,078085
F776,Mottalciata,BI,Piemonte,096037
B012,Motteggiana,MN,Lombardia,020037
F784,Mottola,TA,Puglia,073019
F785,Mozzagrogna,CH,Abruzzo,069056
F786,Mozzanica,BG,Lombardia,016142
F788,Mozzate,CO,Lombardia,013159
F789,Mozzecane,VR,Veneto,023051
F791,Mozzo,BG,Lombardia,016143
F793,Muccia,MC,Marche,043034
F795,Muggia,TS,Friuli-Venezia Giulia,032003
F797,Muggiò,MB,Lombardia,108034
F798,Mugnano del Cardinale,AV,Campania,064065
F799,Mugnano di Napoli,,Campania,063048
F801,Mulazzano,LO,Lombardia,098041
F802,Mulazzo,MS,Toscana,045012
F806,Mura,BS,Lombardia,017115
F808,Muravera,CA,Sardegna,118029
F809,Murazzano,CN,Piemonte,004145
F811,Murello,CN,Piemonte,004146
F813,Murialdo,SV,Liguria,009040
F814,Murisengo Monferrato,AL,Piemonte,006113
F815,Murlo,SI,Toscana,052019
F816,Muro Leccese,LE,Puglia,075051
F817,Muro Lucano,PZ,Basilicata,076053
F818,Muros,SS,Sardegna,112033
F820,Muscoline,BS,Lombardia,017116
F822,Musei,CI,Sardegna,119011
F826,Musile di Piave,VE,Veneto,027025
F828,Musso,CO,Lombardia,013160
F829,Mussolente,VI,Veneto,024070
F830,Mussomeli,CL,Sicilia,085012
F832,Muzzana del Turgnano,UD,Friuli-Venezia Giulia,030064
F833,Muzzano,BI,Piemonte,096038
F835,Nago-Torbole,TN,Trentino-Alto Adige/Südtirol,022124
F836,Nalles,BZ,Trentino-Alto Adige/Südtirol,021055
F839,Napoli,,Campania,063049
F840,Narbolia,OR,Sardegna,115038
F841,Narcao,CI,Sardegna,119012
F843,Nardodipace,VV,Calabria,102024
F842,Nardò,LE,Puglia,075052
F844,Narni,TR,Umbria,055022
F845,Naro,AG,Sicilia,084026
F846,Narzole,CN,Piemonte,004147
F847,Nasino,SV,Liguria,009041
F848,Naso,ME,Sicilia,083060
F849,Naturno,BZ,Trentino-Alto Adige/Südtirol,021056
F851,Nave,BS,Lombardia,017117
F852,Navelli,AQ,Abruzzo,066058
F856,Naz-Sciaves,BZ,Trentino-Alto Adige/Südtirol,021057
F857,Nazzano,RM,Lazio,058069
F858,Ne,GE,Liguria,010040
F859,Nebbiuno,NO,Piemonte,003103
F861,Negrar di Valpolicella,VR,Veneto,023052
F862,Neirone,GE,Liguria,010041
F863,Neive,CN,Piemonte,004148
F864,Nembro,BG,Lombardia,016144
F865,Nemi,RM,Lazio,058070
F866,Nemoli,PZ,Basilicata,076054
F867,Neoneli,OR,Sardegna,115039
F868,Nepi,VT,Lazio,056039
F870,Nereto,TE,Abruzzo,067031
F871,Nerola,RM,Lazio,058071
F872,Nervesa della Battaglia,TV,Veneto,026050
F874,Nerviano,MI,Lombardia,015154
F876,Nespolo,RI,Lazio,057046
F877,Nesso,CO,Lombardia,013161
F878,Netro,BI,Piemonte,096039
F880,Nettuno,RM,Lazio,058072
F881,Neviano,LE,Puglia,075053
F882,Neviano degli Arduini,PR,Emilia-Romagna,034024
F883,Neviglie,CN,Piemonte,004149
F884,Niardo,BS,Lombardia,017118
F886,Nibbiola,NO,Piemonte,003104
F887,Nibionno,LC,Lombardia,097056
F889,Nichelino,TO,Piemonte,001164
F890,Nicolosi,CT,Sicilia,087031
F891,Nicorvo,PV,Lombardia,018103
F892,Nicosia,EN,Sicilia,086012
F893,Nicotera,VV,Calabria,102025
F894,Niella Belbo,CN,Piemonte,004150
F895,Niella Tanaro,CN,Piemonte,004151
F898,Nimis,UD,Friuli-Venezia Giulia,030065
F899,Niscemi,CL,Sicilia,085013
F900,Nissoria,EN,Sicilia,086013
F902,Nizza Monferrato,AT,Piemonte,005080
F901,Nizza di Sicilia,ME,Sicilia,083061
F904,Noale,VE,Veneto,027026
F906,Noasca,TO,Piemonte,001165
F907,Nocara,CS,Calabria,078086
F908,Nocciano,PE,Abruzzo,068026
F912,Nocera Inferiore,SA,Campania,065078
F913,Nocera Superiore,SA,Campania,065079
F910,Nocera Terinese,CZ,Calabria,079087
F911,Nocera Umbra,PG,Umbria,054034
F914,Noceto,PR,Emilia-Romagna,034025
F915,Noci,BA,Puglia,072031
F916,Nociglia,LE,Puglia,075054
F917,Noepoli,PZ,Basilicata,076055
F918,Nogara,VR,Veneto,023053
F920,Nogaredo,TN,Trentino-Alto Adige/Südtirol,022127
F921,Nogarole Rocca,VR,Veneto,023054
F922,Nogarole Vicentino,VI,Veneto,024072
F923,Noicattaro,BA,Puglia,072032
F924,Nola,,Campania,063050
F925,Nole,TO,Piemonte,001166
F926,Noli,SV,Liguria,009042
F927,Nomaglio,TO,Piemonte,001167
F929,Nomi,TN,Trentino-Alto Adige/Südtirol,022128
F930,Nonantola,MO,Emilia-Romagna,036027
F932,Nonio,VB,Piemonte,103048
F933,Noragugume,NU,Sardegna,114026
F934,Norbello,OR,Sardegna,115040
F935,Norcia,PG,Umbria,054035
F937,Norma,LT,Lazio,059016
F939,Nosate,MI,Lombardia,015155
F942,Notaresco,TE,Abruzzo,067032
F943,Noto,SR,Sicilia,089013
F949,Nova Levante,BZ,Trentino-Alto Adige/Südtirol,021058
F944,Nova Milanese,MB,Lombardia,108035
F950,Nova Ponente,BZ,Trentino-Alto Adige/Südtirol,021059
A942,Nova Siri,MT,Basilicata,077018
F137,Novafeltria,RN,Emilia-Romagna,099023
F947,Novaledo,TN,Trentino-Alto Adige/Südtirol,022129
F948,Novalesa,TO,Piemonte,001169
F952,Novara,NO,Piemonte,003106
F951,Novara di Sicilia,ME,Sicilia,083062
F956,Novate Mezzola,SO,Lombardia,014046
F955,Novate Milanese,MI,Lombardia,015157
F957,Nove,VI,Veneto,024073
F958,Novedrate,CO,Lombardia,013163
M430,Novella,TN,Trentino-Alto Adige/Südtirol,022253
F960,Novellara,RE,Emilia-Romagna,035028
F961,Novello,CN,Piemonte,004152
F962,Noventa Padovana,PD,Veneto,028058
F964,Noventa Vicentina,VI,Veneto,024074
F963,Noventa di Piave,VE,Veneto,027027
F965,Novi Ligure,AL,Piemonte,006114
F967,Novi Velia,SA,Campania,065080
F966,Novi di Modena,MO,Emilia-Romagna,036028
F968,Noviglio,MI,Lombardia,015158
F970,Novoli,LE,Puglia,075055
F972,Nucetto,CN,Piemonte,004153
F975,Nughedu San Nicolò,SS,Sardegna,112034
F974,Nughedu Santa Vittoria,OR,Sardegna,115041
F976,Nule,SS,Sardegna,112035
F977,Nulvi,SS,Sardegna,112036
F978,Numana,AN,Marche,042032
F979,Nuoro,NU,Sardegna,114027
F980,Nurachi,OR,Sardegna,115042
F981,Nuragus,CA,Sardegna,118030
F982,Nurallao,CA,Sardegna,118031
F983,Nuraminis,CA,Sardegna,118032
F985,Nureci,OR,Sardegna,115043
F986,Nurri,CA,Sardegna,118033
F987,Nus,AO,Valle d'Aosta/Vallée d'Aoste,007045
F988,Nusco,AV,Campania,064066
F989,Nuvolento,BS,Lombardia,017119
F990,Nuvolera,BS,Lombardia,017120
F991,Nuxis,CI,Sardegna,119013
F992,Occhieppo Inferiore,BI,Piemonte,096040
F993,Occhieppo Superiore,BI,Piemonte,096041
F994,Occhiobello,RO,Veneto,029033
F995,Occimiano,AL,Piemonte,006115
F996,Ocre,AQ,Abruzzo,066059
F997,Odalengo Grande,AL,Piemonte,006116
F998,Odalengo Piccolo,AL,Piemonte,006117
F999,Oderzo,TV,Veneto,026051
G001,Odolo,BS,Lombardia,017121
G002,Ofena,AQ,Abruzzo,066060
G003,Offagna,AN,Marche,042033
G004,Offanengo,CR,Lombardia,019062
G005,Offida,AP,Marche,044054
G006,Offlaga,BS,Lombardia,017122
G007,Oggebbio,VB,Piemonte,103049
G008,Oggiona con Santo Stefano,VA,Lombardia,012107
G009,Oggiono,LC,Lombardia,097057
G010,Oglianico,TO,Piemonte,001170
G011,Ogliastro Cilento,SA,Campania,065081
G015,Olbia,OT,Sardegna,113017
G016,Olcenengo,VC,Piemonte,002088
G018,Oldenico,VC,Piemonte,002089
G019,Oleggio,NO,Piemonte,003108
G020,Oleggio Castello,NO,Piemonte,003109
G022,Olevano Romano,RM,Lazio,058073
G021,Olevano di Lomellina,PV,Lombardia,018104
G023,Olevano sul Tusciano,SA,Campania,065082
G025,Olgiate Comasco,CO,Lombardia,013165
G026,Olgiate Molgora,LC,Lombardia,097058
G028,Olgiate Olona,VA,Lombardia,012108
G030,Olginate,LC,Lombardia,097059
G031,Oliena,NU,Sardegna,114028
G032,Oliva Gessi,PV,Lombardia,018105
G034,Olivadi,CZ,Calabria,079088
G036,Oliveri,ME,Sicilia,083063
G039,Oliveto Citra,SA,Campania,065083
G040,Oliveto Lario,LC,Lombardia,097060
G037,Oliveto Lucano,MT,Basilicata,077019
G041,Olivetta San Michele,IM,Liguria,008038
G042,Olivola,AL,Piemonte,006118
G043,Ollastra,OR,Sardegna,115044
G044,Ollolai,NU,Sardegna,114029
G045,Ollomont,AO,Valle d'Aosta/Vallée d'Aoste,007046
G046,Olmedo,SS,Sardegna,112037
G047,Olmeneta,CR,Lombardia,019063
G048,Olmo Gentile,AT,Piemonte,005081
G049,Olmo al Brembo,BG,Lombardia,016145
G050,Oltre il Colle,BG,Lombardia,016146
G054,Oltressenda Alta,BG,Lombardia,016147
G056,Oltrona di San Mamette,CO,Lombardia,013169
G058,Olzai,NU,Sardegna,114030
G061,Ome,BS,Lombardia,017123
G062,Omegna,VB,Piemonte,103050
G063,Omignano,SA,Campania,065084
G065,Onano,VT,Lazio,056040
G064,Onanì,NU,Sardegna,114031
G066,Oncino,CN,Piemonte,004154
G068,Oneta,BG,Lombardia,016148
G070,Onifai,NU,Sardegna,114032
G071,Oniferi,NU,Sardegna,114033
G074,Ono San Pietro,BS,Lombardia,017124
G075,Onore,BG,Lombardia,016149
G076,Onzo,SV,Liguria,009043
G078,Opera,MI,Lombardia,015159
G079,Opi,AQ,Abruzzo,066061
G080,Oppeano,VR,Veneto,023055
G081,Oppido Lucano,PZ,Basilicata,076056
G082,Oppido Mamertina,RC,Calabria,080055
G083,Ora,BZ,Trentino-Alto Adige/Südtirol,021060
G084,Orani,NU,Sardegna,114034
G086,Oratino,CB,Molise,070049
G087,Orbassano,TO,Piemonte,001171
G088,Orbetello,GR,Toscana,053018
G090,Orciano Pisano,PI,Toscana,050023
D522,Orco Feglino,SV,Liguria,009044
M266,Ordona,FG,Puglia,071063
G093,Orero,GE,Liguria,010042
G095,Orgiano,VI,Veneto,024075
G097,Orgosolo,NU,Sardegna,114035
G098,Oria,BR,Puglia,074011
G102,Oricola,AQ,Abruzzo,066062
G103,Origgio,VA,Lombardia,012109
G105,Orino,VA,Lombardia,012110
G109,Orio Canavese,TO,Piemonte,001172
G107,Orio Litta,LO,Lombardia,098042
G108,Orio al Serio,BG,Lombardia,016150
G110,Oriolo,CS,Calabria,078087
G111,Oriolo Romano,VT,Lazio,056041
G113,Oristano,OR,Sardegna,115045
G114,Ormea,CN,Piemonte,004155
G115,Ormelle,TV,Veneto,026052
G116,Ornago,MB,Lombardia,108036
G117,Ornavasso,VB,Piemonte,103051
G118,Ornica,BG,Lombardia,016151
G119,Orosei,NU,Sardegna,114036
G120,Orotelli,NU,Sardegna,114037
G121,Orria,SA,Campania,065085
G122,Orroli,CA,Sardegna,118034
G123,Orsago,TV,Veneto,026053
G124,Orsara Bormida,AL,Piemonte,006119
G125,Orsara di Puglia,FG,Puglia,071035
G126,Orsenigo,CO,Lombardia,013170
G128,Orsogna,CH,Abruzzo,069057
G129,Orsomarso,CS,Calabria,078088
G131,Orta Nova,FG,Puglia,071036
G134,Orta San Giulio,NO,Piemonte,003112
G130,Orta di Atella,CE,Campania,061053
G133,Ortacesus,CA,Sardegna,118035
G135,Orte,VT,Lazio,056042
G136,Ortelle,LE,Puglia,075056
G137,Ortezzano,FM,Marche,109029
G139,Ortignano Raggiolo,AR,Toscana,051027
G140,Ortisei,BZ,Trentino-Alto Adige/Südtirol,021061
G141,Ortona,CH,Abruzzo,069058
G142,Ortona dei Marsi,AQ,Abruzzo,066063
G144,Ortovero,SV,Liguria,009045
G145,Ortucchio,AQ,Abruzzo,066064
G146,Ortueri,NU,Sardegna,114038
G147,Orune,NU,Sardegna,114039
G148,Orvieto,TR,Umbria,055023
B595,Orvinio,RI,Lazio,057047
G149,Orzinuovi,BS,Lombardia,017125
G150,Orzivecchi,BS,Lombardia,017126
G151,Osasco,TO,Piemonte,001173
G152,Osasio,TO,Piemonte,001174
G153,Oschiri,OT,Sardegna,113018
G154,Osidda,NU,Sardegna,114040
G155,Osiglia,SV,Liguria,009046
G156,Osilo,SS,Sardegna,112038
G157,Osimo,AN,Marche,042034
G158,Osini,OG,Sardegna,116013
G159,Osio Sopra,BG,Lombardia,016152
G160,Osio Sotto,BG,Lombardia,016153
G161,Osnago,LC,Lombardia,097061
G163,Osoppo,UD,Friuli-Venezia Giulia,030066
G164,Ospedaletti,IM,Liguria,008039
G168,Ospedaletto,TN,Trentino-Alto Adige/Südtirol,022130
G167,Ospedaletto Euganeo,PD,Veneto,028059
G166,Ospedaletto Lodigiano,LO,Lombardia,098043
G165,Ospedaletto d'Alpinolo,AV,Campania,064067
G169,Ospitale di Cadore,BL,Veneto,025035
G170,Ospitaletto,BS,Lombardia,017127
G171,Ossago Lodigiano,LO,Lombardia,098044
G173,Ossana,TN,Trentino-Alto Adige/Südtirol,022131
G178,Ossi,SS,Sardegna,112039
G179,Ossimo,BS,Lombardia,017128
G181,Ossona,MI,Lombardia,015164
G183,Ostana,CN,Piemonte,004156
G184,Ostellato,FE,Emilia-Romagna,038017
G185,Ostiano,CR,Lombardia,019064
G186,Ostiglia,MN,Lombardia,020038
F401,Ostra,AN,Marche,042035
F581,Ostra Vetere,AN,Marche,042036
G187,Ostuni,BR,Puglia,074012
G188,Otranto,LE,Puglia,075057
G189,Otricoli,TR,Umbria,055024
G191,Ottana,NU,Sardegna,114041
G192,Ottati,SA,Campania,065086
G190,Ottaviano,,Campania,063051
G193,Ottiglio,AL,Piemonte,006120
G194,Ottobiano,PV,Lombardia,018106
G195,Ottone,PC,Emilia-Romagna,033030
G196,Oulx,TO,Piemonte,001175
G197,Ovada,AL,Piemonte,006121
G198,Ovaro,UD,Friuli-Venezia Giulia,030067
G199,Oviglio,AL,Piemonte,006122
G200,Ovindoli,AQ,Abruzzo,066065
G201,Ovodda,NU,Sardegna,114042
G012,Oyace,AO,Valle d'Aosta/Vallée d'Aoste,007047
G202,Ozegna,TO,Piemonte,001176
G203,Ozieri,SS,Sardegna,112040
G204,Ozzano Monferrato,AL,Piemonte,006123
G205,Ozzano dell'Emilia,BO,Emilia-Romagna,037046
G206,Ozzero,MI,Lombardia,015165
G207,Pabillonis,VS,Sardegna,117011
G209,Pace del Mela,ME,Sicilia,083064
G208,Paceco,TP,Sicilia,081013
G210,Pacentro,AQ,Abruzzo,066066
G211,Pachino,SR,Sicilia,089014
G212,Paciano,PG,Umbria,054036
G213,Padenghe sul Garda,BS,Lombardia,017129
G215,Paderna,AL,Piemonte,006124
G220,Paderno Dugnano,MI,Lombardia,015166
G217,Paderno Franciacorta,BS,Lombardia,017130
G222,Paderno Ponchielli,CR,Lombardia,019065
G218,Paderno d'Adda,LC,Lombardia,097062
G224,Padova,PD,Veneto,028060
G225,Padria,SS,Sardegna,112041
M301,Padru,OT,Sardegna,113019
G226,Padula,SA,Campania,065087
G227,Paduli,BN,Campania,062045
G228,Paesana,CN,Piemonte,004157
G229,Paese,TV,Veneto,026055
G230,Pagani,SA,Campania,065088
G232,Paganico Sabino,RI,Lazio,057048
G233,Pagazzano,BG,Lombardia,016154
G234,Pagliara,ME,Sicilia,083065
G237,Paglieta,CH,Abruzzo,069059
G238,Pagnacco,UD,Friuli-Venezia Giulia,030068
G240,Pagno,CN,Piemonte,004158
G241,Pagnona,LC,Lombardia,097063
G243,Pago Veiano,BN,Campania,062046
G242,Pago del Vallo di Lauro,AV,Campania,064068
G247,Paisco Loveno,BS,Lombardia,017131
G248,Paitone,BS,Lombardia,017132
G249,Paladina,BG,Lombardia,016155
G250,Palagano,MO,Emilia-Romagna,036029
G251,Palagianello,TA,Puglia,073020
G252,Palagiano,TA,Puglia,073021
G253,Palagonia,CT,Sicilia,087032
G254,Palaia,PI,Toscana,050024
G255,Palanzano,PR,Emilia-Romagna,034026
G257,Palata,CB,Molise,070050
G258,Palau,OT,Sardegna,113020
G259,Palazzago,BG,Lombardia,016156
G263,Palazzo Adriano,PA,Sicilia,082052
G262,Palazzo Canavese,TO,Piemonte,001177
G260,Palazzo Pignano,CR,Lombardia,019066
G261,Palazzo San Gervasio,PZ,Basilicata,076057
G267,Palazzolo Acreide,SR,Sicilia,089015
G266,Palazzolo Vercellese,VC,Piemonte,002090
G268,Palazzolo dello Stella,UD,Friuli-Venezia Giulia,030069
G264,Palazzolo sull'Oglio,BS,Lombardia,017133
G270,Palazzuolo sul Senio,FI,Toscana,048031
G271,Palena,CH,Abruzzo,069060
G272,Palermiti,CZ,Calabria,079089
G273,Palermo,PA,Sicilia,082053
G274,Palestrina,RM,Lazio,058074
G275,Palestro,PV,Lombardia,018107
G276,Paliano,FR,Lazio,060046
G277,Palizzi,RC,Calabria,080056
G278,Pallagorio,KR,Calabria,101016
G280,Pallanzeno,VB,Piemonte,103052
G281,Pallare,SV,Liguria,009047
G283,Palma Campania,,Campania,063052
G282,Palma di Montechiaro,AG,Sicilia,084027
G284,Palmanova,UD,Friuli-Venezia Giulia,030070
G285,Palmariggi,LE,Puglia,075058
G286,Palmas Arborea,OR,Sardegna,115046
G288,Palmi,RC,Calabria,080057
G289,Palmiano,AP,Marche,044056
G290,Palmoli,CH,Abruzzo,069061
G291,Palo del Colle,BA,Puglia,072033
G293,Palombara Sabina,RM,Lazio,058075
G294,Palombaro,CH,Abruzzo,069062
G292,Palomonte,SA,Campania,065089
G295,Palosco,BG,Lombardia,016157
G298,Paludi,CS,Calabria,078089
G300,Paluzza,UD,Friuli-Venezia Giulia,030071
G297,Palù,VR,Veneto,023056
G296,Palù del Fersina,TN,Trentino-Alto Adige/Südtirol,022133
G302,Pamparato,CN,Piemonte,004159
G303,Pancalieri,TO,Piemonte,001178
G304,Pancarana,PV,Lombardia,018108
G305,Panchià,TN,Trentino-Alto Adige/Südtirol,022134
G306,Pandino,CR,Lombardia,019067
G307,Panettieri,CS,Calabria,078090
G308,Panicale,PG,Umbria,054037
G311,Pannarano,BN,Campania,062047
G312,Panni,FG,Puglia,071037
G315,Pantelleria,TP,Sicilia,081014
G316,Pantigliate,MI,Lombardia,015167
G317,Paola,CS,Calabria,078091
G318,Paolisi,BN,Campania,062048
G320,Papasidero,CS,Calabria,078092
G323,Papozze,RO,Veneto,029034
G324,Parabiago,MI,Lombardia,015168
G325,Parabita,LE,Puglia,075059
G327,Paratico,BS,Lombardia,017134
G328,Parcines,BZ,Trentino-Alto Adige/Südtirol,021062
G330,Parella,TO,Piemonte,001179
G331,Parenti,CS,Calabria,078093
G333,Parete,CE,Campania,061054
G334,Pareto,AL,Piemonte,006125
G335,Parghelia,VV,Calabria,102026
G336,Parlasco,LC,Lombardia,097064
G337,Parma,PR,Emilia-Romagna,034027
G338,Parodi Ligure,AL,Piemonte,006126
G339,Paroldo,CN,Piemonte,004160
G340,Parolise,AV,Campania,064069
G342,Parona,PV,Lombardia,018109
G344,Parrano,TR,Umbria,055025
G346,Parre,BG,Lombardia,016158
G347,Partanna,TP,Sicilia,081015
G348,Partinico,PA,Sicilia,082054
G349,Paruzzaro,NO,Piemonte,003114
G350,Parzanica,BG,Lombardia,016159
G352,Pasian di Prato,UD,Friuli-Venezia Giulia,030072
G353,Pasiano di Pordenone,PN,Friuli-Venezia Giulia,093029
G354,Paspardo,BS,Lombardia,017135
G358,Passerano Marmorito,AT,Piemonte,005082
G359,Passignano sul Trasimeno,PG,Umbria,054038
G361,Passirano,BS,Lombardia,017136
G362,Pastena,FR,Lazio,060047
G364,Pastorano,CE,Campania,061055
G365,Pastrengo,VR,Veneto,023057
G367,Pasturana,AL,Piemonte,006127
G368,Pasturo,LC,Lombardia,097065
M269,Paterno,PZ,Basilicata,076100
G372,Paterno Calabro,CS,Calabria,078094
G370,Paternopoli,AV,Campania,064070
G371,Paternò,CT,Sicilia,087033
G374,Patrica,FR,Lazio,060048
G376,Pattada,SS,Sardegna,112042
G377,Patti,ME,Sicilia,083066
G378,Patù,LE,Puglia,075060
G379,Pau,OR,Sardegna,115047
G381,Paularo,UD,Friuli-Venezia Giulia,030073
G382,Pauli Arbarei,VS,Sardegna,117012
G384,Paulilatino,OR,Sardegna,115048
G385,Paullo,MI,Lombardia,015169
G386,Paupisi,BN,Campania,062049
G387,Pavarolo,TO,Piemonte,001180
G388,Pavia,PV,Lombardia,018110
G389,Pavia di Udine,UD,Friuli-Venezia Giulia,030074
G392,Pavone Canavese,TO,Piemonte,001181
G391,Pavone del Mella,BS,Lombardia,017137
G393,Pavullo nel Frignano,MO,Emilia-Romagna,036030
G394,Pazzano,RC,Calabria,080058
G395,Peccioli,PI,Toscana,050025
G398,Pecetto Torinese,TO,Piemonte,001183
G397,Pecetto di Valenza,AL,Piemonte,006128
G402,Pedara,CT,Sicilia,087034
G403,Pedaso,FM,Marche,109030
G404,Pedavena,BL,Veneto,025036
G406,Pedemonte,VI,Veneto,024076
G408,Pederobba,TV,Veneto,026056
G410,Pedesina,SO,Lombardia,014047
G411,Pedivigliano,CS,Calabria,078096
G412,Pedrengo,BG,Lombardia,016160
G416,Peglio,PU,Marche,041041
G415,Peglio,CO,Lombardia,013178
G417,Pegognaga,MN,Lombardia,020039
G418,Peia,BG,Lombardia,016161
G419,Peio,TN,Trentino-Alto Adige/Südtirol,022136
G420,Pelago,FI,Toscana,048032
G421,Pella,NO,Piemonte,003115
G424,Pellegrino Parmense,PR,Emilia-Romagna,034028
G426,Pellezzano,SA,Campania,065090
G428,Pellizzano,TN,Trentino-Alto Adige/Südtirol,022137
G429,Pelugo,TN,Trentino-Alto Adige/Südtirol,022138
G430,Penango,AT,Piemonte,005083
G436,Penna San Giovanni,MC,Marche,043035
G437,Penna Sant'Andrea,TE,Abruzzo,067033
G432,Penna in Teverina,TR,Umbria,055026
G433,Pennabilli,RN,Emilia-Romagna,099024
G434,Pennadomo,CH,Abruzzo,069063
G435,Pennapiedimonte,CH,Abruzzo,069064
G438,Penne,PE,Abruzzo,068027
G439,Pentone,CZ,Calabria,079092
G441,Perano,CH,Abruzzo,069065
G442,Perarolo di Cadore,BL,Veneto,025037
G443,Perca,BZ,Trentino-Alto Adige/Südtirol,021063
G444,Percile,RM,Lazio,058076
G445,Perdasdefogu,OG,Sardegna,116014
G446,Perdaxius,CI,Sardegna,119014
G447,Perdifumo,SA,Campania,065091
G449,Pereto,AQ,Abruzzo,066067
G450,Perfugas,SS,Sardegna,112043
G452,Pergine Valsugana,TN,Trentino-Alto Adige/Südtirol,022139
G453,Pergola,PU,Marche,041043
G454,Perinaldo,IM,Liguria,008040
G455,Perito,SA,Campania,065092
G456,Perledo,LC,Lombardia,097067
G457,Perletto,CN,Piemonte,004161
G458,Perlo,CN,Piemonte,004162
G459,Perloz,AO,Valle d'Aosta/Vallée d'Aoste,007048
G461,Pernumia,PD,Veneto,028061
C013,Pero,MI,Lombardia,015170
G463,Perosa Argentina,TO,Piemonte,001184
G462,Perosa Canavese,TO,Piemonte,001185
G465,Perrero,TO,Piemonte,001186
G469,Persico Dosimo,CR,Lombardia,019068
G471,Pertengo,VC,Piemonte,002091
G474,Pertica Alta,BS,Lombardia,017139
G475,Pertica Bassa,BS,Lombardia,017140
G476,Pertosa,SA,Campania,065093
G477,Pertusio,TO,Piemonte,001187
G478,Perugia,PG,Umbria,054039
G479,Pesaro,PU,Marche,041044
G480,Pescaglia,LU,Toscana,046022
G481,Pescantina,VR,Veneto,023058
G482,Pescara,PE,Abruzzo,068028
G483,Pescarolo ed Uniti,CR,Lombardia,019069
G484,Pescasseroli,AQ,Abruzzo,066068
G485,Pescate,LC,Lombardia,097068
G486,Pesche,IS,Molise,094031
G487,Peschici,FG,Puglia,071038
G488,Peschiera Borromeo,MI,Lombardia,015171
G489,Peschiera del Garda,VR,Veneto,023059
G491,Pescia,PT,Toscana,047012
G492,Pescina,AQ,Abruzzo,066069
G494,Pesco Sannita,BN,Campania,062050
G493,Pescocostanzo,AQ,Abruzzo,066070
G495,Pescolanciano,IS,Molise,094032
G496,Pescopagano,PZ,Basilicata,076058
G497,Pescopennataro,IS,Molise,094033
G498,Pescorocchiano,RI,Lazio,057049
G499,Pescosansonesco,PE,Abruzzo,068029
G500,Pescosolido,FR,Lazio,060049
G502,Pessano con Bornago,MI,Lombardia,015172
G504,Pessina Cremonese,CR,Lombardia,019070
G505,Pessinetto,TO,Piemonte,001188
G506,Petacciato,CB,Molise,070051
G508,Petilia Policastro,KR,Calabria,101017
G509,Petina,SA,Campania,065094
G510,Petralia Soprana,PA,Sicilia,082055
G511,Petralia Sottana,PA,Sicilia,082056
G513,Petrella Salto,RI,Lazio,057050
G512,Petrella Tifernina,CB,Molise,070052
G514,Petriano,PU,Marche,041045
G515,Petriolo,MC,Marche,043036
G516,Petritoli,FM,Marche,109031
G517,Petrizzi,CZ,Calabria,079094
G518,Petronà,CZ,Calabria,079095
M281,Petrosino,TP,Sicilia,081024
G519,Petruro Irpino,AV,Campania,064071
G520,Pettenasco,NO,Piemonte,003116
G521,Pettinengo,BI,Piemonte,096042
G522,Pettineo,ME,Sicilia,083067
G523,Pettoranello del Molise,IS,Molise,094034
G524,Pettorano sul Gizio,AQ,Abruzzo,066071
G525,Pettorazza Grimani,RO,Veneto,029035
G526,Peveragno,CN,Piemonte,004163
G528,Pezzana,VC,Piemonte,002093
G529,Pezzaze,BS,Lombardia,017141
G532,Pezzolo Valle Uzzone,CN,Piemonte,004164
G535,Piacenza,PC,Emilia-Romagna,033032
G534,Piacenza d'Adige,PD,Veneto,028062
M418,Piadena Drizzona,CR,Lombardia,019116
G538,Piaggine,SA,Campania,065095
G546,Pian Camuno,BS,Lombardia,017142
G542,Piana Crixia,SV,Liguria,009048
G543,Piana degli Albanesi,PA,Sicilia,082057
G541,Piana di Monte Verna,CE,Campania,061056
G547,Piancastagnaio,SI,Toscana,052020
G549,Piancogno,BS,Lombardia,017206
G551,Piandimeleto,PU,Marche,041047
G553,Piane Crati,CS,Calabria,078097
G555,Pianella,PE,Abruzzo,068030
G557,Pianello Val Tidone,PC,Emilia-Romagna,033033
G556,Pianello del Lario,CO,Lombardia,013183
G558,Pianengo,CR,Lombardia,019072
G559,Pianezza,TO,Piemonte,001189
G560,Pianezze,VI,Veneto,024077
G561,Pianfei,CN,Piemonte,004165
G564,Pianico,BG,Lombardia,016162
G565,Pianiga,VE,Veneto,027028
G568,Piano di Sorrento,,Campania,063053
D546,Pianopoli,CZ,Calabria,079096
G570,Pianoro,BO,Emilia-Romagna,037047
G571,Piansano,VT,Lazio,056043
G572,Piantedo,SO,Lombardia,014048
G574,Piario,BG,Lombardia,016163
G575,Piasco,CN,Piemonte,004166
G576,Piateda,SO,Lombardia,014049
G577,Piatto,BI,Piemonte,096043
G580,Piazza Armerina,EN,Sicilia,086014
G579,Piazza Brembana,BG,Lombardia,016164
G582,Piazza al Serchio,LU,Toscana,046023
G583,Piazzatorre,BG,Lombardia,016165
G587,Piazzola sul Brenta,PD,Veneto,028063
G588,Piazzolo,BG,Lombardia,016166
G589,Picciano,PE,Abruzzo,068031
G590,Picerno,PZ,Basilicata,076059
G591,Picinisco,FR,Lazio,060050
G592,Pico,FR,Lazio,060051
G593,Piea,AT,Piemonte,005084
G594,Piedicavallo,BI,Piemonte,096044
G597,Piedimonte Etneo,CT,Sicilia,087035
G596,Piedimonte Matese,CE,Campania,061057
G598,Piedimonte San Germano,FR,Lazio,060052
G600,Piedimulera,VB,Piemonte,103053
G601,Piegaro,PG,Umbria,054040
G602,Pienza,SI,Toscana,052021
G603,Pieranica,CR,Lombardia,019073
G605,Pietra Ligure,SV,Liguria,009049
G619,Pietra Marazzi,AL,Piemonte,006129
G612,Pietra de' Giorgi,PV,Lombardia,018111
G606,Pietrabbondante,IS,Molise,094035
G607,Pietrabruna,IM,Liguria,008041
G608,Pietracamela,TE,Abruzzo,067034
G609,Pietracatella,CB,Molise,070053
G610,Pietracupa,CB,Molise,070054
G611,Pietradefusi,AV,Campania,064072
G613,Pietraferrazzana,CH,Abruzzo,069103
G615,Pietrafitta,CS,Calabria,078098
G616,Pietragalla,PZ,Basilicata,076060
G618,Pietralunga,PG,Umbria,054041
G620,Pietramelara,CE,Campania,061058
G604,Pietramontecorvino,FG,Puglia,071039
G621,Pietranico,PE,Abruzzo,068032
G622,Pietrapaola,CS,Calabria,078099
G623,Pietrapertosa,PZ,Basilicata,076061
G624,Pietraperzia,EN,Sicilia,086015
G625,Pietraporzio,CN,Piemonte,004167
G626,Pietraroja,BN,Campania,062051
G627,Pietrarubbia,PU,Marche,041048
G628,Pietrasanta,LU,Toscana,046024
G629,Pietrastornina,AV,Campania,064073
G630,Pietravairano,CE,Campania,061059
G631,Pietrelcina,BN,Campania,062052
G635,Pieve Albignola,PV,Lombardia,018112
G634,Pieve Emanuele,MI,Lombardia,015173
G096,Pieve Fissiraga,LO,Lombardia,098045
G648,Pieve Fosciana,LU,Toscana,046025
G646,Pieve Ligure,GE,Liguria,010043
G650,Pieve Porto Morone,PV,Lombardia,018114
G651,Pieve San Giacomo,CR,Lombardia,019075
G653,Pieve Santo Stefano,AR,Toscana,051030
G656,Pieve Tesino,TN,Trentino-Alto Adige/Südtirol,022142
G657,Pieve Torina,MC,Marche,043038
G658,Pieve Vergonte,VB,Piemonte,103054
G636,Pieve a Nievole,PT,Toscana,047013
G647,Pieve d'Olmi,CR,Lombardia,019074
G639,Pieve del Cairo,PV,Lombardia,018113
M422,Pieve del Grappa,TV,Veneto,026096
M365,Pieve di Bono-Prezzo,TN,Trentino-Alto Adige/Südtirol,022234
G642,Pieve di Cadore,BL,Veneto,025039
G643,Pieve di Cento,BO,Emilia-Romagna,037048
G645,Pieve di Soligo,TV,Veneto,026057
G632,Pieve di Teco,IM,Liguria,008042
G649,Pievepelago,MO,Emilia-Romagna,036031
G659,Piglio,FR,Lazio,060053
G660,Pigna,IM,Liguria,008043
G662,Pignataro Interamna,FR,Lazio,060054
G661,Pignataro Maggiore,CE,Campania,061060
G663,Pignola,PZ,Basilicata,076062
G664,Pignone,SP,Liguria,011021
G665,Pigra,CO,Lombardia,013184
G666,Pila,VC,Piemonte,002096
G669,Pimentel,CA,Sardegna,118036
G670,Pimonte,,Campania,063054
G671,Pinarolo Po,PV,Lombardia,018115
G672,Pinasca,TO,Piemonte,001190
G673,Pincara,RO,Veneto,029036
G674,Pinerolo,TO,Piemonte,001191
F831,Pineto,TE,Abruzzo,067035
G678,Pino Torinese,TO,Piemonte,001192
G676,Pino d'Asti,AT,Piemonte,005085
G680,Pinzano al Tagliamento,PN,Friuli-Venezia Giulia,093030
G681,Pinzolo,TN,Trentino-Alto Adige/Südtirol,022143
G682,Piobbico,PU,Marche,041049
G684,Piobesi Torinese,TO,Piemonte,001193
G683,Piobesi d'Alba,CN,Piemonte,004168
G685,Piode,VC,Piemonte,002097
G686,Pioltello,MI,Lombardia,015175
G687,Piombino,LI,Toscana,049012
G688,Piombino Dese,PD,Veneto,028064
G690,Pioraco,MC,Marche,043039
G691,Piossasco,TO,Piemonte,001194
G693,Piove di Sacco,PD,Veneto,028065
G694,Piovene Rocchette,VI,Veneto,024078
G692,Piovà Massaia,AT,Piemonte,005086
G696,Piozzano,PC,Emilia-Romagna,033034
G697,Piozzo,CN,Piemonte,004169
G699,Piraino,ME,Sicilia,083068
G702,Pisa,PI,Toscana,050026
G703,Pisano,NO,Piemonte,003119
G705,Piscina,TO,Piemonte,001195
M291,Piscinas,CI,Sardegna,119015
G707,Pisciotta,SA,Campania,065096
G710,Pisogne,BS,Lombardia,017143
G704,Pisoniano,RM,Lazio,058077
G712,Pisticci,MT,Basilicata,077020
G713,Pistoia,PT,Toscana,047014
G716,Pitigliano,GR,Toscana,053019
G717,Piubega,MN,Lombardia,020041
G718,Piuro,SO,Lombardia,014050
G719,Piverone,TO,Piemonte,001196
G720,Pizzale,PV,Lombardia,018116
G721,Pizzighettone,CR,Lombardia,019076
G722,Pizzo,VV,Calabria,102027
G724,Pizzoferrato,CH,Abruzzo,069066
G726,Pizzoli,AQ,Abruzzo,066072
G727,Pizzone,IS,Molise,094036
G728,Pizzoni,VV,Calabria,102028
G729,Placanica,RC,Calabria,080059
G733,Plataci,CS,Calabria,078100
G734,Platania,CZ,Calabria,079099
G735,Platì,RC,Calabria,080060
G299,Plaus,BZ,Trentino-Alto Adige/Südtirol,021064
G737,Plesio,CO,Lombardia,013185
G740,Ploaghe,SS,Sardegna,112044
G741,Plodio,SV,Liguria,009050
G742,Pocapaglia,CN,Piemonte,004170
G743,Pocenia,UD,Friuli-Venezia Giulia,030075
G746,Podenzana,MS,Toscana,045013
G747,Podenzano,PC,Emilia-Romagna,033035
G749,Pofi,FR,Lazio,060055
G751,Poggiardo,LE,Puglia,075061
G752,Poggibonsi,SI,Toscana,052022
G756,Poggio Bustone,RI,Lazio,057051
G757,Poggio Catino,RI,Lazio,057052
G761,Poggio Imperiale,FG,Puglia,071040
G763,Poggio Mirteto,RI,Lazio,057053
G764,Poggio Moiano,RI,Lazio,057054
G765,Poggio Nativo,RI,Lazio,057055
G766,Poggio Picenze,AQ,Abruzzo,066073
G768,Poggio Renatico,FE,Emilia-Romagna,038018
G753,Poggio Rusco,MN,Lombardia,020042
G770,Poggio San Lorenzo,RI,Lazio,057056
G771,Poggio San Marcello,AN,Marche,042037
D566,Poggio San Vicino,MC,Marche,043040
B317,Poggio Sannita,IS,Molise,094037
M324,Poggio Torriana,RN,Emilia-Romagna,099028
G754,Poggio a Caiano,PO,Toscana,100004
G758,Poggiodomo,PG,Umbria,054042
G760,Poggiofiorito,CH,Abruzzo,069067
G762,Poggiomarino,,Campania,063055
G767,Poggioreale,TP,Sicilia,081016
G769,Poggiorsini,BA,Puglia,072034
G431,Poggiridenti,SO,Lombardia,014051
G772,Pogliano Milanese,MI,Lombardia,015176
G773,Pognana Lario,CO,Lombardia,013186
G774,Pognano,BG,Lombardia,016167
G775,Pogno,NO,Piemonte,003120
G777,Poirino,TO,Piemonte,001197
G776,Pojana Maggiore,VI,Veneto,024079
G779,Polaveno,BS,Lombardia,017144
G780,Polcenigo,PN,Friuli-Venezia Giulia,093031
G782,Polesella,RO,Veneto,029037
M367,Polesine Zibello,PR,Emilia-Romagna,034050
G784,Poli,RM,Lazio,058078
G785,Polia,VV,Calabria,102029
G786,Policoro,MT,Basilicata,077021
G787,Polignano a Mare,BA,Puglia,072035
G789,Polinago,MO,Emilia-Romagna,036032
G790,Polino,TR,Umbria,055027
G791,Polistena,RC,Calabria,080061
G792,Polizzi Generosa,PA,Sicilia,082058
G793,Polla,SA,Campania,065097
G794,Pollein,AO,Valle d'Aosta/Vallée d'Aoste,007049
G795,Pollena Trocchia,,Campania,063056
F567,Pollenza,MC,Marche,043041
G796,Pollica,SA,Campania,065098
G797,Pollina,PA,Sicilia,082059
G798,Pollone,BI,Piemonte,096046
G799,Pollutri,CH,Abruzzo,069068
G800,Polonghera,CN,Piemonte,004171
G801,Polpenazze del Garda,BS,Lombardia,017145
G802,Polverara,PD,Veneto,028066
G803,Polverigi,AN,Marche,042038
G804,Pomarance,PI,Toscana,050027
G805,Pomaretto,TO,Piemonte,001198
G806,Pomarico,MT,Basilicata,077022
G807,Pomaro Monferrato,AL,Piemonte,006131
G808,Pomarolo,TN,Trentino-Alto Adige/Südtirol,022144
G809,Pombia,NO,Piemonte,003121
G811,Pomezia,RM,Lazio,058079
G812,Pomigliano d'Arco,,Campania,063057
G813,Pompei,,Campania,063058
G814,Pompeiana,IM,Liguria,008044
G815,Pompiano,BS,Lombardia,017146
G816,Pomponesco,MN,Lombardia,020043
G817,Pompu,OR,Sardegna,115049
G818,Poncarale,BS,Lombardia,017147
G820,Ponderano,BI,Piemonte,096047
G821,Ponna,CO,Lombardia,013187
G822,Ponsacco,PI,Toscana,050028
G823,Ponso,PD,Veneto,028067
G826,Pont Canavese,TO,Piemonte,001199
G854,Pont-Saint-Martin,AO,Valle d'Aosta/Vallée d'Aoste,007052
G825,Pontassieve,FI,Toscana,048033
G545,Pontboset,AO,Valle d'Aosta/Vallée d'Aoste,007050
G827,Ponte,BN,Campania,062053
G833,Ponte Buggianese,PT,Toscana,047016
G830,Ponte Gardena,BZ,Trentino-Alto Adige/Südtirol,021065
G847,Ponte Lambro,CO,Lombardia,013188
G851,Ponte Nizza,PV,Lombardia,018117
F941,Ponte Nossa,BG,Lombardia,016168
G855,Ponte San Nicolò,PD,Veneto,028069
G856,Ponte San Pietro,BG,Lombardia,016170
G842,Ponte dell'Olio,PC,Emilia-Romagna,033036
G844,Ponte di Legno,BS,Lombardia,017148
G846,Ponte di Piave,TV,Veneto,026058
G829,Ponte in Valtellina,SO,Lombardia,014052
B662,Ponte nelle Alpi,BL,Veneto,025040
G831,Pontebba,UD,Friuli-Venezia Giulia,030076
G834,Pontecagnano Faiano,SA,Campania,065099
G836,Pontecchio Polesine,RO,Veneto,029038
G837,Pontechianale,CN,Piemonte,004172
G838,Pontecorvo,FR,Lazio,060056
G839,Pontecurone,AL,Piemonte,006132
G840,Pontedassio,IM,Liguria,008045
G843,Pontedera,PI,Toscana,050029
G848,Pontelandolfo,BN,Campania,062054
G849,Pontelatone,CE,Campania,061061
G850,Pontelongo,PD,Veneto,028068
G852,Pontenure,PC,Emilia-Romagna,033037
G853,Ponteranica,BG,Lombardia,016169
G858,Pontestura,AL,Piemonte,006133
G859,Pontevico,BS,Lombardia,017149
G860,Pontey,AO,Valle d'Aosta/Vallée d'Aoste,007051
G861,Ponti,AL,Piemonte,006134
G862,Ponti sul Mincio,MN,Lombardia,020044
G864,Pontida,BG,Lombardia,016171
G865,Pontinia,LT,Lazio,059017
G866,Pontinvrea,SV,Liguria,009051
G867,Pontirolo Nuovo,BG,Lombardia,016172
G869,Pontoglio,BS,Lombardia,017150
G870,Pontremoli,MS,Toscana,045014
G871,Ponza,LT,Lazio,059018
G872,Ponzano Monferrato,AL,Piemonte,006135
G874,Ponzano Romano,RM,Lazio,058080
G875,Ponzano Veneto,TV,Veneto,026059
G873,Ponzano di Fermo,FM,Marche,109032
G877,Ponzone,AL,Piemonte,006136
G878,Popoli Terme,PE,Abruzzo,068033
G879,Poppi,AR,Toscana,051031
G881,Porano,TR,Umbria,055028
G882,Porcari,LU,Toscana,046026
G886,Porcia,PN,Friuli-Venezia Giulia,093032
G888,Pordenone,PN,Friuli-Venezia Giulia,093033
G889,Porlezza,CO,Lombardia,013189
G890,Pornassio,IM,Liguria,008046
G891,Porpetto,UD,Friuli-Venezia Giulia,030077
G894,Portacomaro,AT,Piemonte,005087
G895,Portalbera,PV,Lombardia,018118
G900,Porte,TO,Piemonte,001200
M358,Porte di Rendena,TN,Trentino-Alto Adige/Südtirol,022244
G902,Portici,,Campania,063059
G903,Portico di Caserta,CE,Campania,061062
G904,Portico e San Benedetto,FC,Emilia-Romagna,040031
G905,Portigliola,RC,Calabria,080062
E680,Porto Azzurro,LI,Toscana,049013
G906,Porto Ceresio,VA,Lombardia,012113
M263,Porto Cesareo,LE,Puglia,075097
F299,Porto Empedocle,AG,Sicilia,084028
G917,Porto Mantovano,MN,Lombardia,020045
G919,Porto Recanati,MC,Marche,043042
G920,Porto San Giorgio,FM,Marche,109033
G921,Porto Sant'Elpidio,FM,Marche,109034
G923,Porto Tolle,RO,Veneto,029039
G924,Porto Torres,SS,Sardegna,112045
G907,Porto Valtravaglia,VA,Lombardia,012114
G926,Porto Viro,RO,Veneto,029052
G909,Portobuffolè,TV,Veneto,026060
G910,Portocannone,CB,Molise,070055
G912,Portoferraio,LI,Toscana,049014
G913,Portofino,GE,Liguria,010044
G914,Portogruaro,VE,Veneto,027029
G916,Portomaggiore,FE,Emilia-Romagna,038019
M257,Portopalo di Capo Passero,SR,Sicilia,089020
G922,Portoscuso,CI,Sardegna,119016
G925,Portovenere,SP,Liguria,011022
G927,Portula,BI,Piemonte,096048
G929,Posada,NU,Sardegna,114043
G931,Posina,VI,Veneto,024080
G932,Positano,SA,Campania,065100
G933,Possagno,TV,Veneto,026061
G934,Posta,RI,Lazio,057057
G935,Posta Fibreno,FR,Lazio,060057
G936,Postal,BZ,Trentino-Alto Adige/Südtirol,021066
G937,Postalesio,SO,Lombardia,014053
G939,Postiglione,SA,Campania,065101
G940,Postua,VC,Piemonte,002102
G942,Potenza,PZ,Basilicata,076063
F632,Potenza Picena,MC,Marche,043043
G943,Pove del Grappa,VI,Veneto,024081
G944,Povegliano,TV,Veneto,026062
G945,Povegliano Veronese,VR,Veneto,023060
G947,Poviglio,RE,Emilia-Romagna,035029
G949,Povoletto,UD,Friuli-Venezia Giulia,030078
G951,Pozzaglia Sabina,RI,Lazio,057058
B914,Pozzaglio ed Uniti,CR,Lombardia,019077
G953,Pozzallo,RG,Sicilia,088008
G954,Pozzilli,IS,Molise,094038
G955,Pozzo d'Adda,MI,Lombardia,015177
G960,Pozzol Groppo,AL,Piemonte,006137
G959,Pozzolengo,BS,Lombardia,017151
G957,Pozzoleone,VI,Veneto,024082
G961,Pozzolo Formigaro,AL,Piemonte,006138
G962,Pozzomaggiore,SS,Sardegna,112046
G963,Pozzonovo,PD,Veneto,028070
G964,Pozzuoli,,Campania,063060
G965,Pozzuolo Martesana,MI,Lombardia,015178
G966,Pozzuolo del Friuli,UD,Friuli-Venezia Giulia,030079
G968,Pradalunga,BG,Lombardia,016173
G969,Pradamano,UD,Friuli-Venezia Giulia,030080
G970,Pradleves,CN,Piemonte,004173
G973,Pragelato,TO,Piemonte,001201
G975,Praia a Mare,CS,Calabria,078101
G976,Praiano,SA,Campania,065102
G977,Pralboino,BS,Lombardia,017152
G978,Prali,TO,Piemonte,001202
G979,Pralormo,TO,Piemonte,001203
G980,Pralungo,BI,Piemonte,096049
G981,Pramaggiore,VE,Veneto,027030
G982,Pramollo,TO,Piemonte,001204
G985,Prarolo,VC,Piemonte,002104
G986,Prarostino,TO,Piemonte,001205
G987,Prasco,AL,Piemonte,006139
G988,Prascorsano,TO,Piemonte,001206
G993,Prata Camportaccio,SO,Lombardia,014054
G991,Prata Sannita,CE,Campania,061063
G992,Prata d'Ansidonia,AQ,Abruzzo,066074
G994,Prata di Pordenone,PN,Friuli-Venezia Giulia,093034
G990,Prata di Principato Ultra,AV,Campania,064074
G995,Pratella,CE,Campania,061064
G997,Pratiglione,TO,Piemonte,001207
G999,Prato,PO,Toscana,100005
H002,Prato Carnico,UD,Friuli-Venezia Giulia,030081
H001,Prato Sesia,NO,Piemonte,003122
H004,Prato allo Stelvio,BZ,Trentino-Alto Adige/Südtirol,021067
H007,Pratola Peligna,AQ,Abruzzo,066075
H006,Pratola Serra,AV,Campania,064075
M329,Pratovecchio Stia,AR,Toscana,051041
H010,Pravisdomini,PN,Friuli-Venezia Giulia,093035
G974,Pray,BI,Piemonte,096050
H011,Prazzo,CN,Piemonte,004174
H014,Precenicco,UD,Friuli-Venezia Giulia,030082
H015,Preci,PG,Umbria,054043
M344,Predaia,TN,Trentino-Alto Adige/Südtirol,022230
H017,Predappio,FC,Emilia-Romagna,040032
H018,Predazzo,TN,Trentino-Alto Adige/Südtirol,022147
H019,Predoi,BZ,Trentino-Alto Adige/Südtirol,021068
H020,Predore,BG,Lombardia,016174
H021,Predosa,AL,Piemonte,006140
H022,Preganziol,TV,Veneto,026063
H026,Pregnana Milanese,MI,Lombardia,015179
H027,Prelà,IM,Liguria,008047
H028,Premana,LC,Lombardia,097069
H029,Premariacco,UD,Friuli-Venezia Giulia,030083
H030,Premeno,VB,Piemonte,103055
H033,Premia,VB,Piemonte,103056
H034,Premilcuore,FC,Emilia-Romagna,040033
H036,Premolo,BG,Lombardia,016175
H037,Premosello-Chiovenda,VB,Piemonte,103057
H038,Preone,UD,Friuli-Venezia Giulia,030084
H040,Prepotto,UD,Friuli-Venezia Giulia,030085
H043,Preseglie,BS,Lombardia,017153
H045,Presenzano,CE,Campania,061065
H046,Presezzo,BG,Lombardia,016176
M428,Presicce-Acquarica,LE,Puglia,075098
H048,Pressana,VR,Veneto,023061
H052,Pretoro,CH,Abruzzo,069069
H055,Prevalle,BS,Lombardia,017155
H056,Prezza,AQ,Abruzzo,066076
H059,Priero,CN,Piemonte,004175
H062,Prignano Cilento,SA,Campania,065103
H061,Prignano sulla Secchia,MO,Emilia-Romagna,036033
H063,Primaluna,LC,Lombardia,097070
M359,Primiero San Martino di Castrozza,TN,Trentino-Alto Adige/Südtirol,022245
H068,Priocca,CN,Piemonte,004176
H069,Priola,CN,Piemonte,004177
M279,Priolo Gargallo,SR,Sicilia,089021
G698,Priverno,LT,Lazio,059019
H070,Prizzi,PA,Sicilia,082060
H071,Proceno,VT,Lazio,056044
H072,Procida,,Campania,063061
H073,Propata,GE,Liguria,010045
H074,Proserpio,CO,Lombardia,013192
H076,Prossedi,LT,Lazio,059020
H077,Provaglio Val Sabbia,BS,Lombardia,017157
H078,Provaglio d'Iseo,BS,Lombardia,017156
H081,Proves,BZ,Trentino-Alto Adige/Südtirol,021069
H083,Provvidenti,CB,Molise,070056
H085,Prunetto,CN,Piemonte,004178
H042,Pré-Saint-Didier,AO,Valle d'Aosta/Vallée d'Aoste,007053
H086,Puegnago del Garda,BS,Lombardia,017158
H087,Puglianello,BN,Campania,062055
H088,Pula,CA,Sardegna,118037
H089,Pulfero,UD,Friuli-Venezia Giulia,030086
H090,Pulsano,TA,Puglia,073022
H091,Pumenengo,BG,Lombardia,016177
H094,Pusiano,CO,Lombardia,013193
H095,Putifigari,SS,Sardegna,112047
H096,Putignano,BA,Puglia,072036
H097,Quadrelle,AV,Campania,064076
H098,Quadri,CH,Abruzzo,069070
H100,Quagliuzzo,TO,Piemonte,001208
H101,Qualiano,,Campania,063062
H102,Quaranti,AT,Piemonte,005088
M414,Quaregna Cerreto,BI,Piemonte,096087
H104,Quargnento,AL,Piemonte,006141
H106,Quarna Sopra,VB,Piemonte,103058
H107,Quarna Sotto,VB,Piemonte,103059
H108,Quarona,VC,Piemonte,002107
H109,Quarrata,PT,Toscana,047017
H110,Quart,AO,Valle d'Aosta/Vallée d'Aoste,007054
H114,Quarto,,Campania,063063
H117,Quarto d'Altino,VE,Veneto,027031
H118,Quartu Sant'Elena,CA,Sardegna,118038
H119,Quartucciu,CA,Sardegna,118039
H120,Quassolo,TO,Piemonte,001209
H121,Quattordio,AL,Piemonte,006142
H122,Quattro Castella,RE,Emilia-Romagna,035030
H126,Quiliano,SV,Liguria,009052
H127,Quincinetto,TO,Piemonte,001210
H128,Quindici,AV,Campania,064077
H129,Quingentole,MN,Lombardia,020046
H130,Quintano,CR,Lombardia,019078
H132,Quinto Vercellese,VC,Piemonte,002108
H134,Quinto Vicentino,VI,Veneto,024083
H131,Quinto di Treviso,TV,Veneto,026064
H140,Quinzano d'Oglio,BS,Lombardia,017159
H143,Quistello,MN,Lombardia,020047
H146,Rabbi,TN,Trentino-Alto Adige/Südtirol,022150
H147,Racale,LE,Puglia,075063
H148,Racalmuto,AG,Sicilia,084029
H150,Racconigi,CN,Piemonte,004179
H151,Raccuja,ME,Sicilia,083069
H152,Racines,BZ,Trentino-Alto Adige/Südtirol,021070
H153,Radda in Chianti,SI,Toscana,052023
H154,Raddusa,CT,Sicilia,087036
H156,Radicofani,SI,Toscana,052024
H157,Radicondoli,SI,Toscana,052025
H159,Raffadali,AG,Sicilia,084030
M287,Ragalna,CT,Sicilia,087058
H161,Ragogna,UD,Friuli-Venezia Giulia,030087
H163,Ragusa,RG,Sicilia,088009
H166,Raiano,AQ,Abruzzo,066077
H168,Ramacca,CT,Sicilia,087037
H173,Rancio Valcuvia,VA,Lombardia,012115
H174,Ranco,VA,Lombardia,012116
H175,Randazzo,CT,Sicilia,087038
H176,Ranica,BG,Lombardia,016178
H177,Ranzanico,BG,Lombardia,016179
H180,Ranzo,IM,Liguria,008048
H182,Rapagnano,FM,Marche,109035
H183,Rapallo,GE,Liguria,010046
H184,Rapino,CH,Abruzzo,069071
H185,Rapolano Terme,SI,Toscana,052026
H186,Rapolla,PZ,Basilicata,076064
H187,Rapone,PZ,Basilicata,076065
H188,Rassa,VC,Piemonte,002110
H189,Rasun-Anterselva,BZ,Trentino-Alto Adige/Südtirol,021071
H192,Rasura,SO,Lombardia,014055
H194,Ravanusa,AG,Sicilia,084031
H195,Ravarino,MO,Emilia-Romagna,036034
H196,Ravascletto,UD,Friuli-Venezia Giulia,030088
H198,Ravello,SA,Campania,065104
H199,Ravenna,RA,Emilia-Romagna,039014
H200,Raveo,UD,Friuli-Venezia Giulia,030089
H202,Raviscanina,CE,Campania,061066
H203,Re,VB,Piemonte,103060
H204,Rea,PV,Lombardia,018119
H205,Realmonte,AG,Sicilia,084032
H206,Reana del Rojale,UD,Friuli-Venezia Giulia,030090
H207,Reano,TO,Piemonte,001211
H210,Recale,CE,Campania,061067
H211,Recanati,MC,Marche,043044
H212,Recco,GE,Liguria,010047
H213,Recetto,NO,Piemonte,003129
H214,Recoaro Terme,VI,Veneto,024084
H216,Redavalle,PV,Lombardia,018120
H218,Redondesco,MN,Lombardia,020048
H219,Refrancore,AT,Piemonte,005089
H220,Refrontolo,TV,Veneto,026065
H221,Regalbuto,EN,Sicilia,086016
H222,Reggello,FI,Toscana,048035
H224,Reggio di Calabria,RC,Calabria,080063
H223,Reggio nell'Emilia,RE,Emilia-Romagna,035033
H225,Reggiolo,RE,Emilia-Romagna,035032
H227,Reino,BN,Campania,062056
H228,Reitano,ME,Sicilia,083070
H229,Remanzacco,UD,Friuli-Venezia Giulia,030091
H230,Remedello,BS,Lombardia,017160
H233,Renate,MB,Lombardia,108037
H235,Rende,CS,Calabria,078102
H236,Renon,BZ,Trentino-Alto Adige/Südtirol,021072
H238,Resana,TV,Veneto,026066
H240,Rescaldina,MI,Lombardia,015181
H242,Resia,UD,Friuli-Venezia Giulia,030092
H244,Resiutta,UD,Friuli-Venezia Giulia,030093
H245,Resuttano,CL,Sicilia,085014
H246,Retorbido,PV,Lombardia,018121
H247,Revello,CN,Piemonte,004180
H250,Revigliasco d'Asti,AT,Piemonte,005090
H253,Revine Lago,TV,Veneto,026067
H255,Rezzago,CO,Lombardia,013195
H256,Rezzato,BS,Lombardia,017161
H257,Rezzo,IM,Liguria,008049
H258,Rezzoaglio,GE,Liguria,010048
H264,Rho,MI,Lombardia,015182
H262,Rhêmes-Notre-Dame,AO,Valle d'Aosta/Vallée d'Aoste,007055
H263,Rhêmes-Saint-Georges,AO,Valle d'Aosta/Vallée d'Aoste,007056
H265,Riace,RC,Calabria,080064
H266,Rialto,SV,Liguria,009053
H267,Riano,RM,Lazio,058081
H268,Riardo,CE,Campania,061068
H269,Ribera,AG,Sicilia,084033
H270,Ribordone,TO,Piemonte,001212
H271,Ricadi,VV,Calabria,102030
H272,Ricaldone,AL,Piemonte,006143
H273,Riccia,CB,Molise,070057
H274,Riccione,RN,Emilia-Romagna,099013
H275,Riccò del Golfo di Spezia,SP,Liguria,011023
H276,Ricengo,CR,Lombardia,019079
H277,Ricigliano,SA,Campania,065105
H280,Riese Pio X,TV,Veneto,026068
H281,Riesi,CL,Sicilia,085015
H282,Rieti,RI,Lazio,057059
H284,Rifiano,BZ,Trentino-Alto Adige/Südtirol,021073
H285,Rifreddo,CN,Piemonte,004181
H288,Rignano Flaminio,RM,Lazio,058082
H287,Rignano Garganico,FG,Puglia,071041
H286,Rignano sull'Arno,FI,Toscana,048036
H289,Rigolato,UD,Friuli-Venezia Giulia,030094
H293,Rimella,VC,Piemonte,002113
H294,Rimini,RN,Emilia-Romagna,099014
M391,Rio,LI,Toscana,049021
H298,Rio Saliceto,RE,Emilia-Romagna,035034
H299,Rio di Pusteria,BZ,Trentino-Alto Adige/Südtirol,021074
H300,Riofreddo,RM,Lazio,058083
H301,Riola Sardo,OR,Sardegna,115050
H302,Riolo Terme,RA,Emilia-Romagna,039015
H303,Riolunato,MO,Emilia-Romagna,036035
H304,Riomaggiore,SP,Liguria,011024
H308,Rionero Sannitico,IS,Molise,094039
H307,Rionero in Vulture,PZ,Basilicata,076066
H320,Ripa Teatina,CH,Abruzzo,069072
H311,Ripabottoni,CB,Molise,070058
H312,Ripacandida,PZ,Basilicata,076067
H313,Ripalimosani,CB,Molise,070059
H314,Ripalta Arpina,CR,Lombardia,019080
H315,Ripalta Cremasca,CR,Lombardia,019081
H316,Ripalta Guerina,CR,Lombardia,019082
H319,Riparbella,PI,Toscana,050030
H321,Ripatransone,AP,Marche,044063
H323,Ripe San Ginesio,MC,Marche,043045
H324,Ripi,FR,Lazio,060058
H325,Riposto,CT,Sicilia,087039
H326,Rittana,CN,Piemonte,004182
H328,Riva Ligure,IM,Liguria,008050
H330,Riva del Garda,TN,Trentino-Alto Adige/Südtirol,022153
M410,Riva del Po,FE,Emilia-Romagna,038029
H331,Riva di Solto,BG,Lombardia,016180
H337,Riva presso Chieri,TO,Piemonte,001215
H333,Rivalba,TO,Piemonte,001213
H334,Rivalta Bormida,AL,Piemonte,006144
H335,Rivalta di Torino,TO,Piemonte,001214
H327,Rivamonte Agordino,BL,Veneto,025043
H336,Rivanazzano Terme,PV,Lombardia,018122
H338,Rivara,TO,Piemonte,001216
H340,Rivarolo Canavese,TO,Piemonte,001217
H342,Rivarolo Mantovano,MN,Lombardia,020050
H341,Rivarolo del Re ed Uniti,CR,Lombardia,019083
H343,Rivarone,AL,Piemonte,006145
H344,Rivarossa,TO,Piemonte,001218
H346,Rive,VC,Piemonte,002115
H347,Rive d'Arcano,UD,Friuli-Venezia Giulia,030095
H348,Rivello,PZ,Basilicata,076068
H350,Rivergaro,PC,Emilia-Romagna,033038
M317,Rivignano Teor,UD,Friuli-Venezia Giulia,030188
H353,Rivisondoli,AQ,Abruzzo,066078
H354,Rivodutri,RI,Lazio,057060
H355,Rivoli,TO,Piemonte,001219
H356,Rivoli Veronese,VR,Veneto,023062
H357,Rivolta d'Adda,CR,Lombardia,019084
H359,Rizziconi,RC,Calabria,080065
H361,Roana,VI,Veneto,024085
H362,Roaschia,CN,Piemonte,004183
H363,Roascio,CN,Piemonte,004184
H365,Roasio,VC,Piemonte,002116
H366,Roatto,AT,Piemonte,005091
H367,Robassomero,TO,Piemonte,001220
G223,Robbiate,LC,Lombardia,097071
H369,Robbio,PV,Lombardia,018123
H371,Robecchetto con Induno,MI,Lombardia,015183
H375,Robecco Pavese,PV,Lombardia,018124
H372,Robecco d'Oglio,CR,Lombardia,019085
H373,Robecco sul Naviglio,MI,Lombardia,015184
H376,Robella,AT,Piemonte,005092
H377,Robilante,CN,Piemonte,004185
H378,Roburent,CN,Piemonte,004186
H386,Rocca Canavese,TO,Piemonte,001221
H387,Rocca Canterano,RM,Lazio,058084
H391,Rocca Cigliè,CN,Piemonte,004188
H414,Rocca Grimalda,AL,Piemonte,006147
H416,Rocca Imperiale,CS,Calabria,078103
H421,Rocca Massima,LT,Lazio,059022
H429,Rocca Pia,AQ,Abruzzo,066083
H379,Rocca Pietore,BL,Veneto,025044
H432,Rocca Priora,RM,Lazio,058088
H437,Rocca San Casciano,FC,Emilia-Romagna,040036
H438,Rocca San Felice,AV,Campania,064079
H439,Rocca San Giovanni,CH,Abruzzo,069074
H440,Rocca Santa Maria,TE,Abruzzo,067036
H441,Rocca Santo Stefano,RM,Lazio,058089
H446,Rocca Sinibalda,RI,Lazio,057062
H450,Rocca Susella,PV,Lombardia,018126
H392,Rocca d'Arazzo,AT,Piemonte,005093
H393,Rocca d'Arce,FR,Lazio,060059
H398,Rocca d'Evandro,CE,Campania,061069
H395,Rocca de' Baldi,CN,Piemonte,004189
H396,Rocca de' Giorgi,PV,Lombardia,018125
H399,Rocca di Botte,AQ,Abruzzo,066080
H400,Rocca di Cambio,AQ,Abruzzo,066081
H401,Rocca di Cave,RM,Lazio,058085
H402,Rocca di Mezzo,AQ,Abruzzo,066082
H403,Rocca di Neto,KR,Calabria,101019
H404,Rocca di Papa,RM,Lazio,058086
H382,Roccabascerana,AV,Campania,064078
H383,Roccabernarda,KR,Calabria,101018
H384,Roccabianca,PR,Emilia-Romagna,034030
H385,Roccabruna,CN,Piemonte,004187
H389,Roccacasale,AQ,Abruzzo,066079
H394,Roccadaspide,SA,Campania,065106
H405,Roccafiorita,ME,Sicilia,083071
H390,Roccafluvione,AP,Marche,044064
H406,Roccaforte Ligure,AL,Piemonte,006146
H407,Roccaforte Mondovì,CN,Piemonte,004190
H408,Roccaforte del Greco,RC,Calabria,080066
H409,Roccaforzata,TA,Puglia,073023
H410,Roccafranca,BS,Lombardia,017162
H411,Roccagiovine,RM,Lazio,058087
H412,Roccagloriosa,SA,Campania,065107
H413,Roccagorga,LT,Lazio,059021
H417,Roccalbegna,GR,Toscana,053020
H418,Roccalumera,ME,Sicilia,083072
H420,Roccamandolfi,IS,Molise,094040
H422,Roccamena,PA,Sicilia,082061
H423,Roccamonfina,CE,Campania,061070
H424,Roccamontepiano,CH,Abruzzo,069073
H425,Roccamorice,PE,Abruzzo,068034
H426,Roccanova,PZ,Basilicata,076069
H427,Roccantica,RI,Lazio,057061
H428,Roccapalumba,PA,Sicilia,082062
H431,Roccapiemonte,SA,Campania,065108
H433,Roccarainola,,Campania,063065
H434,Roccaraso,AQ,Abruzzo,066084
H436,Roccaromana,CE,Campania,061071
H442,Roccascalegna,CH,Abruzzo,069075
H443,Roccasecca,FR,Lazio,060060
H444,Roccasecca dei Volsci,LT,Lazio,059023
H445,Roccasicura,IS,Molise,094041
H447,Roccasparvera,CN,Piemonte,004191
H448,Roccaspinalveti,CH,Abruzzo,069076
H449,Roccastrada,GR,Toscana,053021
H380,Roccavaldina,ME,Sicilia,083073
H451,Roccaverano,AT,Piemonte,005094
H452,Roccavignale,SV,Liguria,009054
H453,Roccavione,CN,Piemonte,004192
H454,Roccavivara,CB,Molise,070060
H456,Roccella Ionica,RC,Calabria,080067
H455,Roccella Valdemone,ME,Sicilia,083074
H462,Rocchetta Belbo,CN,Piemonte,004193
H465,Rocchetta Ligure,AL,Piemonte,006148
H460,Rocchetta Nervina,IM,Liguria,008051
H466,Rocchetta Palafea,AT,Piemonte,005095
H467,Rocchetta Sant'Antonio,FG,Puglia,071042
H468,Rocchetta Tanaro,AT,Piemonte,005096
H458,Rocchetta a Volturno,IS,Molise,094042
H461,Rocchetta di Vara,SP,Liguria,011025
H459,Rocchetta e Croce,CE,Campania,061072
H470,Rodano,MI,Lombardia,015185
H472,Roddi,CN,Piemonte,004194
H473,Roddino,CN,Piemonte,004195
H474,Rodello,CN,Piemonte,004196
H475,Rodengo,BZ,Trentino-Alto Adige/Südtirol,021075
H477,Rodengo Saiano,BS,Lombardia,017163
H478,Rodero,CO,Lombardia,013197
H480,Rodi Garganico,FG,Puglia,071043
H481,Rodigo,MN,Lombardia,020051
H479,Rodì Milici,ME,Sicilia,083075
H485,Rofrano,SA,Campania,065109
H486,Rogeno,LC,Lombardia,097072
H488,Roggiano Gravina,CS,Calabria,078104
H489,Roghudi,RC,Calabria,080068
H490,Rogliano,CS,Calabria,078105
H491,Rognano,PV,Lombardia,018127
H492,Rogno,BG,Lombardia,016182
H493,Rogolo,SO,Lombardia,014056
H494,Roiate,RM,Lazio,058090
H495,Roio del Sangro,CH,Abruzzo,069077
H497,Roisan,AO,Valle d'Aosta/Vallée d'Aoste,007057
H498,Roletto,TO,Piemonte,001222
H500,Rolo,RE,Emilia-Romagna,035035
H501,Roma,RM,Lazio,058091
H502,Romagnano Sesia,NO,Piemonte,003130
H503,Romagnano al Monte,SA,Campania,065110
H505,Romagnese,PV,Lombardia,018128
H507,Romana,SS,Sardegna,112048
H508,Romanengo,CR,Lombardia,019086
H511,Romano Canavese,TO,Piemonte,001223
H512,Romano d'Ezzelino,VI,Veneto,024086
H509,Romano di Lombardia,BG,Lombardia,016183
H514,Romans d'Isonzo,GO,Friuli-Venezia Giulia,031015
H516,Rombiolo,VV,Calabria,102031
H517,Romeno,TN,Trentino-Alto Adige/Südtirol,022155
H518,Romentino,NO,Piemonte,003131
H519,Rometta,ME,Sicilia,083076
H523,Roncade,TV,Veneto,026069
H525,Roncadelle,BS,Lombardia,017165
H527,Roncaro,PV,Lombardia,018129
H528,Roncegno Terme,TN,Trentino-Alto Adige/Südtirol,022156
H529,Roncello,MB,Lombardia,108055
H532,Ronchi Valsugana,TN,Trentino-Alto Adige/Südtirol,022157
H531,Ronchi dei Legionari,GO,Friuli-Venezia Giulia,031016
H533,Ronchis,UD,Friuli-Venezia Giulia,030097
H534,Ronciglione,VT,Lazio,056045
H538,Ronco Biellese,BI,Piemonte,096053
H537,Ronco Briantino,MB,Lombardia,108038
H539,Ronco Canavese,TO,Piemonte,001224
H536,Ronco Scrivia,GE,Liguria,010049
H540,Ronco all'Adige,VR,Veneto,023064
H535,Roncobello,BG,Lombardia,016184
H541,Roncoferraro,MN,Lombardia,020052
H542,Roncofreddo,FC,Emilia-Romagna,040037
H544,Roncola,BG,Lombardia,016185
H522,Roncà,VR,Veneto,023063
H546,Rondanina,GE,Liguria,010050
H547,Rondissone,TO,Piemonte,001225
H549,Ronsecco,VC,Piemonte,002118
M303,Ronzo-Chienis,TN,Trentino-Alto Adige/Südtirol,022135
H552,Ronzone,TN,Trentino-Alto Adige/Südtirol,022159
H553,Roppolo,BI,Piemonte,096054
H554,Rorà,TO,Piemonte,001226
H558,Rosarno,RC,Calabria,080069
H559,Rosasco,PV,Lombardia,018130
H560,Rosate,MI,Lombardia,015188
H561,Rosazza,BI,Piemonte,096055
H562,Rosciano,PE,Abruzzo,068035
H564,Roscigno,SA,Campania,065111
H565,Rose,CS,Calabria,078106
H566,Rosello,CH,Abruzzo,069078
H572,Roseto Capo Spulico,CS,Calabria,078107
H568,Roseto Valfortore,FG,Puglia,071044
F585,Roseto degli Abruzzi,TE,Abruzzo,067037
H570,Rosignano Marittimo,LI,Toscana,049017
H569,Rosignano Monferrato,AL,Piemonte,006149
H573,Rosolina,RO,Veneto,029040
H574,Rosolini,SR,Sicilia,089016
H575,Rosora,AN,Marche,042040
H577,Rossa,VC,Piemonte,002121
H578,Rossana,CN,Piemonte,004197
H580,Rossano Veneto,VI,Veneto,024088
H581,Rossiglione,GE,Liguria,010051
H583,Rosta,TO,Piemonte,001228
H556,Rosà,VI,Veneto,024087
H585,Rota Greca,CS,Calabria,078109
H584,Rota d'Imagna,BG,Lombardia,016186
H588,Rotella,AP,Marche,044065
H589,Rotello,CB,Molise,070061
H590,Rotonda,PZ,Basilicata,076070
H591,Rotondella,MT,Basilicata,077023
H592,Rotondi,AV,Campania,064080
H593,Rottofreno,PC,Emilia-Romagna,033039
H594,Rotzo,VI,Veneto,024089
H555,Roure,TO,Piemonte,001227
H364,Rovasenda,VC,Piemonte,002122
H598,Rovato,BS,Lombardia,017166
H599,Rovegno,GE,Liguria,010052
H601,Rovellasca,CO,Lombardia,013201
H602,Rovello Porro,CO,Lombardia,013202
H604,Roverbella,MN,Lombardia,020053
H606,Roverchiara,VR,Veneto,023065
H610,Roveredo di Guà,VR,Veneto,023066
H609,Roveredo in Piano,PN,Friuli-Venezia Giulia,093036
H612,Rovereto,TN,Trentino-Alto Adige/Südtirol,022161
H608,Roverè Veronese,VR,Veneto,023067
H607,Roverè della Luna,TN,Trentino-Alto Adige/Südtirol,022160
H614,Rovescala,PV,Lombardia,018131
H615,Rovetta,BG,Lombardia,016187
H618,Roviano,RM,Lazio,058092
H620,Rovigo,RO,Veneto,029041
H621,Rovito,CS,Calabria,078110
H622,Rovolon,PD,Veneto,028071
H623,Rozzano,MI,Lombardia,015189
H484,Roè Volciano,BS,Lombardia,017164
H625,Rubano,PD,Veneto,028072
H627,Rubiana,TO,Piemonte,001229
H628,Rubiera,RE,Emilia-Romagna,035036
H629,Ruda,UD,Friuli-Venezia Giulia,030098
H630,Rudiano,BS,Lombardia,017167
H631,Rueglio,TO,Piemonte,001230
H632,Ruffano,LE,Puglia,075064
H633,Ruffia,CN,Piemonte,004198
H634,Ruffrè-Mendola,TN,Trentino-Alto Adige/Südtirol,022162
H635,Rufina,FI,Toscana,048037
F271,Ruinas,OR,Sardegna,115051
H639,Rumo,TN,Trentino-Alto Adige/Südtirol,022163
H641,Ruoti,PZ,Basilicata,076071
H642,Russi,RA,Emilia-Romagna,039016
H643,Rutigliano,BA,Puglia,072037
H644,Rutino,SA,Campania,065112
H165,Ruviano,CE,Campania,061073
H646,Ruvo del Monte,PZ,Basilicata,076072
H645,Ruvo di Puglia,BA,Puglia,072038
H647,Sabaudia,LT,Lazio,059024
H650,Sabbio Chiese,BS,Lombardia,017168
H652,Sabbioneta,MN,Lombardia,020054
H654,Sacco,SA,Campania,065113
H655,Saccolongo,PD,Veneto,028073
H657,Sacile,PN,Friuli-Venezia Giulia,093037
H658,Sacrofano,RM,Lazio,058093
H659,Sadali,CA,Sardegna,118040
H661,Sagama,OR,Sardegna,115052
H662,Sagliano Micca,BI,Piemonte,096056
H665,Sagrado,GO,Friuli-Venezia Giulia,031017
H666,Sagron Mis,TN,Trentino-Alto Adige/Südtirol,022164
H669,Saint-Christophe,AO,Valle d'Aosta/Vallée d'Aoste,007058
H670,Saint-Denis,AO,Valle d'Aosta/Vallée d'Aoste,007059
H671,Saint-Marcel,AO,Valle d'Aosta/Vallée d'Aoste,007060
H672,Saint-Nicolas,AO,Valle d'Aosta/Vallée d'Aoste,007061
H673,Saint-Oyen,AO,Valle d'Aosta/Vallée d'Aoste,007062
H674,Saint-Pierre,AO,Valle d'Aosta/Vallée d'Aoste,007063
H675,Saint-Rhémy-en-Bosses,AO,Valle d'Aosta/Vallée d'Aoste,007064
H676,Saint-Vincent,AO,Valle d'Aosta/Vallée d'Aoste,007065
H682,Sala Baganza,PR,Emilia-Romagna,034031
H681,Sala Biellese,BI,Piemonte,096057
H678,Sala Bolognese,BO,Emilia-Romagna,037050
H679,Sala Comacina,CO,Lombardia,013203
H683,Sala Consilina,SA,Campania,065114
H677,Sala Monferrato,AL,Piemonte,006150
H687,Salandra,MT,Basilicata,077024
H688,Salaparuta,TP,Sicilia,081017
H689,Salara,RO,Veneto,029042
H690,Salasco,VC,Piemonte,002126
H691,Salassa,TO,Piemonte,001231
H684,Salbertrand,TO,Piemonte,001232
F810,Salcedo,VI,Veneto,024090
H693,Salcito,CB,Molise,070062
H694,Sale,AL,Piemonte,006151
H699,Sale Marasino,BS,Lombardia,017169
H704,Sale San Giovanni,CN,Piemonte,004200
H695,Sale delle Langhe,CN,Piemonte,004199
H700,Salemi,TP,Sicilia,081018
H686,Salento,SA,Campania,065115
H702,Salerano Canavese,TO,Piemonte,001233
H701,Salerano sul Lambro,LO,Lombardia,098046
H703,Salerno,SA,Campania,065116
H706,Salgareda,TV,Veneto,026070
H707,Sali Vercellese,VC,Piemonte,002127
H708,Salice Salentino,LE,Puglia,075065
H710,Saliceto,CN,Piemonte,004201
H713,Salisano,RI,Lazio,057063
H714,Salizzole,VR,Veneto,023068
H715,Salle,PE,Abruzzo,068036
H716,Salmour,CN,Piemonte,004202
H719,Salorno sulla strada del vino,BZ,Trentino-Alto Adige/Südtirol,021076
H720,Salsomaggiore Terme,PR,Emilia-Romagna,034032
H723,Saltrio,VA,Lombardia,012117
H724,Saludecio,RN,Emilia-Romagna,099015
H725,Saluggia,VC,Piemonte,002128
H726,Salussola,BI,Piemonte,096058
H727,Saluzzo,CN,Piemonte,004203
H729,Salve,LE,Puglia,075066
H731,Salvirola,CR,Lombardia,019087
H732,Salvitelle,SA,Campania,065117
H733,Salza Irpina,AV,Campania,064081
H734,Salza di Pinerolo,TO,Piemonte,001234
H735,Salzano,VE,Veneto,027032
H717,Salò,BS,Lombardia,017170
H736,Samarate,VA,Lombardia,012118
H738,Samassi,VS,Sardegna,117013
H739,Samatzai,CA,Sardegna,118041
H744,Sambuca Pistoiese,PT,Toscana,047018
H743,Sambuca di Sicilia,AG,Sicilia,084034
H745,Sambuci,RM,Lazio,058094
H746,Sambuco,CN,Piemonte,004204
H749,Sammichele di Bari,BA,Puglia,072039
H013,Samo,RC,Calabria,080070
H752,Samolaco,SO,Lombardia,014057
H753,Samone,TO,Piemonte,001235
H754,Samone,TN,Trentino-Alto Adige/Südtirol,022165
H755,Sampeyre,CN,Piemonte,004205
H756,Samugheo,OR,Sardegna,115053
H760,San Bartolomeo Val Cavargna,CO,Lombardia,013204
H763,San Bartolomeo al Mare,IM,Liguria,008052
H764,San Bartolomeo in Galdo,BN,Campania,062057
H765,San Basile,CS,Calabria,078111
H766,San Basilio,CA,Sardegna,118042
H767,San Bassano,CR,Lombardia,019088
H768,San Bellino,RO,Veneto,029043
H770,San Benedetto Belbo,CN,Piemonte,004206
H771,San Benedetto Po,MN,Lombardia,020055
H774,San Benedetto Ullano,CS,Calabria,078112
G566,San Benedetto Val di Sambro,BO,Emilia-Romagna,037051
H772,San Benedetto dei Marsi,AQ,Abruzzo,066085
H769,San Benedetto del Tronto,AP,Marche,044066
H773,San Benedetto in Perillis,AQ,Abruzzo,066086
H775,San Benigno Canavese,TO,Piemonte,001236
H777,San Bernardino Verbano,VB,Piemonte,103061
H778,San Biagio Platani,AG,Sicilia,084035
H779,San Biagio Saracinisco,FR,Lazio,060061
H780,San Biagio della Cima,IM,Liguria,008053
H781,San Biagio di Callalta,TV,Veneto,026071
H782,San Biase,CB,Molise,070063
H783,San Bonifacio,VR,Veneto,023069
H784,San Buono,CH,Abruzzo,069079
H785,San Calogero,VV,Calabria,102032
H786,San Candido,BZ,Trentino-Alto Adige/Südtirol,021077
H787,San Canzian d'Isonzo,GO,Friuli-Venezia Giulia,031018
H789,San Carlo Canavese,TO,Piemonte,001237
H790,San Casciano dei Bagni,SI,Toscana,052027
H791,San Casciano in Val di Pesa,FI,Toscana,048038
M264,San Cassiano,LE,Puglia,075095
H792,San Cataldo,CL,Sicilia,085016
M295,San Cesareo,RM,Lazio,058119
H793,San Cesario di Lecce,LE,Puglia,075068
H794,San Cesario sul Panaro,MO,Emilia-Romagna,036036
H795,San Chirico Nuovo,PZ,Basilicata,076073
H796,San Chirico Raparo,PZ,Basilicata,076074
H797,San Cipirello,PA,Sicilia,082063
H800,San Cipriano Picentino,SA,Campania,065118
H799,San Cipriano Po,PV,Lombardia,018133
H798,San Cipriano d'Aversa,CE,Campania,061074
H801,San Clemente,RN,Emilia-Romagna,099016
H804,San Colombano Belmonte,TO,Piemonte,001238
H802,San Colombano Certenoli,GE,Liguria,010053
H803,San Colombano al Lambro,MI,Lombardia,015191
H805,San Cono,CT,Sicilia,087040
H806,San Cosmo Albanese,CS,Calabria,078113
H808,San Costantino Albanese,PZ,Basilicata,076075
H807,San Costantino Calabro,VV,Calabria,102033
H809,San Costanzo,PU,Marche,041051
H810,San Cristoforo,AL,Piemonte,006152
H812,San Damiano Macra,CN,Piemonte,004207
H814,San Damiano al Colle,PV,Lombardia,018134
H811,San Damiano d'Asti,AT,Piemonte,005097
H815,San Daniele Po,CR,Lombardia,019089
H816,San Daniele del Friuli,UD,Friuli-Venezia Giulia,030099
H818,San Demetrio Corone,CS,Calabria,078114
H819,San Demetrio ne' Vestini,AQ,Abruzzo,066087
H820,San Didero,TO,Piemonte,001239
H822,San Donaci,BR,Puglia,074013
H827,San Donato Milanese,MI,Lombardia,015192
H824,San Donato Val di Comino,FR,Lazio,060062
H826,San Donato di Lecce,LE,Puglia,075069
H825,San Donato di Ninea,CS,Calabria,078115
H823,San Donà di Piave,VE,Veneto,027033
D324,San Dorligo della Valle,TS,Friuli-Venezia Giulia,032004
H831,San Fele,PZ,Basilicata,076076
H836,San Felice Circeo,LT,Lazio,059025
H834,San Felice a Cancello,CE,Campania,061075
H838,San Felice del Benaco,BS,Lombardia,017171
H833,San Felice del Molise,CB,Molise,070064
H835,San Felice sul Panaro,MO,Emilia-Romagna,036037
M277,San Ferdinando,RC,Calabria,080097
H839,San Ferdinando di Puglia,BT,Puglia,110007
H840,San Fermo della Battaglia,CO,Lombardia,013206
H841,San Fili,CS,Calabria,078116
H842,San Filippo del Mela,ME,Sicilia,083077
H843,San Fior,TV,Veneto,026072
H844,San Fiorano,LO,Lombardia,098047
H845,San Floriano del Collio,GO,Friuli-Venezia Giulia,031019
H846,San Floro,CZ,Calabria,079108
H847,San Francesco al Campo,TO,Piemonte,001240
H850,San Fratello,ME,Sicilia,083078
H856,San Gavino Monreale,VS,Sardegna,117014
H857,San Gemini,TR,Umbria,055029
H858,San Genesio Atesino,BZ,Trentino-Alto Adige/Südtirol,021079
H859,San Genesio ed Uniti,PV,Lombardia,018135
H860,San Gennaro Vesuviano,,Campania,063066
H862,San Germano Chisone,TO,Piemonte,001242
H861,San Germano Vercellese,VC,Piemonte,002131
H865,San Gervasio Bresciano,BS,Lombardia,017172
H868,San Giacomo Filippo,SO,Lombardia,014058
B952,San Giacomo Vercellese,VC,Piemonte,002035
H867,San Giacomo degli Schiavoni,CB,Molise,070065
H870,San Giacomo delle Segnate,MN,Lombardia,020056
H873,San Gillio,TO,Piemonte,001243
H875,San Gimignano,SI,Toscana,052028
H876,San Ginesio,MC,Marche,043046
H881,San Giorgio Albanese,CS,Calabria,078118
H883,San Giorgio Bigarello,MN,Lombardia,020057
H890,San Giorgio Canavese,TO,Piemonte,001244
H882,San Giorgio Ionico,TA,Puglia,073024
H898,San Giorgio La Molara,BN,Campania,062059
H888,San Giorgio Lucano,MT,Basilicata,077025
H878,San Giorgio Monferrato,AL,Piemonte,006153
H889,San Giorgio Morgeto,RC,Calabria,080071
H887,San Giorgio Piacentino,PC,Emilia-Romagna,033040
H899,San Giorgio Scarampi,AT,Piemonte,005098
H892,San Giorgio a Cremano,,Campania,063067
H880,San Giorgio a Liri,FR,Lazio,060063
H894,San Giorgio del Sannio,BN,Campania,062058
H891,San Giorgio della Richinvelda,PN,Friuli-Venezia Giulia,093038
H893,San Giorgio delle Pertiche,PD,Veneto,028075
H885,San Giorgio di Lomellina,PV,Lombardia,018136
H895,San Giorgio di Nogaro,UD,Friuli-Venezia Giulia,030100
H896,San Giorgio di Piano,BO,Emilia-Romagna,037052
H897,San Giorgio in Bosco,PD,Veneto,028076
H884,San Giorgio su Legnano,MI,Lombardia,015194
H900,San Giorio di Susa,TO,Piemonte,001245
H910,San Giovanni Bianco,BG,Lombardia,016188
H914,San Giovanni Gemini,AG,Sicilia,084036
H916,San Giovanni Ilarione,VR,Veneto,023070
H917,San Giovanni Incarico,FR,Lazio,060064
H923,San Giovanni Lipioni,CH,Abruzzo,069080
H924,San Giovanni Lupatoto,VR,Veneto,023071
H926,San Giovanni Rotondo,FG,Puglia,071046
G287,San Giovanni Suergiu,CI,Sardegna,119017
D690,San Giovanni Teatino,CH,Abruzzo,069081
H901,San Giovanni Valdarno,AR,Toscana,051033
H907,San Giovanni a Piro,SA,Campania,065119
H906,San Giovanni al Natisone,UD,Friuli-Venezia Giulia,030101
H912,San Giovanni del Dosso,MN,Lombardia,020058
M390,San Giovanni di Fassa,TN,Trentino-Alto Adige/Südtirol,022250
H903,San Giovanni di Gerace,RC,Calabria,080072
H918,San Giovanni in Croce,CR,Lombardia,019090
H919,San Giovanni in Fiore,CS,Calabria,078119
H920,San Giovanni in Galdo,CB,Molise,070066
H921,San Giovanni in Marignano,RN,Emilia-Romagna,099017
G467,San Giovanni in Persiceto,BO,Emilia-Romagna,037053
H922,San Giovanni la Punta,CT,Sicilia,087041
H930,San Giuliano Milanese,MI,Lombardia,015195
A562,San Giuliano Terme,PI,Toscana,050031
H928,San Giuliano del Sannio,CB,Molise,070067
H929,San Giuliano di Puglia,CB,Molise,070068
H933,San Giuseppe Jato,PA,Sicilia,082064
H931,San Giuseppe Vesuviano,,Campania,063068
H935,San Giustino,PG,Umbria,054044
H936,San Giusto Canavese,TO,Piemonte,001246
H937,San Godenzo,FI,Toscana,048039
H943,San Gregorio Magno,SA,Campania,065120
H939,San Gregorio Matese,CE,Campania,061076
H941,San Gregorio d'Ippona,VV,Calabria,102034
H942,San Gregorio da Sassola,RM,Lazio,058095
H940,San Gregorio di Catania,CT,Sicilia,087042
H938,San Gregorio nelle Alpi,BL,Veneto,025045
H945,San Lazzaro di Savena,BO,Emilia-Romagna,037054
H949,San Leo,RN,Emilia-Romagna,099025
H951,San Leonardo,UD,Friuli-Venezia Giulia,030102
H952,San Leonardo in Passiria,BZ,Trentino-Alto Adige/Südtirol,021080
H953,San Leucio del Sannio,BN,Campania,062060
H955,San Lorenzello,BN,Campania,062061
H959,San Lorenzo,RC,Calabria,080073
H961,San Lorenzo Bellizzi,CS,Calabria,078120
M345,San Lorenzo Dorsino,TN,Trentino-Alto Adige/Südtirol,022231
H964,San Lorenzo Isontino,GO,Friuli-Venezia Giulia,031020
H967,San Lorenzo Maggiore,BN,Campania,062062
H969,San Lorenzo Nuovo,VT,Lazio,056047
H957,San Lorenzo al Mare,IM,Liguria,008054
H962,San Lorenzo del Vallo,CS,Calabria,078121
H956,San Lorenzo di Sebato,BZ,Trentino-Alto Adige/Südtirol,021081
H958,San Lorenzo in Campo,PU,Marche,041054
H970,San Luca,RC,Calabria,080074
H971,San Lucido,CS,Calabria,078122
H973,San Lupo,BN,Campania,062063
H977,San Mango Piemonte,SA,Campania,065121
H976,San Mango d'Aquino,CZ,Calabria,079110
H975,San Mango sul Calore,AV,Campania,064082
H978,San Marcellino,CE,Campania,061077
H979,San Marcello,AN,Marche,042041
M377,San Marcello Piteglio,PT,Toscana,047024
H981,San Marco Argentano,CS,Calabria,078123
F043,San Marco Evangelista,CE,Campania,061104
H982,San Marco d'Alunzio,ME,Sicilia,083079
H984,San Marco dei Cavoti,BN,Campania,062064
H985,San Marco in Lamis,FG,Puglia,071047
H986,San Marco la Catola,FG,Puglia,071048
H987,San Martino Alfieri,AT,Piemonte,005099
I003,San Martino Buon Albergo,VR,Veneto,023073
H997,San Martino Canavese,TO,Piemonte,001247
I002,San Martino Sannita,BN,Campania,062065
I014,San Martino Siccomario,PV,Lombardia,018137
I016,San Martino Valle Caudina,AV,Campania,064083
H999,San Martino al Tagliamento,PN,Friuli-Venezia Giulia,093039
H994,San Martino d'Agri,PZ,Basilicata,076077
I005,San Martino dall'Argine,MN,Lombardia,020059
I007,San Martino del Lago,CR,Lombardia,019091
H992,San Martino di Finita,CS,Calabria,078124
I008,San Martino di Lupari,PD,Veneto,028077
H996,San Martino di Venezze,RO,Veneto,029044
H988,San Martino in Badia,BZ,Trentino-Alto Adige/Südtirol,021082
H989,San Martino in Passiria,BZ,Trentino-Alto Adige/Südtirol,021083
H990,San Martino in Pensilis,CB,Molise,070069
I011,San Martino in Rio,RE,Emilia-Romagna,035037
I012,San Martino in Strada,LO,Lombardia,098048
H991,San Martino sulla Marrucina,CH,Abruzzo,069082
I017,San Marzano Oliveto,AT,Piemonte,005100
I018,San Marzano di San Giuseppe,TA,Puglia,073025
I019,San Marzano sul Sarno,SA,Campania,065122
I023,San Massimo,CB,Molise,070070
I024,San Maurizio Canavese,TO,Piemonte,001248
I025,San Maurizio d'Opaglio,NO,Piemonte,003133
I028,San Mauro Castelverde,PA,Sicilia,082065
I031,San Mauro Cilento,SA,Campania,065123
I029,San Mauro Forte,MT,Basilicata,077026
I026,San Mauro Marchesato,KR,Calabria,101020
I027,San Mauro Pascoli,FC,Emilia-Romagna,040041
I030,San Mauro Torinese,TO,Piemonte,001249
H712,San Mauro di Saline,VR,Veneto,023074
I032,San Mauro la Bruca,SA,Campania,065124
I037,San Michele Mondovì,CN,Piemonte,004210
I045,San Michele Salentino,BR,Puglia,074014
I040,San Michele al Tagliamento,VE,Veneto,027034
I042,San Michele all'Adige,TN,Trentino-Alto Adige/Südtirol,022167
I035,San Michele di Ganzaria,CT,Sicilia,087043
I034,San Michele di Serino,AV,Campania,064084
I046,San Miniato,PI,Toscana,050032
I049,San Nazzaro,BN,Campania,062066
I052,San Nazzaro Sesia,NO,Piemonte,003134
I051,San Nazzaro Val Cavargna,CO,Lombardia,013207
I054,San Nicandro Garganico,FG,Puglia,071049
I060,San Nicola Arcella,CS,Calabria,078125
I061,San Nicola Baronia,AV,Campania,064085
I062,San Nicola Manfredi,BN,Campania,062067
I058,San Nicola da Crissa,VV,Calabria,102035
I057,San Nicola dell'Alto,KR,Calabria,101021
I056,San Nicola la Strada,CE,Campania,061078
G383,San Nicolò Gerrei,CA,Sardegna,118043
A368,San Nicolò d'Arcidano,OR,Sardegna,115054
I063,San Nicolò di Comelico,BL,Veneto,025046
I065,San Pancrazio,BZ,Trentino-Alto Adige/Südtirol,021084
I066,San Pancrazio Salentino,BR,Puglia,074015
G407,San Paolo,BS,Lombardia,017138
B906,San Paolo Albanese,PZ,Basilicata,076020
I073,San Paolo Bel Sito,,Campania,063069
I076,San Paolo Solbrito,AT,Piemonte,005101
B310,San Paolo d'Argon,BG,Lombardia,016189
I072,San Paolo di Civitate,FG,Puglia,071050
I071,San Paolo di Jesi,AN,Marche,042042
I079,San Pellegrino Terme,BG,Lombardia,016190
I084,San Pier Niceto,ME,Sicilia,083080
I082,San Pier d'Isonzo,GO,Friuli-Venezia Giulia,031021
I086,San Piero Patti,ME,Sicilia,083081
I095,San Pietro Apostolo,CZ,Calabria,079115
I096,San Pietro Avellana,IS,Molise,094043
I098,San Pietro Clarenza,CT,Sicilia,087044
I113,San Pietro Infine,CE,Campania,061079
I116,San Pietro Mosezzo,NO,Piemonte,003135
I117,San Pietro Mussolino,VI,Veneto,024094
I090,San Pietro Val Lemina,TO,Piemonte,001250
I119,San Pietro Vernotico,BR,Puglia,074016
I120,San Pietro Viminario,PD,Veneto,028079
I093,San Pietro a Maida,CZ,Calabria,079114
I092,San Pietro al Natisone,UD,Friuli-Venezia Giulia,030103
I089,San Pietro al Tanagro,SA,Campania,065125
I088,San Pietro di Cadore,BL,Veneto,025047
I102,San Pietro di Caridà,RC,Calabria,080075
I103,San Pietro di Feletto,TV,Veneto,026073
I105,San Pietro di Morubio,VR,Veneto,023075
I108,San Pietro in Amantea,CS,Calabria,078126
I109,San Pietro in Cariano,VR,Veneto,023076
I110,San Pietro in Casale,BO,Emilia-Romagna,037055
G788,San Pietro in Cerro,PC,Emilia-Romagna,033041
I107,San Pietro in Gu,PD,Veneto,028078
I114,San Pietro in Guarano,CS,Calabria,078127
I115,San Pietro in Lama,LE,Puglia,075071
I121,San Pio delle Camere,AQ,Abruzzo,066088
I122,San Polo Matese,CB,Molise,070071
I123,San Polo d'Enza,RE,Emilia-Romagna,035038
I125,San Polo dei Cavalieri,RM,Lazio,058096
I124,San Polo di Piave,TV,Veneto,026074
I126,San Ponso,TO,Piemonte,001251
I128,San Possidonio,MO,Emilia-Romagna,036038
I130,San Potito Sannitico,CE,Campania,061080
I129,San Potito Ultra,AV,Campania,064086
I131,San Prisco,CE,Campania,061081
I132,San Procopio,RC,Calabria,080076
I133,San Prospero,MO,Emilia-Romagna,036039
I135,San Quirico d'Orcia,SI,Toscana,052030
I136,San Quirino,PN,Friuli-Venezia Giulia,093040
I137,San Raffaele Cimena,TO,Piemonte,001252
I139,San Roberto,RC,Calabria,080077
I140,San Rocco al Porto,LO,Lombardia,098049
I142,San Romano in Garfagnana,LU,Toscana,046027
I143,San Rufo,SA,Campania,065126
I144,San Salvatore Monferrato,AL,Piemonte,006154
I145,San Salvatore Telesino,BN,Campania,062068
I147,San Salvatore di Fitalia,ME,Sicilia,083082
I148,San Salvo,CH,Abruzzo,069083
I150,San Sebastiano Curone,AL,Piemonte,006155
I151,San Sebastiano al Vesuvio,,Campania,063070
I152,San Sebastiano da Po,TO,Piemonte,001253
I153,San Secondo Parmense,PR,Emilia-Romagna,034033
I154,San Secondo di Pinerolo,TO,Piemonte,001254
I157,San Severino Lucano,PZ,Basilicata,076078
I156,San Severino Marche,MC,Marche,043047
I158,San Severo,FG,Puglia,071051
I162,San Siro,CO,Lombardia,013248
I163,San Sossio Baronia,AV,Campania,064087
I164,San Sostene,CZ,Calabria,079116
I165,San Sosti,CS,Calabria,078128
I166,San Sperate,CA,Sardegna,118044
I373,San Stino di Livenza,VE,Veneto,027036
I261,San Tammaro,CE,Campania,061085
I329,San Teodoro,OT,Sardegna,113021
I328,San Teodoro,ME,Sicilia,083090
I347,San Tomaso Agordino,BL,Veneto,025049
I377,San Valentino Torio,SA,Campania,065132
I376,San Valentino in Abruzzo Citeriore,PE,Abruzzo,068038
I381,San Venanzo,TR,Umbria,055030
I382,San Vendemiano,TV,Veneto,026076
I384,San Vero Milis,OR,Sardegna,115055
I390,San Vincenzo,LI,Toscana,049018
I388,San Vincenzo La Costa,CS,Calabria,078135
I389,San Vincenzo Valle Roveto,AQ,Abruzzo,066092
I391,San Vitaliano,,Campania,063075
I402,San Vito,CA,Sardegna,118045
I394,San Vito Chietino,CH,Abruzzo,069086
I407,San Vito Lo Capo,TP,Sicilia,081020
I400,San Vito Romano,RM,Lazio,058100
I403,San Vito al Tagliamento,PN,Friuli-Venezia Giulia,093041
I404,San Vito al Torre,UD,Friuli-Venezia Giulia,030105
I396,San Vito dei Normanni,BR,Puglia,074017
I392,San Vito di Cadore,BL,Veneto,025051
I405,San Vito di Fagagna,UD,Friuli-Venezia Giulia,030106
I401,San Vito di Leguzzano,VI,Veneto,024096
I393,San Vito sullo Ionio,CZ,Calabria,079122
I409,San Vittore Olona,MI,Lombardia,015201
I408,San Vittore del Lazio,FR,Lazio,060070
I412,San Zeno Naviglio,BS,Lombardia,017173
I414,San Zeno di Montagna,VR,Veneto,023079
I415,San Zenone al Lambro,MI,Lombardia,015202
I416,San Zenone al Po,PV,Lombardia,018145
I417,San Zenone degli Ezzelini,TV,Veneto,026077
H757,Sanarica,LE,Puglia,075067
H821,Sandigliano,BI,Piemonte,096059
H829,Sandrigo,VI,Veneto,024091
H852,Sanfront,CN,Piemonte,004209
H851,Sanfrè,CN,Piemonte,004208
H855,Sangano,TO,Piemonte,001241
H872,Sangiano,VA,Lombardia,012141
H877,Sangineto,CS,Calabria,078117
H944,Sanguinetto,VR,Veneto,023072
H974,Sanluri,VS,Sardegna,117015
I048,Sannazzaro de' Burgondi,PV,Lombardia,018138
I053,Sannicandro di Bari,BA,Puglia,072040
I059,Sannicola,LE,Puglia,075070
I138,Sanremo,IM,Liguria,008055
I155,Sansepolcro,AR,Toscana,051034
I189,Sant'Agapito,IS,Molise,094044
I191,Sant'Agata Bolognese,BO,Emilia-Romagna,037056
I201,Sant'Agata Feltria,RN,Emilia-Romagna,099026
I190,Sant'Agata Fossili,AL,Piemonte,006156
I197,Sant'Agata de' Goti,BN,Campania,062070
I198,Sant'Agata del Bianco,RC,Calabria,080079
I192,Sant'Agata di Esaro,CS,Calabria,078131
I199,Sant'Agata di Militello,ME,Sicilia,083084
I193,Sant'Agata di Puglia,FG,Puglia,071052
I202,Sant'Agata li Battiati,CT,Sicilia,087045
I196,Sant'Agata sul Santerno,RA,Emilia-Romagna,039017
I208,Sant'Agnello,,Campania,063071
I210,Sant'Albano Stura,CN,Piemonte,004211
I215,Sant'Alessio Siculo,ME,Sicilia,083085
I213,Sant'Alessio con Vialone,PV,Lombardia,018141
I214,Sant'Alessio in Aspromonte,RC,Calabria,080080
I216,Sant'Alfio,CT,Sicilia,087046
I258,Sant'Ambrogio di Torino,TO,Piemonte,001255
I259,Sant'Ambrogio di Valpolicella,VR,Veneto,023077
I256,Sant'Ambrogio sul Garigliano,FR,Lazio,060065
I262,Sant'Anastasia,,Campania,063072
I263,Sant'Anatolia di Narco,PG,Umbria,054045
I266,Sant'Andrea Apostolo dello Ionio,CZ,Calabria,079118
I271,Sant'Andrea Frius,CA,Sardegna,118046
I265,Sant'Andrea del Garigliano,FR,Lazio,060066
I264,Sant'Andrea di Conza,AV,Campania,064089
I288,Sant'Angelo Le Fratte,PZ,Basilicata,076079
I289,Sant'Angelo Limosano,CB,Molise,070073
I274,Sant'Angelo Lodigiano,LO,Lombardia,098050
I276,Sant'Angelo Lomellina,PV,Lombardia,018144
I290,Sant'Angelo Muxaro,AG,Sicilia,084039
I284,Sant'Angelo Romano,RM,Lazio,058098
I277,Sant'Angelo a Cupolo,BN,Campania,062071
I278,Sant'Angelo a Fasanella,SA,Campania,065128
I280,Sant'Angelo a Scala,AV,Campania,064091
I279,Sant'Angelo all'Esca,AV,Campania,064090
I273,Sant'Angelo d'Alife,CE,Campania,061086
I281,Sant'Angelo dei Lombardi,AV,Campania,064092
I282,Sant'Angelo del Pesco,IS,Molise,094046
I283,Sant'Angelo di Brolo,ME,Sicilia,083088
I275,Sant'Angelo di Piove di Sacco,PD,Veneto,028082
I286,Sant'Angelo in Pontano,MC,Marche,043048
I287,Sant'Angelo in Vado,PU,Marche,041057
M209,Sant'Anna Arresi,CI,Sardegna,119019
I292,Sant'Anna d'Alfaedo,VR,Veneto,023078
I293,Sant'Antimo,,Campania,063073
I294,Sant'Antioco,CI,Sardegna,119020
I296,Sant'Antonino di Susa,TO,Piemonte,001256
I300,Sant'Antonio Abate,,Campania,063074
M276,Sant'Antonio di Gallura,OT,Sardegna,113023
I302,Sant'Apollinare,FR,Lazio,060067
I305,Sant'Arcangelo,PZ,Basilicata,076080
F557,Sant'Arcangelo Trimonte,BN,Campania,062078
I306,Sant'Arpino,CE,Campania,061087
I307,Sant'Arsenio,SA,Campania,065129
I318,Sant'Egidio alla Vibrata,TE,Abruzzo,067038
I317,Sant'Egidio del Monte Albino,SA,Campania,065130
I319,Sant'Elena,PD,Veneto,028083
B466,Sant'Elena Sannita,IS,Molise,094047
I321,Sant'Elia Fiumerapido,FR,Lazio,060068
I320,Sant'Elia a Pianisi,CB,Molise,070074
I324,Sant'Elpidio a Mare,FM,Marche,109037
I332,Sant'Eufemia a Maiella,PE,Abruzzo,068037
I333,Sant'Eufemia d'Aspromonte,RC,Calabria,080081
I336,Sant'Eusanio Forconese,AQ,Abruzzo,066090
I335,Sant'Eusanio del Sangro,CH,Abruzzo,069085
I342,Sant'Ilario d'Enza,RE,Emilia-Romagna,035039
I341,Sant'Ilario dello Ionio,RC,Calabria,080082
I344,Sant'Ippolito,PU,Marche,041058
I346,Sant'Olcese,GE,Liguria,010055
I348,Sant'Omero,TE,Abruzzo,067039
M333,Sant'Omobono Terme,BG,Lombardia,016252
I350,Sant'Onofrio,VV,Calabria,102036
I352,Sant'Oreste,RM,Lazio,058099
I354,Sant'Orsola Terme,TN,Trentino-Alto Adige/Südtirol,022168
I375,Sant'Urbano,PD,Veneto,028084
I168,Santa Brigida,BG,Lombardia,016191
I171,Santa Caterina Albanese,CS,Calabria,078129
I169,Santa Caterina Villarmosa,CL,Sicilia,085017
M438,Santa Caterina d'Este,PD,Veneto,028108
I170,Santa Caterina dello Ionio,CZ,Calabria,079117
I172,Santa Cesarea Terme,LE,Puglia,075072
I174,Santa Cristina Gela,PA,Sicilia,082066
I173,Santa Cristina Valgardena,BZ,Trentino-Alto Adige/Südtirol,021085
I176,Santa Cristina d'Aspromonte,RC,Calabria,080078
I175,Santa Cristina e Bissone,PV,Lombardia,018139
I178,Santa Croce Camerina,RG,Sicilia,088010
I179,Santa Croce del Sannio,BN,Campania,062069
I181,Santa Croce di Magliano,CB,Molise,070072
I177,Santa Croce sull'Arno,PI,Toscana,050033
I183,Santa Domenica Talao,CS,Calabria,078130
I184,Santa Domenica Vittoria,ME,Sicilia,083083
I185,Santa Elisabetta,AG,Sicilia,084037
I187,Santa Fiora,GR,Toscana,053022
I188,Santa Flavia,PA,Sicilia,082067
I203,Santa Giuletta,PV,Lombardia,018140
I205,Santa Giusta,OR,Sardegna,115056
I206,Santa Giustina,BL,Veneto,025048
I207,Santa Giustina in Colle,PD,Veneto,028080
I217,Santa Luce,PI,Toscana,050034
I220,Santa Lucia del Mela,ME,Sicilia,083086
I221,Santa Lucia di Piave,TV,Veneto,026075
I219,Santa Lucia di Serino,AV,Campania,064088
I225,Santa Margherita Ligure,GE,Liguria,010054
I224,Santa Margherita di Belice,AG,Sicilia,084038
I230,Santa Margherita di Staffora,PV,Lombardia,018142
I234,Santa Maria Capua Vetere,CE,Campania,061083
M284,Santa Maria Coghinas,SS,Sardegna,112049
I243,Santa Maria Hoè,LC,Lombardia,097074
I244,Santa Maria Imbaro,CH,Abruzzo,069084
I249,Santa Maria Maggiore,VB,Piemonte,103062
I251,Santa Maria Nuova,AN,Marche,042043
I232,Santa Maria a Monte,PI,Toscana,050035
I233,Santa Maria a Vico,CE,Campania,061082
C717,Santa Maria del Cedro,CS,Calabria,078132
I238,Santa Maria del Molise,IS,Molise,094045
I237,Santa Maria della Versa,PV,Lombardia,018143
I240,Santa Maria di Licodia,CT,Sicilia,087047
I242,Santa Maria di Sala,VE,Veneto,027035
M273,Santa Maria la Carità,,Campania,063090
I247,Santa Maria la Fossa,CE,Campania,061084
I248,Santa Maria la Longa,UD,Friuli-Venezia Giulia,030104
I253,Santa Marina,SA,Campania,065127
I254,Santa Marina Salina,ME,Sicilia,083087
I255,Santa Marinella,RM,Lazio,058097
I291,Santa Ninfa,TP,Sicilia,081019
I301,Santa Paolina,AV,Campania,064093
I308,Santa Severina,KR,Calabria,101022
I310,Santa Sofia,FC,Emilia-Romagna,040043
I309,Santa Sofia d'Epiro,CS,Calabria,078133
I312,Santa Teresa Gallura,OT,Sardegna,113022
I311,Santa Teresa di Riva,ME,Sicilia,083089
I314,Santa Venerina,CT,Sicilia,087048
I316,Santa Vittoria d'Alba,CN,Piemonte,004212
I315,Santa Vittoria in Matenano,FM,Marche,109036
I182,Santadi,CI,Sardegna,119018
I304,Santarcangelo di Romagna,RN,Emilia-Romagna,099018
I326,Sante Marie,AQ,Abruzzo,066089
I327,Santena,TO,Piemonte,001257
I330,Santeramo in Colle,BA,Puglia,072041
I337,Santhià,VC,Piemonte,002133
I339,Santi Cosma e Damiano,LT,Lazio,059026
I367,Santo Stefano Belbo,CN,Piemonte,004213
I362,Santo Stefano Lodigiano,LO,Lombardia,098051
I356,Santo Stefano Quisquina,AG,Sicilia,084040
I372,Santo Stefano Roero,CN,Piemonte,004214
I361,Santo Stefano Ticino,MI,Lombardia,015200
I365,Santo Stefano al Mare,IM,Liguria,008056
I368,Santo Stefano d'Aveto,GE,Liguria,010056
I357,Santo Stefano del Sole,AV,Campania,064095
C919,Santo Stefano di Cadore,BL,Veneto,025050
I370,Santo Stefano di Camastra,ME,Sicilia,083091
I363,Santo Stefano di Magra,SP,Liguria,011026
I359,Santo Stefano di Rogliano,CS,Calabria,078134
I360,Santo Stefano di Sessanio,AQ,Abruzzo,066091
I371,Santo Stefano in Aspromonte,RC,Calabria,080083
I260,Santomenna,SA,Campania,065131
I351,Santopadre,FR,Lazio,060069
I353,Santorso,VI,Veneto,024095
I374,Santu Lussurgiu,OR,Sardegna,115057
I410,Sanza,SA,Campania,065133
I411,Sanzeno,TN,Trentino-Alto Adige/Südtirol,022169
I418,Saonara,PD,Veneto,028085
I420,Saponara,ME,Sicilia,083092
I421,Sappada,UD,Friuli-Venezia Giulia,030189
I422,Sapri,SA,Campania,065134
I423,Saracena,CS,Calabria,078136
I424,Saracinesco,RM,Lazio,058101
I425,Sarcedo,VI,Veneto,024097
I426,Sarconi,PZ,Basilicata,076081
I428,Sardara,VS,Sardegna,117016
I429,Sardigliano,AL,Piemonte,006157
I430,Sarego,VI,Veneto,024098
I431,Sarentino,BZ,Trentino-Alto Adige/Südtirol,021086
I432,Sarezzano,AL,Piemonte,006158
I433,Sarezzo,BS,Lombardia,017174
I434,Sarmato,PC,Emilia-Romagna,033042
I435,Sarmede,TV,Veneto,026078
I436,Sarnano,MC,Marche,043049
I437,Sarnico,BG,Lombardia,016193
I438,Sarno,SA,Campania,065135
I439,Sarnonico,TN,Trentino-Alto Adige/Südtirol,022170
I441,Saronno,VA,Lombardia,012119
I442,Sarre,AO,Valle d'Aosta/Vallée d'Aoste,007066
I443,Sarroch,CA,Sardegna,118047
I444,Sarsina,FC,Emilia-Romagna,040044
I445,Sarteano,SI,Toscana,052031
I447,Sartirana Lomellina,PV,Lombardia,018146
I448,Sarule,NU,Sardegna,114044
I449,Sarzana,SP,Liguria,011027
I451,Sassano,SA,Campania,065136
I452,Sassari,SS,Sardegna,112050
I453,Sassello,SV,Liguria,009055
I454,Sassetta,LI,Toscana,049019
I455,Sassinoro,BN,Campania,062072
G972,Sasso Marconi,BO,Emilia-Romagna,037057
I457,Sasso di Castalda,PZ,Basilicata,076082
M413,Sassocorvaro Auditore,PU,Marche,041071
I460,Sassofeltrio,RN,Emilia-Romagna,099031
I461,Sassoferrato,AN,Marche,042044
I462,Sassuolo,MO,Emilia-Romagna,036040
I463,Satriano,CZ,Calabria,079123
G614,Satriano di Lucania,PZ,Basilicata,076083
I464,Sauris,UD,Friuli-Venezia Giulia,030107
I466,Sauze d'Oulx,TO,Piemonte,001259
I465,Sauze di Cesana,TO,Piemonte,001258
I467,Sava,TA,Puglia,073026
I468,Savelli,KR,Calabria,101023
I469,Saviano,,Campania,063076
I470,Savigliano,CN,Piemonte,004215
I471,Savignano Irpino,AV,Campania,064096
I473,Savignano sul Panaro,MO,Emilia-Romagna,036041
I472,Savignano sul Rubicone,FC,Emilia-Romagna,040045
I475,Savignone,GE,Liguria,010057
I476,Saviore dell'Adamello,BS,Lombardia,017175
I477,Savoca,ME,Sicilia,083093
I478,Savogna,UD,Friuli-Venezia Giulia,030108
I479,Savogna d'Isonzo,GO,Friuli-Venezia Giulia,031022
H730,Savoia di Lucania,PZ,Basilicata,076084
I480,Savona,SV,Liguria,009056
I482,Scafa,PE,Abruzzo,068039
I483,Scafati,SA,Campania,065137
I484,Scagnello,CN,Piemonte,004216
I486,Scala,SA,Campania,065138
I485,Scala Coeli,CS,Calabria,078137
I487,Scaldasole,PV,Lombardia,018147
I489,Scalea,CS,Calabria,078138
I490,Scalenghe,TO,Piemonte,001260
I492,Scaletta Zanclea,ME,Sicilia,083094
I493,Scampitella,AV,Campania,064097
I494,Scandale,KR,Calabria,101024
I496,Scandiano,RE,Emilia-Romagna,035040
B962,Scandicci,FI,Toscana,048041
I497,Scandolara Ravara,CR,Lombardia,019092
I498,Scandolara Ripa d'Oglio,CR,Lombardia,019093
I499,Scandriglia,RI,Lazio,057064
I501,Scanno,AQ,Abruzzo,066093
I503,Scano di Montiferro,OR,Sardegna,115058
I504,Scansano,GR,Toscana,053023
M256,Scanzano Jonico,MT,Basilicata,077031
I506,Scanzorosciate,BG,Lombardia,016194
I507,Scapoli,IS,Molise,094048
I510,Scarlino,GR,Toscana,053024
I511,Scarmagno,TO,Piemonte,001261
I512,Scarnafigi,CN,Piemonte,004217
M326,Scarperia e San Piero,FI,Toscana,048053
I519,Scena,BZ,Trentino-Alto Adige/Südtirol,021087
I520,Scerni,CH,Abruzzo,069087
I522,Scheggia e Pascelupo,PG,Umbria,054046
I523,Scheggino,PG,Umbria,054047
I526,Schiavi di Abruzzo,CH,Abruzzo,069088
I527,Schiavon,VI,Veneto,024099
I529,Schignano,CO,Lombardia,013211
I530,Schilpario,BG,Lombardia,016195
I531,Schio,VI,Veneto,024100
I532,Schivenoglia,MN,Lombardia,020060
I533,Sciacca,AG,Sicilia,084041
I534,Sciara,PA,Sicilia,082068
I535,Scicli,RG,Sicilia,088011
I536,Scido,RC,Calabria,080084
D290,Scigliano,CS,Calabria,078139
I537,Scilla,RC,Calabria,080085
I538,Scillato,PA,Sicilia,082081
I539,Sciolze,TO,Piemonte,001262
I540,Scisciano,,Campania,063077
I541,Sclafani Bagni,PA,Sicilia,082069
I543,Scontrone,AQ,Abruzzo,066094
I544,Scopa,VC,Piemonte,002134
I545,Scopello,VC,Piemonte,002135
I546,Scoppito,AQ,Abruzzo,066095
I548,Scordia,CT,Sicilia,087049
I549,Scorrano,LE,Puglia,075073
I551,Scorzè,VE,Veneto,027037
I553,Scurcola Marsicana,AQ,Abruzzo,066096
I554,Scurelle,TN,Trentino-Alto Adige/Südtirol,022171
I555,Scurzolengo,AT,Piemonte,005103
I556,Seborga,IM,Liguria,008057
I558,Secinaro,AQ,Abruzzo,066097
I559,Seclì,LE,Puglia,075074
I561,Secugnago,LO,Lombardia,098052
I562,Sedegliano,UD,Friuli-Venezia Giulia,030109
I563,Sedico,BL,Veneto,025053
I564,Sedilo,OR,Sardegna,115059
I565,Sedini,SS,Sardegna,112051
I566,Sedriano,MI,Lombardia,015204
I567,Sedrina,BG,Lombardia,016196
I569,Sefro,MC,Marche,043050
I570,Segariu,VS,Sardegna,117017
I571,Seggiano,GR,Toscana,053025
I573,Segni,RM,Lazio,058102
I576,Segonzano,TN,Trentino-Alto Adige/Südtirol,022172
I577,Segrate,MI,Lombardia,015205
I578,Segusino,TV,Veneto,026079
I580,Selargius,CA,Sardegna,118048
I581,Selci,RI,Lazio,057065
I582,Selegas,CA,Sardegna,118049
M360,Sella Giudicarie,TN,Trentino-Alto Adige/Südtirol,022246
I585,Sellano,PG,Umbria,054048
I588,Sellero,BS,Lombardia,017176
I589,Sellia,CZ,Calabria,079126
I590,Sellia Marina,CZ,Calabria,079127
I593,Selva dei Molini,BZ,Trentino-Alto Adige/Südtirol,021088
I592,Selva di Cadore,BL,Veneto,025054
I594,Selva di Progno,VR,Veneto,023080
I591,Selva di Val Gardena,BZ,Trentino-Alto Adige/Südtirol,021089
I595,Selvazzano Dentro,PD,Veneto,028086
I597,Selvino,BG,Lombardia,016197
I598,Semestene,SS,Sardegna,112052
I599,Semiana,PV,Lombardia,018148
I600,Seminara,RC,Calabria,080086
I601,Semproniano,GR,Toscana,053028
I602,Senago,MI,Lombardia,015206
I603,Senale-San Felice,BZ,Trentino-Alto Adige/Südtirol,021118
I604,Senales,BZ,Trentino-Alto Adige/Südtirol,021091
I605,Seneghe,OR,Sardegna,115060
I606,Senerchia,AV,Campania,064098
I607,Seniga,BS,Lombardia,017177
I608,Senigallia,AN,Marche,042045
I609,Senis,OR,Sardegna,115061
I610,Senise,PZ,Basilicata,076085
I611,Senna Comasco,CO,Lombardia,013212
I612,Senna Lodigiana,LO,Lombardia,098053
I613,Sennariolo,OR,Sardegna,115062
I614,Sennori,SS,Sardegna,112053
I615,Senorbì,CA,Sardegna,118050
I618,Sepino,CB,Molise,070075
I621,Sequals,PN,Friuli-Venezia Giulia,093042
I622,Seravezza,LU,Toscana,046028
I624,Serdiana,CA,Sardegna,118051
I625,Seregno,MB,Lombardia,108039
I626,Seren del Grappa,BL,Veneto,025055
I627,Sergnano,CR,Lombardia,019094
I628,Seriate,BG,Lombardia,016198
I629,Serina,BG,Lombardia,016199
I630,Serino,AV,Campania,064099
I631,Serle,BS,Lombardia,017178
I632,Sermide e Felonica,MN,Lombardia,020061
I634,Sermoneta,LT,Lazio,059027
I635,Sernaglia della Battaglia,TV,Veneto,026080
I636,Sernio,SO,Lombardia,014059
I637,Serole,AT,Piemonte,005104
I640,Serra Riccò,GE,Liguria,010058
I639,Serra San Bruno,VV,Calabria,102037
I653,Serra San Quirico,AN,Marche,042047
I654,Serra Sant'Abbondio,PU,Marche,041061
I642,Serra d'Aiello,CS,Calabria,078140
I643,Serra de' Conti,AN,Marche,042046
I641,Serracapriola,FG,Puglia,071053
I644,Serradifalco,CL,Sicilia,085018
I646,Serralunga d'Alba,CN,Piemonte,004218
I645,Serralunga di Crea,AL,Piemonte,006159
I647,Serramanna,VS,Sardegna,117018
F357,Serramazzoni,MO,Emilia-Romagna,036042
I648,Serramezzana,SA,Campania,065139
I649,Serramonacesca,PE,Abruzzo,068040
I651,Serrapetrona,MC,Marche,043051
I652,Serrara Fontana,,Campania,063078
I655,Serrastretta,CZ,Calabria,079129
I656,Serrata,RC,Calabria,080087
I659,Serravalle Langhe,CN,Piemonte,004219
I660,Serravalle Pistoiese,PT,Toscana,047020
I657,Serravalle Scrivia,AL,Piemonte,006160
I663,Serravalle Sesia,VC,Piemonte,002137
I662,Serravalle a Po,MN,Lombardia,020062
I661,Serravalle di Chienti,MC,Marche,043052
I666,Serre,SA,Campania,065140
I667,Serrenti,VS,Sardegna,117019
I668,Serri,CA,Sardegna,118052
I669,Serrone,FR,Lazio,060071
I671,Sersale,CZ,Calabria,079130
C070,Servigliano,FM,Marche,109038
I676,Sessa Aurunca,CE,Campania,061088
I677,Sessa Cilento,SA,Campania,065141
I678,Sessame,AT,Piemonte,005105
I679,Sessano del Molise,IS,Molise,094049
E070,Sesta Godano,SP,Liguria,011028
I681,Sestino,AR,Toscana,051035
I687,Sesto,BZ,Trentino-Alto Adige/Südtirol,021092
I688,Sesto Calende,VA,Lombardia,012120
I682,Sesto Campano,IS,Molise,094050
I684,Sesto Fiorentino,FI,Toscana,048043
I690,Sesto San Giovanni,MI,Lombardia,015209
I686,Sesto al Reghena,PN,Friuli-Venezia Giulia,093043
I683,Sesto ed Uniti,CR,Lombardia,019095
I689,Sestola,MO,Emilia-Romagna,036043
I693,Sestri Levante,GE,Liguria,010059
I692,Sestriere,TO,Piemonte,001263
I695,Sestu,CA,Sardegna,118053
I696,Settala,MI,Lombardia,015210
I697,Settefrati,FR,Lazio,060072
M437,Setteville,BL,Veneto,025075
I698,Settime,AT,Piemonte,005106
I700,Settimo Milanese,MI,Lombardia,015211
I701,Settimo Rottaro,TO,Piemonte,001264
I699,Settimo San Pietro,CA,Sardegna,118054
I703,Settimo Torinese,TO,Piemonte,001265
I702,Settimo Vittone,TO,Piemonte,001266
I704,Settingiano,CZ,Calabria,079131
I705,Setzu,VS,Sardegna,117020
I706,Seui,OG,Sardegna,116023
I707,Seulo,NU,Sardegna,114045
I709,Seveso,MB,Lombardia,108040
I711,Sezzadio,AL,Piemonte,006161
I712,Sezze,LT,Lazio,059028
I714,Sfruz,TN,Trentino-Alto Adige/Südtirol,022173
I715,Sgonico,TS,Friuli-Venezia Giulia,032005
I716,Sgurgola,FR,Lazio,060073
I717,Siamaggiore,OR,Sardegna,115063
I718,Siamanna,OR,Sardegna,115064
I720,Siano,SA,Campania,065142
I721,Siapiccia,OR,Sardegna,115065
M253,Sicignano degli Alburni,SA,Campania,065143
I723,Siculiana,AG,Sicilia,084042
I724,Siddi,VS,Sardegna,117021
I725,Siderno,RC,Calabria,080088
I726,Siena,SI,Toscana,052032
I727,Sigillo,PG,Umbria,054049
I728,Signa,FI,Toscana,048044
I729,Silandro,BZ,Trentino-Alto Adige/Südtirol,021093
I730,Silanus,NU,Sardegna,114046
F116,Silea,TV,Veneto,026081
I732,Siligo,SS,Sardegna,112054
I734,Siliqua,CA,Sardegna,118056
I735,Silius,CA,Sardegna,118057
M347,Sillano Giuncugnano,LU,Toscana,046037
I736,Sillavengo,NO,Piemonte,003138
I739,Silvano Pietra,PV,Lombardia,018149
I738,Silvano d'Orba,AL,Piemonte,006162
I741,Silvi,TE,Abruzzo,067040
I742,Simala,OR,Sardegna,115066
I743,Simaxis,OR,Sardegna,115067
I744,Simbario,VV,Calabria,102038
I745,Simeri Crichi,CZ,Calabria,079133
I747,Sinagra,ME,Sicilia,083095
A468,Sinalunga,SI,Toscana,052033
I748,Sindia,NU,Sardegna,114047
I749,Sini,OR,Sardegna,115068
I750,Sinio,CN,Piemonte,004220
I751,Siniscola,NU,Sardegna,114048
I752,Sinnai,CA,Sardegna,118058
I753,Sinopoli,RC,Calabria,080089
I754,Siracusa,SR,Sicilia,089017
I756,Sirignano,AV,Campania,064100
I757,Siris,OR,Sardegna,115069
I633,Sirmione,BS,Lombardia,017179
I758,Sirolo,AN,Marche,042048
I759,Sirone,LC,Lombardia,097075
I761,Sirtori,LC,Lombardia,097076
M325,Sissa Trecasali,PR,Emilia-Romagna,034049
I765,Siurgus Donigala,CA,Sardegna,118059
E265,Siziano,PV,Lombardia,018150
I767,Sizzano,NO,Piemonte,003139
I771,Sluderno,BZ,Trentino-Alto Adige/Südtirol,021094
I774,Smerillo,FM,Marche,109039
I775,Soave,VR,Veneto,023081
I777,Socchieve,UD,Friuli-Venezia Giulia,030110
I778,Soddì,OR,Sardegna,115070
I780,Sogliano Cavour,LE,Puglia,075075
I779,Sogliano al Rubicone,FC,Emilia-Romagna,040046
I781,Soglio,AT,Piemonte,005107
I782,Soiano del Lago,BS,Lombardia,017180
I783,Solagna,VI,Veneto,024101
I785,Solarino,SR,Sicilia,089018
I786,Solaro,MI,Lombardia,015213
I787,Solarolo,RA,Emilia-Romagna,039018
I790,Solarolo Rainerio,CR,Lombardia,019096
I791,Solarussa,OR,Sardegna,115071
I793,Solbiate Arno,VA,Lombardia,012121
I794,Solbiate Olona,VA,Lombardia,012122
M412,Solbiate con Cagno,CO,Lombardia,013255
I796,Soldano,IM,Liguria,008058
I797,Soleminis,CA,Sardegna,118060
I798,Solero,AL,Piemonte,006163
I799,Solesino,PD,Veneto,028087
I800,Soleto,LE,Puglia,075076
I801,Solferino,MN,Lombardia,020063
I802,Soliera,MO,Emilia-Romagna,036044
I803,Solignano,PR,Emilia-Romagna,034035
I805,Solofra,AV,Campania,064101
I808,Solonghello,AL,Piemonte,006164
I809,Solopaca,BN,Campania,062073
I812,Solto Collina,BG,Lombardia,016200
I813,Solza,BG,Lombardia,016251
I815,Somaglia,LO,Lombardia,098054
I817,Somano,CN,Piemonte,004221
I819,Somma Lombardo,VA,Lombardia,012123
I820,Somma Vesuviana,,Campania,063079
I821,Sommacampagna,VR,Veneto,023082
I823,Sommariva Perno,CN,Piemonte,004223
I822,Sommariva del Bosco,CN,Piemonte,004222
I824,Sommatino,CL,Sicilia,085019
I825,Sommo,PV,Lombardia,018151
I826,Sona,VR,Veneto,023083
I827,Soncino,CR,Lombardia,019097
I828,Sondalo,SO,Lombardia,014060
I829,Sondrio,SO,Lombardia,014061
I830,Songavazzo,BG,Lombardia,016201
I831,Sonico,BS,Lombardia,017181
I832,Sonnino,LT,Lazio,059029
I838,Sora,FR,Lazio,060074
I839,Soraga di Fassa,TN,Trentino-Alto Adige/Südtirol,022176
I840,Soragna,PR,Emilia-Romagna,034036
I841,Sorano,GR,Toscana,053026
I844,Sorbo San Basile,CZ,Calabria,079134
I843,Sorbo Serpico,AV,Campania,064102
M411,Sorbolo Mezzani,PR,Emilia-Romagna,034051
I847,Sordevolo,BI,Piemonte,096063
I848,Sordio,LO,Lombardia,098055
I849,Soresina,CR,Lombardia,019098
I851,Sorgono,NU,Sardegna,114049
I850,Sorgà,VR,Veneto,023084
I852,Sori,GE,Liguria,010060
I853,Sorianello,VV,Calabria,102039
I854,Soriano Calabro,VV,Calabria,102040
I855,Soriano nel Cimino,VT,Lazio,056048
I856,Sorico,CO,Lombardia,013216
I857,Soriso,NO,Piemonte,003140
I858,Sorisole,BG,Lombardia,016202
I860,Sormano,CO,Lombardia,013217
I861,Sorradile,OR,Sardegna,115072
I862,Sorrento,,Campania,063080
I863,Sorso,SS,Sardegna,112055
I864,Sortino,SR,Sicilia,089019
I865,Sospiro,CR,Lombardia,019099
I866,Sospirolo,BL,Veneto,025056
I867,Sossano,VI,Veneto,024102
I868,Sostegno,BI,Piemonte,096064
I869,Sotto il Monte Giovanni XXIII,BG,Lombardia,016203
I871,Sover,TN,Trentino-Alto Adige/Südtirol,022177
I872,Soverato,CZ,Calabria,079137
I873,Sovere,BG,Lombardia,016204
I874,Soveria Mannelli,CZ,Calabria,079138
I875,Soveria Simeri,CZ,Calabria,079139
I876,Soverzene,BL,Veneto,025057
I877,Sovicille,SI,Toscana,052034
I878,Sovico,MB,Lombardia,108041
M436,Sovizzo,VI,Veneto,024128
I673,Sovramonte,BL,Veneto,025058
I880,Sozzago,NO,Piemonte,003141
I881,Spadafora,ME,Sicilia,083096
I884,Spadola,VV,Calabria,102041
I885,Sparanise,CE,Campania,061089
I886,Sparone,TO,Piemonte,001267
I887,Specchia,LE,Puglia,075077
I888,Spello,PG,Umbria,054050
I891,Sperlinga,EN,Sicilia,086017
I892,Sperlonga,LT,Lazio,059030
I893,Sperone,AV,Campania,064103
I894,Spessa,PV,Lombardia,018152
I895,Spezzano Albanese,CS,Calabria,078142
I896,Spezzano della Sila,CS,Calabria,078143
I899,Spiazzo,TN,Trentino-Alto Adige/Südtirol,022179
I901,Spigno Monferrato,AL,Piemonte,006165
I902,Spigno Saturnia,LT,Lazio,059031
I903,Spilamberto,MO,Emilia-Romagna,036045
I904,Spilimbergo,PN,Friuli-Venezia Giulia,093044
I905,Spilinga,VV,Calabria,102042
I906,Spinadesco,CR,Lombardia,019100
I907,Spinazzola,BT,Puglia,110008
I908,Spinea,VE,Veneto,027038
I909,Spineda,CR,Lombardia,019101
I910,Spinete,CB,Molise,070076
I911,Spineto Scrivia,AL,Piemonte,006166
I912,Spinetoli,AP,Marche,044071
I914,Spino d'Adda,CR,Lombardia,019102
I916,Spinone al Lago,BG,Lombardia,016205
I917,Spinoso,PZ,Basilicata,076086
I919,Spirano,BG,Lombardia,016206
I921,Spoleto,PG,Umbria,054051
I922,Spoltore,PE,Abruzzo,068041
I923,Spongano,LE,Puglia,075078
I924,Spormaggiore,TN,Trentino-Alto Adige/Südtirol,022180
I925,Sporminore,TN,Trentino-Alto Adige/Südtirol,022181
I926,Spotorno,SV,Liguria,009057
I927,Spresiano,TV,Veneto,026082
I928,Spriana,SO,Lombardia,014062
I929,Squillace,CZ,Calabria,079142
I930,Squinzano,LE,Puglia,075079
I932,Staffolo,AN,Marche,042049
I935,Stagno Lombardo,CR,Lombardia,019103
I936,Staiti,RC,Calabria,080090
I937,Stalettì,CZ,Calabria,079143
I938,Stanghella,PD,Veneto,028088
I939,Staranzano,GO,Friuli-Venezia Giulia,031023
M298,Statte,TA,Puglia,073029
I941,Stazzano,AL,Piemonte,006167
I942,Stazzema,LU,Toscana,046030
I943,Stazzona,CO,Lombardia,013218
I945,Stefanaconi,VV,Calabria,102043
I946,Stella,SV,Liguria,009058
G887,Stella Cilento,SA,Campania,065144
I947,Stellanello,SV,Liguria,009059
I948,Stelvio,BZ,Trentino-Alto Adige/Südtirol,021095
I949,Stenico,TN,Trentino-Alto Adige/Südtirol,022182
I950,Sternatia,LE,Puglia,075080
I951,Stezzano,BG,Lombardia,016207
I953,Stienta,RO,Veneto,029045
I954,Stigliano,MT,Basilicata,077027
I955,Stignano,RC,Calabria,080091
I956,Stilo,RC,Calabria,080092
I959,Stimigliano,RI,Lazio,057066
M290,Stintino,SS,Sardegna,112056
I960,Stio,SA,Campania,065145
I962,Stornara,FG,Puglia,071054
I963,Stornarella,FG,Puglia,071055
I964,Storo,TN,Trentino-Alto Adige/Südtirol,022183
I965,Stra,VE,Veneto,027039
I968,Stradella,PV,Lombardia,018153
I969,Strambinello,TO,Piemonte,001268
I970,Strambino,TO,Piemonte,001269
I973,Strangolagalli,FR,Lazio,060075
I974,Stregna,UD,Friuli-Venezia Giulia,030111
I975,Strembo,TN,Trentino-Alto Adige/Südtirol,022184
I976,Stresa,VB,Piemonte,103064
I977,Strevi,AL,Piemonte,006168
I978,Striano,,Campania,063081
I980,Strona,BI,Piemonte,096065
I981,Stroncone,TR,Umbria,055031
I982,Strongoli,KR,Calabria,101025
I984,Stroppiana,VC,Piemonte,002142
I985,Stroppo,CN,Piemonte,004224
I986,Strozza,BG,Lombardia,016208
I990,Sturno,AV,Campania,064104
B014,Suardi,PV,Lombardia,018154
I991,Subbiano,AR,Toscana,051037
I992,Subiaco,RM,Lazio,058103
I993,Succivo,CE,Campania,061090
I994,Sueglio,LC,Lombardia,097077
I995,Suelli,CA,Sardegna,118061
I996,Suello,LC,Lombardia,097078
I997,Suisio,BG,Lombardia,016209
I998,Sulbiate,MB,Lombardia,108042
I804,Sulmona,AQ,Abruzzo,066098
L002,Sulzano,BS,Lombardia,017182
L003,Sumirago,VA,Lombardia,012124
L004,Summonte,AV,Campania,064105
L006,Suni,OR,Sardegna,115073
L007,Suno,NO,Piemonte,003143
L008,Supersano,LE,Puglia,075081
L009,Supino,FR,Lazio,060076
L010,Surano,LE,Puglia,075082
L011,Surbo,LE,Puglia,075083
L013,Susa,TO,Piemonte,001270
L014,Susegana,TV,Veneto,026083
L015,Sustinente,MN,Lombardia,020064
L016,Sutera,CL,Sicilia,085020
L017,Sutri,VT,Lazio,056049
L018,Sutrio,UD,Friuli-Venezia Giulia,030112
L019,Suvereto,LI,Toscana,049020
L020,Suzzara,MN,Lombardia,020065
L022,Taceno,LC,Lombardia,097079
L023,Tadasuni,OR,Sardegna,115074
L024,Taggia,IM,Liguria,008059
L025,Tagliacozzo,AQ,Abruzzo,066099
L026,Taglio di Po,RO,Veneto,029046
L027,Tagliolo Monferrato,AL,Piemonte,006169
L030,Taibon Agordino,BL,Veneto,025059
L032,Taino,VA,Lombardia,012125
G736,Taipana,UD,Friuli-Venezia Giulia,030113
L034,Talamello,RN,Emilia-Romagna,099027
L035,Talamona,SO,Lombardia,014063
L036,Talana,OG,Sardegna,116015
L037,Taleggio,BG,Lombardia,016210
L038,Talla,AR,Toscana,051038
L039,Talmassons,UD,Friuli-Venezia Giulia,030114
L040,Tambre,BL,Veneto,025060
L042,Taormina,ME,Sicilia,083097
L046,Tarano,RI,Lazio,057067
L047,Taranta Peligna,CH,Abruzzo,069089
L048,Tarantasca,CN,Piemonte,004225
L049,Taranto,TA,Puglia,073027
L050,Tarcento,UD,Friuli-Venezia Giulia,030116
D024,Tarquinia,VT,Lazio,056050
L055,Tarsia,CS,Calabria,078145
L056,Tartano,SO,Lombardia,014064
L057,Tarvisio,UD,Friuli-Venezia Giulia,030117
L058,Tarzo,TV,Veneto,026084
L059,Tassarolo,AL,Piemonte,006170
L061,Taurano,AV,Campania,064106
L062,Taurasi,AV,Campania,064107
L063,Taurianova,RC,Calabria,080093
L064,Taurisano,LE,Puglia,075084
L065,Tavagnacco,UD,Friuli-Venezia Giulia,030118
L066,Tavagnasco,TO,Piemonte,001271
F260,Tavazzano con Villavesco,LO,Lombardia,098056
L069,Tavenna,CB,Molise,070077
L070,Taverna,CZ,Calabria,079146
L071,Tavernerio,CO,Lombardia,013222
L073,Tavernola Bergamasca,BG,Lombardia,016211
C698,Tavernole sul Mella,BS,Lombardia,017183
L074,Taviano,LE,Puglia,075085
L075,Tavigliano,BI,Piemonte,096066
L078,Tavoleto,PU,Marche,041064
L081,Tavullia,PU,Marche,041065
L082,Teana,PZ,Basilicata,076087
L083,Teano,CE,Campania,061091
D292,Teggiano,SA,Campania,065146
L084,Teglio,SO,Lombardia,014065
L085,Teglio Veneto,VE,Veneto,027040
L086,Telese Terme,BN,Campania,062074
L087,Telgate,BG,Lombardia,016212
L088,Telti,OT,Sardegna,113024
L089,Telve,TN,Trentino-Alto Adige/Südtirol,022188
L090,Telve di Sopra,TN,Trentino-Alto Adige/Südtirol,022189
L093,Tempio Pausania,OT,Sardegna,113025
L094,Temù,BS,Lombardia,017184
L096,Tenna,TN,Trentino-Alto Adige/Südtirol,022190
L097,Tenno,TN,Trentino-Alto Adige/Südtirol,022191
L100,Teolo,PD,Veneto,028089
L102,Teora,AV,Campania,064108
L103,Teramo,TE,Abruzzo,067041
L104,Terdobbiate,NO,Piemonte,003144
L105,Terelle,FR,Lazio,060077
L106,Terento,BZ,Trentino-Alto Adige/Südtirol,021096
E548,Terenzo,PR,Emilia-Romagna,034038
M282,Tergu,SS,Sardegna,112057
L108,Terlano,BZ,Trentino-Alto Adige/Südtirol,021097
L109,Terlizzi,BA,Puglia,072043
M210,Terme Vigliatore,ME,Sicilia,083106
L111,Termeno sulla strada del vino,BZ,Trentino-Alto Adige/Südtirol,021098
L112,Termini Imerese,PA,Sicilia,082070
L113,Termoli,CB,Molise,070078
L115,Ternate,VA,Lombardia,012126
L116,Ternengo,BI,Piemonte,096067
L117,Terni,TR,Umbria,055032
L118,Terno d'Isola,BG,Lombardia,016213
L120,Terracina,LT,Lazio,059032
L121,Terragnolo,TN,Trentino-Alto Adige/Südtirol,022193
L122,Terralba,OR,Sardegna,115075
L127,Terranova Sappo Minulio,RC,Calabria,080094
L124,Terranova da Sibari,CS,Calabria,078146
L125,Terranova dei Passerini,LO,Lombardia,098057
L126,Terranova di Pollino,PZ,Basilicata,076088
L123,Terranuova Bracciolini,AR,Toscana,051039
L131,Terrasini,PA,Sicilia,082071
L132,Terrassa Padovana,PD,Veneto,028090
L134,Terravecchia,CS,Calabria,078147
L136,Terrazzo,VR,Veneto,023085
M379,Terre Roveresche,PU,Marche,041070
M407,Terre d'Adige,TN,Trentino-Alto Adige/Südtirol,022251
M381,Terre del Reno,FE,Emilia-Romagna,038028
L138,Terricciola,PI,Toscana,050036
L139,Terruggia,AL,Piemonte,006171
L140,Tertenia,OG,Sardegna,116016
L142,Terzigno,,Campania,063082
L143,Terzo,AL,Piemonte,006172
L144,Terzo d'Aquileia,UD,Friuli-Venezia Giulia,030120
L145,Terzolas,TN,Trentino-Alto Adige/Südtirol,022195
L146,Terzorio,IM,Liguria,008060
L147,Tesero,TN,Trentino-Alto Adige/Südtirol,022196
L149,Tesimo,BZ,Trentino-Alto Adige/Südtirol,021099
L150,Tessennano,VT,Lazio,056051
L152,Testico,SV,Liguria,009060
L153,Teti,NU,Sardegna,114050
L154,Teulada,CI,Sardegna,119024
L155,Teverola,CE,Campania,061092
L156,Tezze sul Brenta,VI,Veneto,024104
L157,Thiene,VI,Veneto,024105
L158,Thiesi,SS,Sardegna,112058
L160,Tiana,NU,Sardegna,114051
L164,Ticengo,CR,Lombardia,019104
L165,Ticineto,AL,Piemonte,006173
L166,Tiggiano,LE,Puglia,075086
L167,Tiglieto,GE,Liguria,010061
L168,Tigliole,AT,Piemonte,005108
L169,Tignale,BS,Lombardia,017185
L172,Tinnura,OR,Sardegna,115076
L173,Tione degli Abruzzi,AQ,Abruzzo,066100
L174,Tione di Trento,TN,Trentino-Alto Adige/Südtirol,022199
L175,Tirano,SO,Lombardia,014066
L176,Tires,BZ,Trentino-Alto Adige/Südtirol,021100
L177,Tiriolo,CZ,Calabria,079147
L178,Tirolo,BZ,Trentino-Alto Adige/Südtirol,021101
L180,Tissi,SS,Sardegna,112059
L181,Tito,PZ,Basilicata,076089
L182,Tivoli,RM,Lazio,058104
L183,Tizzano Val Parma,PR,Emilia-Romagna,034039
L184,Toano,RE,Emilia-Romagna,035041
L185,Tocco Caudio,BN,Campania,062075
L186,Tocco da Casauria,PE,Abruzzo,068042
L187,Toceno,VB,Piemonte,103065
L188,Todi,PG,Umbria,054052
L189,Toffia,RI,Lazio,057068
L190,Toirano,SV,Liguria,009061
L191,Tolentino,MC,Marche,043053
L192,Tolfa,RM,Lazio,058105
L193,Tollegno,BI,Piemonte,096068
L194,Tollo,CH,Abruzzo,069090
L195,Tolmezzo,UD,Friuli-Venezia Giulia,030121
L197,Tolve,PZ,Basilicata,076090
L199,Tombolo,PD,Veneto,028091
L200,Ton,TN,Trentino-Alto Adige/Südtirol,022200
L202,Tonara,NU,Sardegna,114052
L203,Tonco,AT,Piemonte,005109
D717,Tonezza del Cimone,VI,Veneto,024106
L205,Tora e Piccilli,CE,Campania,061093
L206,Torano Castello,CS,Calabria,078148
L207,Torano Nuovo,TE,Abruzzo,067042
L210,Torbole Casaglia,BS,Lombardia,017186
L211,Torcegno,TN,Trentino-Alto Adige/Südtirol,022202
L212,Torchiara,SA,Campania,065147
L213,Torchiarolo,BR,Puglia,074018
L214,Torella dei Lombardi,AV,Campania,064109
L215,Torella del Sannio,CB,Molise,070079
L216,Torgiano,PG,Umbria,054053
L217,Torgnon,AO,Valle d'Aosta/Vallée d'Aoste,007067
L219,Torino,TO,Piemonte,001272
L218,Torino di Sangro,CH,Abruzzo,069091
L220,Toritto,BA,Puglia,072044
L221,Torlino Vimercati,CR,Lombardia,019105
L223,Tornaco,NO,Piemonte,003146
L224,Tornareccio,CH,Abruzzo,069092
L225,Tornata,CR,Lombardia,019106
L227,Tornimparte,AQ,Abruzzo,066101
L228,Torno,CO,Lombardia,013223
L229,Tornolo,PR,Emilia-Romagna,034040
L230,Toro,CB,Molise,070080
L231,Torpè,NU,Sardegna,114053
L233,Torraca,SA,Campania,065148
L235,Torralba,SS,Sardegna,112060
L237,Torrazza Coste,PV,Lombardia,018155
L238,Torrazza Piemonte,TO,Piemonte,001273
L239,Torrazzo,BI,Piemonte,096069
L245,Torre Annunziata,,Campania,063083
L250,Torre Beretti e Castellaro,PV,Lombardia,018156
L251,Torre Boldone,BG,Lombardia,016214
L252,Torre Bormida,CN,Piemonte,004226
L243,Torre Cajetani,FR,Lazio,060078
L247,Torre Canavese,TO,Piemonte,001274
L272,Torre Le Nocelle,AV,Campania,064110
L241,Torre Mondovì,CN,Piemonte,004227
L274,Torre Orsaia,SA,Campania,065149
L276,Torre Pallavicina,BG,Lombardia,016217
L277,Torre Pellice,TO,Piemonte,001275
L278,Torre San Giorgio,CN,Piemonte,004228
L279,Torre San Patrizio,FM,Marche,109040
L280,Torre Santa Susanna,BR,Puglia,074019
L256,Torre d'Arese,PV,Lombardia,018157
L269,Torre d'Isola,PV,Lombardia,018159
L257,Torre de' Busi,BG,Lombardia,016215
L262,Torre de' Negri,PV,Lombardia,018158
L263,Torre de' Passeri,PE,Abruzzo,068043
L258,Torre de' Picenardi,CR,Lombardia,019107
L265,Torre de' Roveri,BG,Lombardia,016216
L259,Torre del Greco,,Campania,063084
L267,Torre di Mosto,VE,Veneto,027041
L240,Torre di Ruggiero,CZ,Calabria,079148
L244,Torre di Santa Maria,SO,Lombardia,014067
L246,Torreano,UD,Friuli-Venezia Giulia,030122
L248,Torrebelvicino,VI,Veneto,024107
L253,Torrebruna,CH,Abruzzo,069093
L254,Torrecuso,BN,Campania,062076
L270,Torreglia,PD,Veneto,028092
L271,Torregrotta,ME,Sicilia,083098
L273,Torremaggiore,FG,Puglia,071056
M286,Torrenova,ME,Sicilia,083108
L281,Torresina,CN,Piemonte,004229
L282,Torretta,PA,Sicilia,082072
L285,Torrevecchia Pia,PV,Lombardia,018160
L284,Torrevecchia Teatina,CH,Abruzzo,069094
L287,Torri del Benaco,VR,Veneto,023086
L297,Torri di Quartesolo,VI,Veneto,024108
L286,Torri in Sabina,RI,Lazio,057070
L290,Torrice,FR,Lazio,060079
L294,Torricella,TA,Puglia,073028
L291,Torricella Peligna,CH,Abruzzo,069095
L295,Torricella Sicura,TE,Abruzzo,067043
L292,Torricella Verzate,PV,Lombardia,018161
L296,Torricella del Pizzo,CR,Lombardia,019108
L293,Torricella in Sabina,RI,Lazio,057069
L298,Torriglia,GE,Liguria,010062
L299,Torrile,PR,Emilia-Romagna,034041
L301,Torrioni,AV,Campania,064111
L302,Torrita Tiberina,RM,Lazio,058106
L303,Torrita di Siena,SI,Toscana,052035
A355,Tortolì,OG,Sardegna,116017
L304,Tortona,AL,Piemonte,006174
L305,Tortora,CS,Calabria,078149
L306,Tortorella,SA,Campania,065150
L307,Tortoreto,TE,Abruzzo,067044
L308,Tortorici,ME,Sicilia,083099
L309,Torviscosa,UD,Friuli-Venezia Giulia,030123
L312,Toscolano-Maderno,BS,Lombardia,017187
L314,Tossicia,TE,Abruzzo,067045
L315,Tovo San Giacomo,SV,Liguria,009062
L316,Tovo di Sant'Agata,SO,Lombardia,014068
L317,Trabia,PA,Sicilia,082073
L319,Tradate,VA,Lombardia,012127
L321,Tramatza,OR,Sardegna,115077
L322,Trambileno,TN,Trentino-Alto Adige/Südtirol,022203
L323,Tramonti,SA,Campania,065151
L324,Tramonti di Sopra,PN,Friuli-Venezia Giulia,093045
L325,Tramonti di Sotto,PN,Friuli-Venezia Giulia,093046
L326,Tramutola,PZ,Basilicata,076091
L327,Trana,TO,Piemonte,001276
L328,Trani,BT,Puglia,110009
L330,Traona,SO,Lombardia,014069
L331,Trapani,TP,Sicilia,081021
L332,Trappeto,PA,Sicilia,082074
L333,Trarego Viggiona,VB,Piemonte,103066
L334,Trasacco,AQ,Abruzzo,066102
L335,Trasaghis,UD,Friuli-Venezia Giulia,030124
L336,Trasquera,VB,Piemonte,103067
L337,Tratalias,CI,Sardegna,119021
I236,Travacò Siccomario,PV,Lombardia,018162
L339,Travagliato,BS,Lombardia,017188
L342,Travedona-Monate,VA,Lombardia,012128
L345,Traversella,TO,Piemonte,001278
L346,Traversetolo,PR,Emilia-Romagna,034042
L340,Traves,TO,Piemonte,001279
L347,Travesio,PN,Friuli-Venezia Giulia,093047
L348,Travo,PC,Emilia-Romagna,033043
M361,Tre Ville,TN,Trentino-Alto Adige/Südtirol,022247
L349,Trebaseleghe,PD,Veneto,028093
L353,Trebisacce,CS,Calabria,078150
M280,Trecase,,Campania,063091
L355,Trecastagni,CT,Sicilia,087050
M318,Trecastelli,AN,Marche,042050
L356,Trecate,NO,Piemonte,003149
L357,Trecchina,PZ,Basilicata,076092
L359,Trecenta,RO,Veneto,029047
L361,Tredozio,FC,Emilia-Romagna,040049
L363,Treglio,CH,Abruzzo,069096
L364,Tregnago,VR,Veneto,023087
L366,Treia,MC,Marche,043054
L367,Treiso,CN,Piemonte,004230
L369,Tremestieri Etneo,CT,Sicilia,087051
M341,Tremezzina,CO,Lombardia,013252
L372,Tremosine sul Garda,BS,Lombardia,017189
L377,Trentinara,SA,Campania,065152
L378,Trento,TN,Trentino-Alto Adige/Südtirol,022205
L379,Trentola Ducenta,CE,Campania,061094
L380,Trenzano,BS,Lombardia,017190
L382,Treppo Grande,UD,Friuli-Venezia Giulia,030126
M399,Treppo Ligosullo,UD,Friuli-Venezia Giulia,030191
L383,Trepuzzi,LE,Puglia,075087
L384,Trequanda,SI,Toscana,052036
L386,Tresana,MS,Toscana,045015
L388,Trescore Balneario,BG,Lombardia,016218
L389,Trescore Cremasco,CR,Lombardia,019109
M409,Tresignana,FE,Emilia-Romagna,038030
L392,Tresivio,SO,Lombardia,014070
L393,Tresnuraghes,OR,Sardegna,115078
L396,Trevenzuolo,VR,Veneto,023088
L397,Trevi,PG,Umbria,054054
L398,Trevi nel Lazio,FR,Lazio,060080
L399,Trevico,AV,Campania,064112
L400,Treviglio,BG,Lombardia,016219
L402,Trevignano,TV,Veneto,026085
L401,Trevignano Romano,RM,Lazio,058107
L403,Treville,AL,Piemonte,006175
L404,Treviolo,BG,Lombardia,016220
L407,Treviso,TV,Veneto,026086
L406,Treviso Bresciano,BS,Lombardia,017191
L408,Trezzano Rosa,MI,Lombardia,015219
L409,Trezzano sul Naviglio,MI,Lombardia,015220
L410,Trezzo Tinella,CN,Piemonte,004231
L411,Trezzo sull'Adda,MI,Lombardia,015221
L413,Trezzone,CO,Lombardia,013226
L414,Tribano,PD,Veneto,028094
L415,Tribiano,MI,Lombardia,015222
L416,Tribogna,GE,Liguria,010063
L418,Tricarico,MT,Basilicata,077028
L419,Tricase,LE,Puglia,075088
L420,Tricerro,VC,Piemonte,002147
L421,Tricesimo,UD,Friuli-Venezia Giulia,030127
L423,Triei,OG,Sardegna,116018
L424,Trieste,TS,Friuli-Venezia Giulia,032006
L425,Triggiano,BA,Puglia,072046
L426,Trigolo,CR,Lombardia,019110
B915,Trinitapoli,BT,Puglia,110010
L427,Trinità,CN,Piemonte,004232
L428,Trinità d'Agultu e Vignola,OT,Sardegna,113026
L429,Trino,VC,Piemonte,002148
L430,Triora,IM,Liguria,008061
L431,Tripi - Abakainon,ME,Sicilia,083100
L432,Trisobbio,AL,Piemonte,006176
L433,Trissino,VI,Veneto,024110
L434,Triuggio,MB,Lombardia,108043
L435,Trivento,CB,Molise,070081
L437,Trivigliano,FR,Lazio,060081
L438,Trivignano Udinese,UD,Friuli-Venezia Giulia,030128
L439,Trivigno,PZ,Basilicata,076093
L440,Trivolzio,PV,Lombardia,018163
L444,Trodena nel parco naturale,BZ,Trentino-Alto Adige/Südtirol,021102
L445,Trofarello,TO,Piemonte,001280
L447,Troia,FG,Puglia,071058
L448,Troina,EN,Sicilia,086018
L449,Tromello,PV,Lombardia,018164
L450,Trontano,VB,Piemonte,103068
A705,Tronzano Lago Maggiore,VA,Lombardia,012129
L451,Tronzano Vercellese,VC,Piemonte,002150
L452,Tropea,VV,Calabria,102044
L453,Trovo,PV,Lombardia,018165
L454,Truccazzano,MI,Lombardia,015224
L455,Tubre,BZ,Trentino-Alto Adige/Südtirol,021103
L458,Tufara,CB,Molise,070082
L459,Tufillo,CH,Abruzzo,069097
L460,Tufino,,Campania,063085
L461,Tufo,AV,Campania,064113
L462,Tuglie,LE,Puglia,075089
L463,Tuili,VS,Sardegna,117022
L464,Tula,SS,Sardegna,112061
L466,Tuoro sul Trasimeno,PG,Umbria,054055
G507,Turania,RI,Lazio,057071
L469,Turano Lodigiano,LO,Lombardia,098058
L470,Turate,CO,Lombardia,013227
L471,Turbigo,MI,Lombardia,015226
L472,Turi,BA,Puglia,072047
L473,Turri,VS,Sardegna,117023
L474,Turriaco,GO,Friuli-Venezia Giulia,031024
L475,Turrivalignani,PE,Abruzzo,068044
L477,Tursi,MT,Basilicata,077029
L478,Tusa,ME,Sicilia,083101
L310,Tuscania,VT,Lazio,056052
C789,Ubiale Clanezzo,BG,Lombardia,016221
L480,Uboldo,VA,Lombardia,012130
L482,Ucria,ME,Sicilia,083102
L483,Udine,UD,Friuli-Venezia Giulia,030129
L484,Ugento,LE,Puglia,075090
L485,Uggiano la Chiesa,LE,Puglia,075091
M435,Uggiate con Ronago,CO,Lombardia,013256
L489,Ulassai,OG,Sardegna,116019
L490,Ultimo,BZ,Trentino-Alto Adige/Südtirol,021104
L488,Ulà Tirso,OR,Sardegna,115079
D786,Umbertide,PG,Umbria,054056
L492,Umbriatico,KR,Calabria,101026
L494,Urago d'Oglio,BS,Lombardia,017192
L496,Uras,OR,Sardegna,115080
L497,Urbana,PD,Veneto,028095
L498,Urbania,PU,Marche,041066
L499,Urbe,SV,Liguria,009063
L500,Urbino,PU,Marche,041067
L501,Urbisaglia,MC,Marche,043055
L502,Urgnano,BG,Lombardia,016222
L503,Uri,SS,Sardegna,112062
L505,Ururi,CB,Molise,070083
L506,Urzulei,OG,Sardegna,116020
L507,Uscio,GE,Liguria,010064
L508,Usellus,OR,Sardegna,115081
L509,Usini,SS,Sardegna,112063
L511,Usmate Velate,MB,Lombardia,108044
L512,Ussana,CA,Sardegna,118063
L513,Ussaramanna,VS,Sardegna,117024
L514,Ussassai,OG,Sardegna,116021
L515,Usseaux,TO,Piemonte,001281
L516,Usseglio,TO,Piemonte,001282
L517,Ussita,MC,Marche,043056
L519,Ustica,PA,Sicilia,082075
L521,Uta,CA,Sardegna,118064
L522,Uzzano,PT,Toscana,047021
L524,Vaccarizzo Albanese,CS,Calabria,078152
L525,Vacone,RI,Lazio,057072
L526,Vacri,CH,Abruzzo,069098
L527,Vadena,BZ,Trentino-Alto Adige/Südtirol,021105
L528,Vado Ligure,SV,Liguria,009064
L533,Vagli Sotto,LU,Toscana,046031
L529,Vaglia,FI,Toscana,048046
L532,Vaglio Basilicata,PZ,Basilicata,076094
L531,Vaglio Serra,AT,Piemonte,005111
L537,Vaiano,PO,Toscana,100006
L535,Vaiano Cremasco,CR,Lombardia,019111
L538,Vaie,TO,Piemonte,001283
L539,Vailate,CR,Lombardia,019112
L540,Vairano Patenora,CE,Campania,061095
M265,Vajont,PN,Friuli-Venezia Giulia,093052
M334,Val Brembilla,BG,Lombardia,016253
M384,Val Liona,VI,Veneto,024123
L638,Val Masino,SO,Lombardia,014074
H259,Val Rezzo,CO,Lombardia,013233
L555,Val della Torre,TO,Piemonte,001284
M405,Val di Chy,TO,Piemonte,001317
L562,Val di Nizza,PV,Lombardia,018166
L564,Val di Vizze,BZ,Trentino-Alto Adige/Südtirol,021107
M374,Val di Zoldo,BL,Veneto,025073
L544,Valbondione,BG,Lombardia,016223
L545,Valbrembo,BG,Lombardia,016224
M423,Valbrenta,VI,Veneto,024125
L546,Valbrevenna,GE,Liguria,010065
L547,Valbrona,CO,Lombardia,013229
M415,Valchiusa,TO,Piemonte,001318
L551,Valdagno,VI,Veneto,024111
M343,Valdaone,TN,Trentino-Alto Adige/Südtirol,022232
L552,Valdaora,BZ,Trentino-Alto Adige/Südtirol,021106
L554,Valdastico,VI,Veneto,024112
L556,Valdengo,BI,Piemonte,096071
G319,Valderice,TP,Sicilia,081022
L557,Valdidentro,SO,Lombardia,014071
L558,Valdieri,CN,Piemonte,004233
M417,Valdilana,BI,Piemonte,096088
L561,Valdina,ME,Sicilia,083103
L563,Valdisotto,SO,Lombardia,014072
L565,Valdobbiadene,TV,Veneto,026087
L566,Valduggia,VC,Piemonte,002152
L568,Valeggio,PV,Lombardia,018167
L567,Valeggio sul Mincio,VR,Veneto,023089
L569,Valentano,VT,Lazio,056053
L570,Valenza,AL,Piemonte,006177
L571,Valenzano,BA,Puglia,072048
L572,Valera Fratta,LO,Lombardia,098059
L573,Valfabbrica,PG,Umbria,054057
L574,Valfenera,AT,Piemonte,005112
L575,Valfloriana,TN,Trentino-Alto Adige/Südtirol,022209
M382,Valfornace,MC,Marche,043058
L576,Valfurva,SO,Lombardia,014073
L577,Valganna,VA,Lombardia,012131
L578,Valgioie,TO,Piemonte,001285
L579,Valgoglio,BG,Lombardia,016225
L580,Valgrana,CN,Piemonte,004234
L581,Valgreghentino,LC,Lombardia,097082
L582,Valgrisenche,AO,Valle d'Aosta/Vallée d'Aoste,007068
L583,Valguarnera Caropepe,EN,Sicilia,086019
L584,Vallada Agordina,BL,Veneto,025062
L586,Vallanzengo,BI,Piemonte,096072
L588,Vallarsa,TN,Trentino-Alto Adige/Südtirol,022210
L589,Vallata,AV,Campania,064114
L594,Valle Agricola,CE,Campania,061096
L595,Valle Aurina,BZ,Trentino-Alto Adige/Südtirol,021108
M404,Valle Cannobina,VB,Piemonte,103079
L597,Valle Castellana,TE,Abruzzo,067046
L593,Valle Lomellina,PV,Lombardia,018168
L617,Valle Salimbene,PV,Lombardia,018169
L620,Valle San Nicolao,BI,Piemonte,096074
G540,Valle dell'Angelo,SA,Campania,065153
L590,Valle di Cadore,BL,Veneto,025063
L601,Valle di Casies,BZ,Trentino-Alto Adige/Südtirol,021109
L591,Valle di Maddaloni,CE,Campania,061097
L596,Vallebona,IM,Liguria,008062
L598,Vallecorsa,FR,Lazio,060082
L599,Vallecrosia,IM,Liguria,008063
L603,Valledolmo,PA,Sicilia,082076
L604,Valledoria,SS,Sardegna,112064
I322,Vallefiorita,CZ,Calabria,079151
M331,Vallefoglia,PU,Marche,041068
M362,Vallelaghi,TN,Trentino-Alto Adige/Südtirol,022248
L607,Vallelonga,VV,Calabria,102045
L609,Vallelunga Pratameno,CL,Sicilia,085021
L605,Vallemaio,FR,Lazio,060083
L611,Vallepietra,RM,Lazio,058108
L612,Vallerano,VT,Lazio,056054
L613,Vallermosa,CA,Sardegna,118065
L614,Vallerotonda,FR,Lazio,060084
L616,Vallesaccarda,AV,Campania,064115
L623,Valleve,BG,Lombardia,016226
L624,Valli del Pasubio,VI,Veneto,024113
L625,Vallinfreda,RM,Lazio,058109
L626,Vallio Terme,BS,Lombardia,017193
L629,Vallo Torinese,TO,Piemonte,001286
L628,Vallo della Lucania,SA,Campania,065154
L627,Vallo di Nera,PG,Umbria,054058
L631,Valloriate,CN,Piemonte,004235
L633,Valmacca,AL,Piemonte,006178
L634,Valmadrera,LC,Lombardia,097083
L639,Valmontone,RM,Lazio,058110
L640,Valmorea,CO,Lombardia,013232
L641,Valmozzola,PR,Emilia-Romagna,034044
L642,Valnegra,BG,Lombardia,016227
L643,Valpelline,AO,Valle d'Aosta/Vallée d'Aoste,007069
L644,Valperga,TO,Piemonte,001287
B510,Valprato Soana,TO,Piemonte,001288
M320,Valsamoggia,BO,Emilia-Romagna,037061
L647,Valsavarenche,AO,Valle d'Aosta/Vallée d'Aoste,007070
D513,Valsinni,MT,Basilicata,077030
C936,Valsolda,CO,Lombardia,013234
L651,Valstrona,VB,Piemonte,103069
L653,Valtopina,PG,Umbria,054059
L655,Valtorta,BG,Lombardia,016229
L654,Valtournenche,AO,Valle d'Aosta/Vallée d'Aoste,007071
L656,Valva,SA,Campania,065155
M395,Valvarrone,LC,Lombardia,097093
M346,Valvasone Arzene,PN,Friuli-Venezia Giulia,093053
L658,Valverde,CT,Sicilia,087052
L468,Valvestino,BS,Lombardia,017194
L660,Vandoies,BZ,Trentino-Alto Adige/Südtirol,021110
L664,Vanzaghello,MI,Lombardia,015249
L665,Vanzago,MI,Lombardia,015229
L666,Vanzone con San Carlo,VB,Piemonte,103070
L667,Vaprio d'Adda,MI,Lombardia,015230
L668,Vaprio d'Agogna,NO,Piemonte,003153
L669,Varallo,VC,Piemonte,002156
L670,Varallo Pombia,NO,Piemonte,003154
L671,Varano Borghi,VA,Lombardia,012132
L672,Varano de' Melegari,PR,Emilia-Romagna,034045
L673,Varapodio,RC,Calabria,080095
L675,Varazze,SV,Liguria,009065
L676,Varco Sabino,RI,Lazio,057073
L677,Varedo,MB,Lombardia,108045
L680,Varenna,LC,Lombardia,097084
L682,Varese,VA,Lombardia,012133
L681,Varese Ligure,SP,Liguria,011029
L685,Varisella,TO,Piemonte,001289
L686,Varmo,UD,Friuli-Venezia Giulia,030130
L687,Varna,BZ,Trentino-Alto Adige/Südtirol,021111
L689,Varsi,PR,Emilia-Romagna,034046
L690,Varzi,PV,Lombardia,018171
L691,Varzo,VB,Piemonte,103071
A701,Vasanello,VT,Lazio,056055
L693,Vasia,IM,Liguria,008064
E372,Vasto,CH,Abruzzo,069099
L696,Vastogirardi,IS,Molise,094051
L698,Vauda Canavese,TO,Piemonte,001290
L699,Vazzano,VV,Calabria,102046
L700,Vazzola,TV,Veneto,026088
L702,Vecchiano,PI,Toscana,050037
L703,Vedano Olona,VA,Lombardia,012134
L704,Vedano al Lambro,MB,Lombardia,108046
L706,Vedelago,TV,Veneto,026089
L707,Vedeseta,BG,Lombardia,016230
L709,Veduggio con Colzano,MB,Lombardia,108047
L710,Veggiano,PD,Veneto,028096
L711,Veglie,LE,Puglia,075092
L712,Veglio,BI,Piemonte,096075
L713,Vejano,VT,Lazio,056056
L715,Veleso,CO,Lombardia,013236
L716,Velezzo Lomellina,PV,Lombardia,018172
L719,Velletri,RM,Lazio,058111
L720,Vellezzo Bellini,PV,Lombardia,018173
L722,Velo Veronese,VR,Veneto,023090
L723,Velo d'Astico,VI,Veneto,024115
L724,Velturno,BZ,Trentino-Alto Adige/Südtirol,021116
L725,Venafro,IS,Molise,094052
L727,Venaria Reale,TO,Piemonte,001292
L728,Venarotta,AP,Marche,044073
L729,Venasca,CN,Piemonte,004237
L726,Venaus,TO,Piemonte,001291
L730,Vendone,SV,Liguria,009066
L733,Venegono Inferiore,VA,Lombardia,012136
L734,Venegono Superiore,VA,Lombardia,012137
L735,Venetico,ME,Sicilia,083104
L736,Venezia,VE,Veneto,027042
L737,Veniano,CO,Lombardia,013238
L738,Venosa,PZ,Basilicata,076095
M364,Ventasso,RE,Emilia-Romagna,035046
L739,Venticano,AV,Campania,064116
L741,Ventimiglia,IM,Liguria,008065
L740,Ventimiglia di Sicilia,PA,Sicilia,082077
L742,Ventotene,LT,Lazio,059033
L743,Venzone,UD,Friuli-Venezia Giulia,030131
L745,Verano,BZ,Trentino-Alto Adige/Südtirol,021112
L744,Verano Brianza,MB,Lombardia,108048
L746,Verbania,VB,Piemonte,103072
L747,Verbicaro,CS,Calabria,078153
L748,Vercana,CO,Lombardia,013239
L749,Verceia,SO,Lombardia,014075
L750,Vercelli,VC,Piemonte,002158
L751,Vercurago,LC,Lombardia,097086
L752,Verdellino,BG,Lombardia,016232
L753,Verdello,BG,Lombardia,016233
M337,Verderio,LC,Lombardia,097091
L758,Verduno,CN,Piemonte,004238
L762,Vergato,BO,Emilia-Romagna,037059
L764,Verghereto,FC,Emilia-Romagna,040050
L765,Vergiate,VA,Lombardia,012138
M424,Vermezzo con Zelo,MI,Lombardia,015251
L769,Vermiglio,TN,Trentino-Alto Adige/Südtirol,022213
L771,Vernante,CN,Piemonte,004239
L772,Vernasca,PC,Emilia-Romagna,033044
L773,Vernate,MI,Lombardia,015236
L774,Vernazza,SP,Liguria,011030
L775,Vernio,PO,Toscana,100007
L776,Vernole,LE,Puglia,075093
L777,Verolanuova,BS,Lombardia,017195
L778,Verolavecchia,BS,Lombardia,017196
L779,Verolengo,TO,Piemonte,001293
L780,Veroli,FR,Lazio,060085
L781,Verona,VR,Veneto,023091
D193,Veronella,VR,Veneto,023092
L783,Verrayes,AO,Valle d'Aosta/Vallée d'Aoste,007072
L784,Verretto,PV,Lombardia,018174
L785,Verrone,BI,Piemonte,096076
L788,Verrua Po,PV,Lombardia,018175
L787,Verrua Savoia,TO,Piemonte,001294
C282,Verrès,AO,Valle d'Aosta/Vallée d'Aoste,007073
L792,Vertemate con Minoprio,CO,Lombardia,013242
L795,Vertova,BG,Lombardia,016234
L797,Verucchio,RN,Emilia-Romagna,099020
L799,Vervio,SO,Lombardia,014076
L801,Verzegnis,UD,Friuli-Venezia Giulia,030132
L802,Verzino,KR,Calabria,101027
L804,Verzuolo,CN,Piemonte,004240
L805,Vescovana,PD,Veneto,028097
L806,Vescovato,CR,Lombardia,019113
L807,Vesime,AT,Piemonte,005113
L808,Vespolate,NO,Piemonte,003158
L809,Vessalico,IM,Liguria,008066
L810,Vestenanova,VR,Veneto,023093
L811,Vestignè,TO,Piemonte,001295
L812,Vestone,BS,Lombardia,017197
L814,Vetralla,VT,Lazio,056057
L815,Vetto,RE,Emilia-Romagna,035042
L817,Vezza d'Alba,CN,Piemonte,004241
L816,Vezza d'Oglio,BS,Lombardia,017198
L819,Vezzano Ligure,SP,Liguria,011031
L820,Vezzano sul Crostolo,RE,Emilia-Romagna,035043
L823,Vezzi Portio,SV,Liguria,009067
L826,Viadana,MN,Lombardia,020066
L827,Viadanica,BG,Lombardia,016235
L828,Viagrande,CT,Sicilia,087053
L829,Viale,AT,Piemonte,005114
L830,Vialfrè,TO,Piemonte,001296
L831,Viano,RE,Emilia-Romagna,035044
L833,Viareggio,LU,Toscana,046033
L834,Viarigi,AT,Piemonte,005115
F537,Vibo Valentia,VV,Calabria,102047
L835,Vibonati,SA,Campania,065156
L836,Vicalvi,FR,Lazio,060086
L837,Vicari,PA,Sicilia,082078
L838,Vicchio,FI,Toscana,048049
L840,Vicenza,VI,Veneto,024116
L845,Vico Equense,,Campania,063086
L842,Vico del Gargano,FG,Puglia,071059
L843,Vico nel Lazio,FR,Lazio,060087
L841,Vicoforte,CN,Piemonte,004242
L846,Vicoli,PE,Abruzzo,068045
L847,Vicolungo,NO,Piemonte,003159
L850,Vicopisano,PI,Toscana,050038
L851,Vicovaro,RM,Lazio,058112
M259,Viddalba,SS,Sardegna,112065
L854,Vidigulfo,PV,Lombardia,018176
L856,Vidor,TV,Veneto,026090
L857,Vidracco,TO,Piemonte,001298
L858,Vieste,FG,Puglia,071060
L859,Vietri di Potenza,PZ,Basilicata,076096
L860,Vietri sul Mare,SA,Campania,065157
L865,Vigano San Martino,BG,Lombardia,016236
L866,Viganò,LC,Lombardia,097090
L868,Vigarano Mainarda,FE,Emilia-Romagna,038022
L869,Vigasio,VR,Veneto,023094
L872,Vigevano,PV,Lombardia,018177
L873,Viggianello,PZ,Basilicata,076097
L874,Viggiano,PZ,Basilicata,076098
L876,Viggiù,VA,Lombardia,012139
L880,Vigliano Biellese,BI,Piemonte,096077
L879,Vigliano d'Asti,AT,Piemonte,005116
L881,Vignale Monferrato,AL,Piemonte,006179
L882,Vignanello,VT,Lazio,056058
L883,Vignate,MI,Lombardia,015237
L885,Vignola,MO,Emilia-Romagna,036046
L886,Vignola-Falesina,TN,Trentino-Alto Adige/Südtirol,022216
L887,Vignole Borbera,AL,Piemonte,006180
L888,Vignolo,CN,Piemonte,004243
L889,Vignone,VB,Piemonte,103074
L890,Vigo di Cadore,BL,Veneto,025065
L892,Vigodarzere,PD,Veneto,028099
L894,Vigolo,BG,Lombardia,016237
L897,Vigolzone,PC,Emilia-Romagna,033045
L898,Vigone,TO,Piemonte,001299
L899,Vigonovo,VE,Veneto,027043
L900,Vigonza,PD,Veneto,028100
L904,Viguzzolo,AL,Piemonte,006181
L912,Villa Bartolomea,VR,Veneto,023095
L913,Villa Basilica,LU,Toscana,046034
L917,Villa Biscossi,PV,Lombardia,018178
L919,Villa Carcina,BS,Lombardia,017199
L920,Villa Castelli,BR,Puglia,074020
L922,Villa Celiera,PE,Abruzzo,068046
L926,Villa Collemandina,LU,Toscana,046035
L928,Villa Cortese,MI,Lombardia,015248
L937,Villa Estense,PD,Veneto,028102
L943,Villa Faraldi,IM,Liguria,008067
L956,Villa Guardia,CO,Lombardia,013245
L957,Villa Lagarina,TN,Trentino-Alto Adige/Südtirol,022222
A081,Villa Latina,FR,Lazio,060088
L844,Villa Literno,CE,Campania,061099
L969,Villa Minozzo,RE,Emilia-Romagna,035045
M018,Villa San Giovanni,RC,Calabria,080096
H913,Villa San Giovanni in Tuscia,VT,Lazio,056046
I118,Villa San Pietro,CA,Sardegna,118066
M019,Villa San Secondo,AT,Piemonte,005119
M023,Villa Sant'Angelo,AQ,Abruzzo,066105
I298,Villa Sant'Antonio,OR,Sardegna,115082
L905,Villa Santa Lucia,FR,Lazio,060089
M021,Villa Santa Lucia degli Abruzzi,AQ,Abruzzo,066104
M022,Villa Santa Maria,CH,Abruzzo,069102
L909,Villa Santina,UD,Friuli-Venezia Giulia,030133
I364,Villa Santo Stefano,FR,Lazio,060090
A609,Villa Verde,OR,Sardegna,115083
L929,Villa d'Adda,BG,Lombardia,016238
A215,Villa d'Almè,BG,Lombardia,016239
L938,Villa d'Ogna,BG,Lombardia,016241
L933,Villa del Bosco,BI,Piemonte,096078
L934,Villa del Conte,PD,Veneto,028101
D801,Villa di Briano,CE,Campania,061098
L907,Villa di Chiavenna,SO,Lombardia,014077
L936,Villa di Serio,BG,Lombardia,016240
L908,Villa di Tirano,SO,Lombardia,014078
L915,Villabassa,BZ,Trentino-Alto Adige/Südtirol,021113
L916,Villabate,PA,Sicilia,082079
L923,Villachiara,BS,Lombardia,017200
L924,Villacidro,VS,Sardegna,117025
L931,Villadeati,AL,Piemonte,006182
L939,Villadose,RO,Veneto,029048
L906,Villadossola,VB,Piemonte,103075
L942,Villafalletto,CN,Piemonte,004244
L947,Villafranca Padovana,PD,Veneto,028103
L948,Villafranca Piemonte,TO,Piemonte,001300
L944,Villafranca Sicula,AG,Sicilia,084043
L950,Villafranca Tirrena,ME,Sicilia,083105
L945,Villafranca d'Asti,AT,Piemonte,005117
L949,Villafranca di Verona,VR,Veneto,023096
L946,Villafranca in Lunigiana,MS,Toscana,045016
L951,Villafrati,PA,Sicilia,082080
L952,Villaga,VI,Veneto,024117
L953,Villagrande Strisaili,OG,Sardegna,116022
L958,Villalago,AQ,Abruzzo,066103
L959,Villalba,CL,Sicilia,085022
L961,Villalfonsina,CH,Abruzzo,069100
L963,Villalvernia,AL,Piemonte,006183
L964,Villamagna,CH,Abruzzo,069101
L965,Villamaina,AV,Campania,064117
L966,Villamar,VS,Sardegna,117026
L967,Villamarzana,RO,Veneto,029049
L968,Villamassargia,CI,Sardegna,119022
L970,Villamiroglio,AL,Piemonte,006184
L971,Villandro,BZ,Trentino-Alto Adige/Südtirol,021114
L978,Villanova Biellese,BI,Piemonte,096079
L982,Villanova Canavese,TO,Piemonte,001301
L988,Villanova Marchesana,RO,Veneto,029051
L974,Villanova Mondovì,CN,Piemonte,004245
L972,Villanova Monferrato,AL,Piemonte,006185
L989,Villanova Monteleone,SS,Sardegna,112066
L990,Villanova Solaro,CN,Piemonte,004246
L991,Villanova Truschedu,OR,Sardegna,115084
L992,Villanova Tulo,CA,Sardegna,118067
L975,Villanova d'Albenga,SV,Liguria,009068
L983,Villanova d'Ardenghi,PV,Lombardia,018179
L984,Villanova d'Asti,AT,Piemonte,005118
L973,Villanova del Battista,AV,Campania,064118
L985,Villanova del Ghebbo,RO,Veneto,029050
L977,Villanova del Sillaro,LO,Lombardia,098060
L979,Villanova di Camposampiero,PD,Veneto,028104
L980,Villanova sull'Arda,PC,Emilia-Romagna,033046
L986,Villanovaforru,VS,Sardegna,117027
L987,Villanovafranca,VS,Sardegna,117028
L994,Villanterio,PV,Lombardia,018180
L995,Villanuova sul Clisi,BS,Lombardia,017201
M278,Villaperuccio,CI,Sardegna,119023
B903,Villapiana,CS,Calabria,078154
L998,Villaputzu,CA,Sardegna,118068
L999,Villar Dora,TO,Piemonte,001303
M007,Villar Focchiardo,TO,Piemonte,001305
M013,Villar Pellice,TO,Piemonte,001306
M014,Villar Perosa,TO,Piemonte,001307
M015,Villar San Costanzo,CN,Piemonte,004247
M002,Villarbasse,TO,Piemonte,001302
M003,Villarboit,VC,Piemonte,002163
M004,Villareggia,TO,Piemonte,001304
G309,Villaricca,,Campania,063087
M009,Villaromagnano,AL,Piemonte,006186
M011,Villarosa,EN,Sicilia,086020
M016,Villasalto,CA,Sardegna,118069
M017,Villasanta,MB,Lombardia,108049
B738,Villasimius,CA,Sardegna,118070
M025,Villasor,CA,Sardegna,118071
M026,Villaspeciosa,CA,Sardegna,118072
M027,Villastellone,TO,Piemonte,001308
M028,Villata,VC,Piemonte,002164
M030,Villaurbana,OR,Sardegna,115085
M031,Villavallelonga,AQ,Abruzzo,066106
M032,Villaverla,VI,Veneto,024118
M363,Ville d'Anaunia,TN,Trentino-Alto Adige/Südtirol,022249
M431,Ville di Fiemme,TN,Trentino-Alto Adige/Südtirol,022254
L981,Villeneuve,AO,Valle d'Aosta/Vallée d'Aoste,007074
M043,Villesse,GO,Friuli-Venezia Giulia,031025
M041,Villetta Barrea,AQ,Abruzzo,066107
M042,Villette,VB,Piemonte,103076
M044,Villimpenta,MN,Lombardia,020068
M045,Villongo,BG,Lombardia,016242
M048,Villorba,TV,Veneto,026091
M050,Vilminore di Scalve,BG,Lombardia,016243
M052,Vimercate,MB,Lombardia,108050
M053,Vimodrone,MI,Lombardia,015242
M055,Vinadio,CN,Piemonte,004248
M057,Vinchiaturo,CB,Molise,070084
M058,Vinchio,AT,Piemonte,005120
M059,Vinci,FI,Toscana,048050
M060,Vinovo,TO,Piemonte,001309
M062,Vinzaglio,NO,Piemonte,003164
M063,Viola,CN,Piemonte,004249
M065,Vione,BS,Lombardia,017202
M067,Vipiteno,BZ,Trentino-Alto Adige/Südtirol,021115
M069,Virle Piemonte,TO,Piemonte,001310
M070,Visano,BS,Lombardia,017203
M071,Vische,TO,Piemonte,001311
M072,Visciano,,Campania,063088
M073,Visco,UD,Friuli-Venezia Giulia,030135
M077,Visone,AL,Piemonte,006187
M078,Visso,MC,Marche,043057
M079,Vistarino,PV,Lombardia,018181
M080,Vistrorio,TO,Piemonte,001312
M081,Vita,TP,Sicilia,081023
M082,Viterbo,VT,Lazio,056059
M083,Viticuso,FR,Lazio,060091
M085,Vito d'Asio,PN,Friuli-Venezia Giulia,093049
M086,Vitorchiano,VT,Lazio,056060
M088,Vittoria,RG,Sicilia,088012
M089,Vittorio Veneto,TV,Veneto,026092
M090,Vittorito,AQ,Abruzzo,066108
M091,Vittuone,MI,Lombardia,015243
M093,Vitulano,BN,Campania,062077
M092,Vitulazio,CE,Campania,061100
M096,Vivaro,PN,Friuli-Venezia Giulia,093050
M095,Vivaro Romano,RM,Lazio,058113
M098,Viverone,BI,Piemonte,096080
M100,Vizzini,CT,Sicilia,087054
M101,Vizzola Ticino,VA,Lombardia,012140
M102,Vizzolo Predabissi,MI,Lombardia,015244
M094,Viù,TO,Piemonte,001313
M103,Vo',PD,Veneto,028105
M104,Vobarno,BS,Lombardia,017204
M105,Vobbia,GE,Liguria,010066
M106,Vocca,VC,Piemonte,002166
M108,Vodo Cadore,BL,Veneto,025066
M109,Voghera,PV,Lombardia,018182
M110,Voghiera,FE,Emilia-Romagna,038023
M111,Vogogna,VB,Piemonte,103077
M113,Volano,TN,Trentino-Alto Adige/Südtirol,022224
M115,Volla,,Campania,063089
M116,Volongo,CR,Lombardia,019114
M118,Volpago del Montello,TV,Veneto,026093
M119,Volpara,PV,Lombardia,018183
M120,Volpedo,AL,Piemonte,006188
M121,Volpeglino,AL,Piemonte,006189
M122,Volpiano,TO,Piemonte,001314
M125,Volta Mantovana,MN,Lombardia,020070
M123,Voltaggio,AL,Piemonte,006190
M124,Voltago Agordino,BL,Veneto,025067
M126,Volterra,PI,Toscana,050039
M127,Voltido,CR,Lombardia,019115
M131,Volturara Appula,FG,Puglia,071061
M130,Volturara Irpina,AV,Campania,064119
M132,Volturino,FG,Puglia,071062
M133,Volvera,TO,Piemonte,001315
M136,Vottignasco,CN,Piemonte,004250
M138,Zaccanopoli,VV,Calabria,102048
M139,Zafferana Etnea,CT,Sicilia,087055
M140,Zagarise,CZ,Calabria,079157
M141,Zagarolo,RM,Lazio,058114
M143,Zambrone,VV,Calabria,102049
M144,Zandobbio,BG,Lombardia,016244
M147,Zanica,BG,Lombardia,016245
M145,Zanè,VI,Veneto,024119
M267,Zapponeta,FG,Puglia,071064
M150,Zavattarello,PV,Lombardia,018184
M152,Zeccone,PV,Lombardia,018185
M153,Zeddiani,OR,Sardegna,115086
M156,Zelbio,CO,Lombardia,013246
M158,Zelo Buon Persico,LO,Lombardia,098061
M161,Zeme,PV,Lombardia,018186
M162,Zenevredo,PV,Lombardia,018187
M163,Zenson di Piave,TV,Veneto,026094
M165,Zerba,PC,Emilia-Romagna,033047
M166,Zerbo,PV,Lombardia,018188
M167,Zerbolò,PV,Lombardia,018189
M168,Zerfaliu,OR,Sardegna,115087
M169,Zeri,MS,Toscana,045017
M170,Zermeghedo,VI,Veneto,024120
M171,Zero Branco,TV,Veneto,026095
M172,Zevio,VR,Veneto,023097
L848,Ziano Piacentino,PC,Emilia-Romagna,033048
M173,Ziano di Fiemme,TN,Trentino-Alto Adige/Südtirol,022226
M176,Zibido San Giacomo,MI,Lombardia,015247
M177,Zignago,SP,Liguria,011032
M178,Zimella,VR,Veneto,023098
M179,Zimone,BI,Piemonte,096081
M180,Zinasco,PV,Lombardia,018190
M182,Zoagli,GE,Liguria,010067
M183,Zocca,MO,Emilia-Romagna,036047
M184,Zogno,BG,Lombardia,016246
M185,Zola Predosa,BO,Emilia-Romagna,037060
M187,Zollino,LE,Puglia,075094
M188,Zone,BS,Lombardia,017205
M190,Zoppola,PN,Friuli-Venezia Giulia,093051
M189,Zoppè di Cadore,BL,Veneto,025069
M194,Zovencedo,VI,Veneto,024121
M196,Zubiena,BI,Piemonte,096082
M197,Zuccarello,SV,Liguria,009069
M199,Zugliano,VI,Veneto,024122
M200,Zuglio,UD,Friuli-Venezia Giulia,030136
M201,Zumaglia,BI,Piemonte,096083
M202,Zumpano,CS,Calabria,078155
M203,Zungoli,AV,Campania,064120
M204,Zungri,VV,Calabria,102050
F931,,TO,Piemonte,001168
